rep_index,old_ms,new_ms
0,0.0017999846022576094,0.13309999485500157
1,0.001300009898841381,0.1260999997612089
2,0.001200009137392044,0.1244999875780195
3,0.001100008375942707,0.12409998453222215
4,0.001100008375942707,0.12509999214671552
5,0.001100008375942707,0.12299997615627944
6,0.001100008375942707,0.12340000830590725
7,0.0010999792721122503,0.1218999968841672
8,0.001100008375942707,0.12199999764561653
9,0.001100008375942707,0.16289998893626034
10,0.0015999830793589354,0.1345000055152923
11,0.001200009137392044,0.12620000052265823
12,0.001400010660290718,0.12539999443106353
13,0.001100008375942707,0.12499999138526618
14,0.00100000761449337,0.12389998300932348
15,0.001100008375942707,0.12270000297576189
16,0.001100008375942707,0.12410001363605261
17,0.0010999792721122503,0.12330000754445791
18,0.001100008375942707,0.12209999840706587
19,0.00100000761449337,0.12360000982880592
20,0.0009999785106629133,0.12280000373721123
21,0.001100008375942707,0.12250000145286322
22,0.0009999785106629133,0.12240000069141388
23,0.001100008375942707,0.12479998986236751
24,0.001100008375942707,0.15899998834356666
25,0.001600012183189392,0.20669997320510447
26,0.002200016751885414,0.31629999284632504
27,0.002200016751885414,0.17399998614564538
28,0.001600012183189392,0.15499998698942363
29,0.0012999807950109243,0.1440000196453184
30,0.0012999807950109243,0.14210000517778099
31,0.001500011421740055,0.14080002438277006
32,0.0011999800335615873,0.1379000023007393
33,0.001300009898841381,0.13380000018514693
34,0.001100008375942707,0.18599999020807445
35,0.001500011421740055,0.14200000441633165
36,0.0009999785106629133,0.12240000069141388
37,0.001100008375942707,0.12099999003112316
38,0.001100008375942707,0.11969998013228178
39,0.00100000761449337,0.12700000661425292
40,0.0009999785106629133,0.27310001314617693
41,0.002400018274784088,0.17749998369254172
42,0.001400010660290718,0.14769998961128294
43,0.001200009137392044,0.13029997353442013
44,0.001200009137392044,0.12740000966005027
45,0.0010999792721122503,0.12519999290816486
46,0.001200009137392044,0.12760001118294895
47,0.001100008375942707,0.12969999806955457
48,0.001100008375942707,0.12969999806955457
49,0.0010999792721122503,0.12920002336613834
50,0.001100008375942707,0.13110000872984529
51,0.0010999792721122503,0.12579999747686088
52,0.001100008375942707,0.3648999845609069
53,0.00200001522898674,0.15209999401122332
54,0.0013999815564602613,0.14099999680183828
55,0.001100008375942707,0.12730000889860094
56,0.001100008375942707,0.12340000830590725
57,0.0010999792721122503,0.12179999612271786
58,0.001100008375942707,0.12499999138526618
59,0.001100008375942707,0.12169999536126852
60,0.001100008375942707,0.12169999536126852
61,0.0010999792721122503,0.12070001685060561
62,0.0009999785106629133,0.14479999663308263
63,0.001200009137392044,0.13800000306218863
64,0.0010999792721122503,0.13130001025274396
65,0.00100000761449337,0.12079998850822449
66,0.00100000761449337,0.12049998622387648
67,0.00100000761449337,0.12179999612271786
68,0.0010999792721122503,0.12110001989640296
69,0.00100000761449337,0.12169999536126852
70,0.001100008375942707,0.1283999881707132
71,0.001100008375942707,0.1218999968841672
72,0.001100008375942707,0.12110001989640296
73,0.0010999792721122503,0.1230000052601099
74,0.001100008375942707,0.12149999383836985
75,0.00100000761449337,0.1202999847009778
76,0.001100008375942707,0.1244999875780195
77,0.001100008375942707,0.12289997539483011
78,0.001100008375942707,0.1294999965466559
79,0.00100000761449337,0.13539998326450586
80,0.001300009898841381,0.13139998191036284
81,0.001100008375942707,0.13329999637790024
82,0.001100008375942707,0.1304999750573188
83,0.00100000761449337,0.13110000872984529
84,0.0011999800335615873,0.1317000132985413
85,0.0010999792721122503,0.13240001862868667
86,0.0010999792721122503,0.12589999823831022
87,0.001200009137392044,0.14940000255592167
88,0.0011999800335615873,0.14360001659952104
89,0.0011999800335615873,0.13050000416114926
90,0.001100008375942707,0.12260000221431255
91,0.001100008375942707,0.12350000906735659
92,0.0009999785106629133,0.13920001219958067
93,0.0011999800335615873,0.1249000197276473
94,0.0009999785106629133,0.12440001592040062
95,0.0010999792721122503,0.12350000906735659
96,0.00100000761449337,0.12409998453222215
97,0.00100000761449337,0.12289997539483011
98,0.001100008375942707,0.12199999764561653
99,0.001100008375942707,0.12339997920207679
100,0.00100000761449337,0.13000000035390258
101,0.001100008375942707,0.12480001896619797
102,0.0010999792721122503,0.12260000221431255
103,0.001100008375942707,0.12389998300932348
104,0.001100008375942707,0.12350000906735659
105,0.0010999792721122503,0.12400001287460327
106,0.0012999807950109243,0.12400001287460327
107,0.00100000761449337,0.1246000174432993
108,0.0011999800335615873,0.139000010676682
109,0.001100008375942707,0.12699997751042247
110,0.001100008375942707,0.12479998986236751
111,0.001200009137392044,0.12489999062381685
112,0.001100008375942707,0.12439998681657016
113,0.00100000761449337,0.12419998529367149
114,0.001200009137392044,0.1267999759875238
115,0.001100008375942707,0.13040000339969993
116,0.0010999792721122503,0.12780001270584762
117,0.001100008375942707,0.12429998605512083
118,0.001100008375942707,0.12359998072497547
119,0.001200009137392044,0.12429998605512083
120,0.001100008375942707,0.12569999671541154
121,0.0010999792721122503,0.125700025819242
122,0.001100008375942707,0.12400001287460327
123,0.001100008375942707,0.1345000055152923
124,0.0013999815564602613,0.13160001253709197
125,0.001100008375942707,0.12439998681657016
126,0.00100000761449337,0.12550002429634333
127,0.0011999800335615873,0.12470001820474863
128,0.00100000761449337,0.12430001515895128
129,0.001100008375942707,0.12169999536126852
130,0.001100008375942707,0.13349999790079892
131,0.001100008375942707,0.15720000374130905
132,0.0021999876480549574,0.18470000941306353
133,0.0012999807950109243,0.14410002040676773
134,0.0011999800335615873,0.13930001296103
135,0.0011999800335615873,0.12939999578520656
136,0.001100008375942707,0.13200001558288932
137,0.001100008375942707,0.1283999881707132
138,0.001200009137392044,0.13679999392479658
139,0.001100008375942707,0.1365999924018979
140,0.001200009137392044,0.13930001296103
141,0.001200009137392044,0.13899998157285154
142,0.001800013706088066,0.15659999917261302
143,0.001300009898841381,0.1416000013705343
144,0.001100008375942707,0.12429998605512083
145,0.00100000761449337,0.12499999138526618
146,0.001100008375942707,0.12250000145286322
147,0.001100008375942707,0.12229999992996454
148,0.001100008375942707,0.12229999992996454
149,0.001200009137392044,0.13190001482143998
150,0.001100008375942707,0.12350000906735659
151,0.0009999785106629133,0.12290000449866056
152,0.001100008375942707,0.1221999991685152
153,0.0010999792721122503,0.12400001287460327
154,0.0011999800335615873,0.12200002674944699
155,0.001200009137392044,0.12350000906735659
156,0.0010999792721122503,0.12420001439750195
157,0.0009999785106629133,0.12340000830590725
158,0.00100000761449337,0.12229999992996454
159,0.0009999785106629133,0.12149999383836985
160,0.001100008375942707,0.12209999840706587
161,0.00100000761449337,0.1236999814864248
162,0.001100008375942707,0.12409998453222215
163,0.001100008375942707,0.12310000602155924
164,0.0009999785106629133,0.12440001592040062
165,0.0010999792721122503,0.13120000949129462
166,0.001100008375942707,0.1244999875780195
167,0.00100000761449337,0.12209999840706587
168,0.0010999792721122503,0.12280000373721123
169,0.001100008375942707,0.12169999536126852
170,0.0010999792721122503,0.12199999764561653
171,0.00100000761449337,0.12370001059025526
172,0.0009999785106629133,0.12250000145286322
173,0.001100008375942707,0.12240000069141388
174,0.0009999785106629133,0.12100001913495362
175,0.0010999792721122503,0.12119999155402184
176,0.00100000761449337,0.12129999231547117
177,0.00100000761449337,0.13279999257065356
178,0.001200009137392044,0.15759997768327594
179,0.001400010660290718,0.12429998605512083
180,0.00100000761449337,0.12350000906735659
181,0.00100000761449337,0.13249999028630555
182,0.001200009137392044,0.12710000737570226
183,0.0010999792721122503,0.12390001211315393
184,0.0010999792721122503,0.12310000602155924
185,0.001100008375942707,0.1218999968841672
186,0.0009999785106629133,0.12120002065785229
187,0.0008999777492135763,0.12310000602155924
188,0.001100008375942707,0.12389998300932348
189,0.001100008375942707,0.12209999840706587
190,0.0009999785106629133,0.12330000754445791
191,0.001100008375942707,0.12290000449866056
192,0.00100000761449337,0.12090001837350428
193,0.001100008375942707,0.12280000373721123
194,0.001100008375942707,0.12139999307692051
195,0.0010999792721122503,0.14670001110062003
196,0.001100008375942707,0.12630000128410757
197,0.001100008375942707,0.12360000982880592
198,0.0011999800335615873,0.12400001287460327
199,0.0010999792721122503,0.12290000449866056
200,0.001100008375942707,0.12329997844062746
201,0.001100008375942707,0.12310000602155924
202,0.0010999792721122503,0.1221999991685152
203,0.001100008375942707,0.12229999992996454
204,0.001100008375942707,0.1218999968841672
205,0.0010999792721122503,0.12240000069141388
206,0.00100000761449337,0.12149999383836985
207,0.001100008375942707,0.12159999459981918
208,0.0010999792721122503,0.12700000661425292
209,0.001200009137392044,0.1244999875780195
210,0.00100000761449337,0.12260000221431255
211,0.00100000761449337,0.1230000052601099
212,0.00100000761449337,0.12229999992996454
213,0.00100000761449337,0.12440001592040062
214,0.001100008375942707,0.1221999991685152
215,0.001100008375942707,0.12179999612271786
216,0.0010999792721122503,0.1238000113517046
217,0.00100000761449337,0.12139999307692051
218,0.0010999792721122503,0.12280000373721123
219,0.00100000761449337,0.12229999992996454
220,0.0010999792721122503,0.12110001989640296
221,0.0010999792721122503,0.12100001913495362
222,0.0009999785106629133,0.12870001955889165
223,0.001200009137392044,0.12479998986236751
224,0.001100008375942707,0.12250000145286322
225,0.001200009137392044,0.20840001525357366
226,0.0037999998312443495,0.29429999995045364
227,0.001600012183189392,0.2798999776132405
228,0.0029999937396496534,0.17949999892152846
229,0.001400010660290718,0.14269998064264655
230,0.001200009137392044,0.14109999756328762
231,0.0011999800335615873,0.125400023534894
232,0.0011999800335615873,0.12290000449866056
233,0.001100008375942707,0.12119999155402184
234,0.00100000761449337,0.12390001211315393
235,0.001100008375942707,0.12499999138526618
236,0.0009999785106629133,0.12100001913495362
237,0.0009999785106629133,0.1309000072069466
238,0.001300009898841381,0.12509999214671552
239,0.0009999785106629133,0.12870001955889165
240,0.0009999785106629133,0.12959999730810523
241,0.001100008375942707,0.13619998935610056
242,0.0043000036384910345,0.13259999104775488
243,0.001100008375942707,0.13229998876340687
244,0.001100008375942707,0.12939999578520656
245,0.00100000761449337,0.12149999383836985
246,0.0009999785106629133,0.12020001304335892
247,0.00100000761449337,0.12009998317807913
248,0.001100008375942707,0.1191999763250351
249,0.001100008375942707,0.12630000128410757
250,0.001100008375942707,0.12079998850822449
251,0.00100000761449337,0.12000001152046025
252,0.00100000761449337,0.11900000390596688
253,0.00100000761449337,0.12050001532770693
254,0.001200009137392044,0.12099999003112316
255,0.001100008375942707,0.12159999459981918
256,0.001100008375942707,0.11850000009872019
257,0.0010999792721122503,0.12340000830590725
258,0.001100008375942707,0.12160002370364964
259,0.001100008375942707,0.11940000695176423
260,0.00100000761449337,0.11860000086016953
261,0.00100000761449337,0.11920000542886555
262,0.0009999785106629133,0.11860000086016953
263,0.00100000761449337,0.11950000771321356
264,0.0009999785106629133,0.11990001075901091
265,0.00100000761449337,0.12060001608915627
266,0.0014999823179095984,0.12350000906735659
267,0.00100000761449337,0.11939997784793377
268,0.00100000761449337,0.11940000695176423
269,0.0009999785106629133,0.205100019229576
270,0.002500019036233425,0.19419999443925917
271,0.0014999823179095984,0.14540000120177865
272,0.001300009898841381,0.1456999743822962
273,0.001300009898841381,0.13010000111535192
274,0.0010999792721122503,0.1246000174432993
275,0.0010999792721122503,0.12530002277344465
276,0.001100008375942707,0.12310000602155924
277,0.0009999785106629133,0.12250000145286322
278,0.00100000761449337,0.12159999459981918
279,0.001100008375942707,0.12119999155402184
280,0.001100008375942707,0.12169999536126852
281,0.0010999792721122503,0.1328999933321029
282,0.00100000761449337,0.12370001059025526
283,0.0010999792721122503,0.12110001989640296
284,0.001100008375942707,0.12100001913495362
285,0.00100000761449337,0.12020001304335892
286,0.00100000761449337,0.12060001608915627
287,0.0010999792721122503,0.1221999991685152
288,0.001100008375942707,0.12039998546242714
289,0.001200009137392044,0.11999998241662979
290,0.00100000761449337,0.11990001075901091
291,0.0010999792721122503,0.12070001685060561
292,0.00100000761449337,0.11990001075901091
293,0.0010999792721122503,0.15750000602565706
294,0.001200009137392044,0.12290000449866056
295,0.00100000761449337,0.12240000069141388
296,0.00100000761449337,0.12729997979477048
297,0.001400010660290718,0.1281999866478145
298,0.00100000761449337,0.1221999991685152
299,0.00100000761449337,0.1238000113517046
300,0.001100008375942707,0.12250000145286322
301,0.001100008375942707,0.12350000906735659
302,0.0010999792721122503,0.12240000069141388
303,0.001100008375942707,0.12199999764561653
304,0.001100008375942707,0.12019998393952847
305,0.001100008375942707,0.1218999968841672
306,0.0010999792721122503,0.12260000221431255
307,0.001100008375942707,0.12310000602155924
308,0.0010999792721122503,0.12179999612271786
309,0.001100008375942707,0.12179999612271786
310,0.00100000761449337,0.12240000069141388
311,0.00100000761449337,0.12410001363605261
312,0.0010999792721122503,0.1230000052601099
313,0.001100008375942707,0.13189998571760952
314,0.001100008375942707,0.12119999155402184
315,0.00100000761449337,0.12089998926967382
316,0.0010999792721122503,0.13130001025274396
317,0.001100008375942707,0.13329999637790024
318,0.0010999792721122503,0.13110000872984529
319,0.00100000761449337,0.1221999991685152
320,0.00100000761449337,0.12139999307692051
321,0.001100008375942707,0.12250000145286322
322,0.00100000761449337,0.12130002141930163
323,0.0010999792721122503,0.12199999764561653
324,0.001100008375942707,0.12280000373721123
325,0.0010999792721122503,0.12330000754445791
326,0.00100000761449337,0.12179999612271786
327,0.0010999792721122503,0.12350000906735659
328,0.001100008375942707,0.1255999959539622
329,0.0012999807950109243,0.12660000356845558
330,0.001100008375942707,0.12280000373721123
331,0.001100008375942707,0.12270000297576189
332,0.001100008375942707,0.12119999155402184
333,0.0009999785106629133,0.1238000113517046
334,0.001200009137392044,0.12419998529367149
335,0.001100008375942707,0.12240000069141388
336,0.001100008375942707,0.12099999003112316
337,0.001100008375942707,0.12089998926967382
338,0.001100008375942707,0.12489999062381685
339,0.001100008375942707,0.12169999536126852
340,0.00100000761449337,0.12329997844062746
341,0.001100008375942707,0.12379998224787414
342,0.001100008375942707,0.1674999948590994
343,0.0039000005926936865,0.2466999867465347
344,0.001600012183189392,0.15520001761615276
345,0.0011999800335615873,0.16720002167858183
346,0.001900014467537403,0.22679998073726892
347,0.00200001522898674,0.19489999976940453
348,0.001600012183189392,0.15549999079667032
349,0.001100008375942707,0.13599998783320189
350,0.001200009137392044,0.1275999820791185
351,0.001100008375942707,0.12429998605512083
352,0.001100008375942707,0.12740000966005027
353,0.00100000761449337,0.12459998833946884
354,0.001100008375942707,0.12360000982880592
355,0.0009999785106629133,0.12589999823831022
356,0.001100008375942707,0.12330000754445791
357,0.0009999785106629133,0.12760001118294895
358,0.0010999792721122503,0.12630000128410757
359,0.001100008375942707,0.16500000492669642
360,0.002200016751885414,0.24999998277053237
361,0.0025999906938523054,0.2384000108577311
362,0.0013999815564602613,0.14570000348612666
363,0.001200009137392044,0.12829998740926385
364,0.001100008375942707,0.12499999138526618
365,0.001100008375942707,0.12639997294172645
366,0.00100000761449337,0.12810001499019563
367,0.001100008375942707,0.12569999671541154
368,0.001100008375942707,0.12270000297576189
369,0.0009999785106629133,0.12020001304335892
370,0.0010999792721122503,0.12170002446509898
371,0.00100000761449337,0.12209999840706587
372,0.001200009137392044,0.11920000542886555
373,0.0010999792721122503,0.1204000145662576
374,0.0010999792721122503,0.12890002108179033
375,0.0009999785106629133,0.12350000906735659
376,0.001100008375942707,0.12049998622387648
377,0.001100008375942707,0.12169999536126852
378,0.0009999785106629133,0.12030001380480826
379,0.0010999792721122503,0.12020001304335892
380,0.00100000761449337,0.11979998089373112
381,0.00100000761449337,0.12119999155402184
382,0.00100000761449337,0.12549999519251287
383,0.0010999792721122503,0.12209999840706587
384,0.00100000761449337,0.12010001228190958
385,0.001100008375942707,0.12030001380480826
386,0.0010999792721122503,0.11910000466741621
387,0.001100008375942707,0.1202999847009778
388,0.00100000761449337,0.11809999705292284
389,0.0011999800335615873,0.11900000390596688
390,0.001200009137392044,0.12290000449866056
391,0.0011999800335615873,0.1249000197276473
392,0.00100000761449337,0.1218999968841672
393,0.00100000761449337,0.11999998241662979
394,0.00100000761449337,0.12089998926967382
395,0.00100000761449337,0.12010001228190958
396,0.00100000761449337,0.11970000923611224
397,0.0010999792721122503,0.1196000084746629
398,0.00100000761449337,0.1677999971434474
399,0.0012999807950109243,0.12510002125054598
400,0.001100008375942707,0.12099999003112316
401,0.00100000761449337,0.11940000695176423
402,0.0009999785106629133,0.11970000923611224
403,0.000900006853044033,0.11969998013228178
404,0.001100008375942707,0.1202999847009778
405,0.001100008375942707,0.12330000754445791
406,0.0010999792721122503,0.13349999790079892
407,0.001200009137392044,0.15839998377487063
408,0.001400010660290718,0.12799998512491584
409,0.00100000761449337,0.1196000084746629
410,0.00100000761449337,0.11980000999756157
411,0.0010999792721122503,0.12070001685060561
412,0.0009999785106629133,0.12080001761205494
413,0.0011999800335615873,0.11920000542886555
414,0.001100008375942707,0.12739998055621982
415,0.00100000761449337,0.11910000466741621
416,0.0009999785106629133,0.11920000542886555
417,0.00100000761449337,0.11839999933727086
418,0.0009999785106629133,0.11950000771321356
419,0.00100000761449337,0.11759999324567616
420,0.0010999792721122503,0.1215000229422003
421,0.00100000761449337,0.12139999307692051
422,0.00100000761449337,0.12569999671541154
423,0.00100000761449337,0.12240000069141388
424,0.001100008375942707,0.11890000314451754
425,0.00100000761449337,0.11909997556358576
426,0.001100008375942707,0.12050001532770693
427,0.00100000761449337,0.12169999536126852
428,0.00100000761449337,0.11950000771321356
429,0.00100000761449337,0.11890000314451754
430,0.00100000761449337,0.12849998893216252
431,0.001100008375942707,0.12129999231547117
432,0.0010999792721122503,0.12080001761205494
433,0.0009999785106629133,0.12120002065785229
434,0.001100008375942707,0.12070001685060561
435,0.00100000761449337,0.11980000999756157
436,0.0009999785106629133,0.11890000314451754
437,0.001100008375942707,0.11799999629147351
438,0.00100000761449337,0.12319997767917812
439,0.001400010660290718,0.12469998910091817
440,0.001100008375942707,0.12059998698532581
441,0.00100000761449337,0.11999998241662979
442,0.00100000761449337,0.12069998774677515
443,0.000900006853044033,0.11930000619031489
444,0.0010999792721122503,0.12000001152046025
445,0.00100000761449337,0.11989998165518045
446,0.001100008375942707,0.11900000390596688
447,0.0009999785106629133,0.22190000163391232
448,0.0020999868866056204,0.15969999367371202
449,0.001300009898841381,0.13470000703819096
450,0.0011999800335615873,0.12710000737570226
451,0.005399982910603285,0.12410001363605261
452,0.0010999792721122503,0.12550002429634333
453,0.001100008375942707,0.12760001118294895
454,0.0011999800335615873,0.13470000703819096
455,0.001200009137392044,0.13040000339969993
456,0.001100008375942707,0.13010000111535192
457,0.0010999792721122503,0.12140002218075097
458,0.0010999792721122503,0.1230000052601099
459,0.001100008375942707,0.13010000111535192
460,0.001100008375942707,0.12340000830590725
461,0.0009999785106629133,0.11910000466741621
462,0.00100000761449337,0.12209999840706587
463,0.0009999785106629133,0.24670001585036516
464,0.0021999876480549574,0.1711999939288944
465,0.001300009898841381,0.14029999147169292
466,0.0011999800335615873,0.13610001769848168
467,0.0011999800335615873,0.1348000077996403
468,0.001200009137392044,0.13699999544769526
469,0.0010999792721122503,0.13190001482143998
470,0.0010999792721122503,0.1398000167682767
471,0.0010999792721122503,0.1275000104214996
472,0.00100000761449337,0.12199999764561653
473,0.00100000761449337,0.12989999959245324
474,0.001200009137392044,0.12349997996352613
475,0.00100000761449337,0.12000001152046025
476,0.00100000761449337,0.11970000923611224
477,0.0010999792721122503,0.12070001685060561
478,0.0009999785106629133,0.12100001913495362
479,0.0009999785106629133,0.11980000999756157
480,0.00100000761449337,0.12060001608915627
481,0.001100008375942707,0.12049998622387648
482,0.001100008375942707,0.12009998317807913
483,0.00100000761449337,0.11799999629147351
484,0.0009999785106629133,0.12020001304335892
485,0.001200009137392044,0.11990001075901091
486,0.00100000761449337,0.12099999003112316
487,0.001100008375942707,0.11829999857582152
488,0.0009999785106629133,0.11970000923611224
489,0.00100000761449337,0.12739998055621982
490,0.001400010660290718,0.12329997844062746
491,0.00100000761449337,0.12000001152046025
492,0.00100000761449337,0.12020001304335892
493,0.0010999792721122503,0.11950000771321356
494,0.001100008375942707,0.11909997556358576
495,0.00100000761449337,0.11990001075901091
496,0.0009999785106629133,0.11870000162161887
497,0.001100008375942707,0.11929997708648443
498,0.001100008375942707,0.12050001532770693
499,0.00100000761449337,0.12090001837350428
500,0.00100000761449337,0.12159999459981918
501,0.001100008375942707,0.18929998623207211
502,0.0035999983083456755,0.26780000189319253
503,0.0015999830793589354,0.15480001457035542
504,0.001200009137392044,0.135600013891235
505,0.001400010660290718,0.1297999988310039
506,0.001200009137392044,0.13109997962601483
507,0.001100008375942707,0.12670000432990491
508,0.001100008375942707,0.12989999959245324
509,0.001200009137392044,0.12670000432990491
510,0.001200009137392044,0.12859998969361186
511,0.001100008375942707,0.12620000052265823
512,0.00100000761449337,0.16949998098425567
513,0.001600012183189392,0.1309999788645655
514,0.001100008375942707,0.12240000069141388
515,0.0010999792721122503,0.16930000856518745
516,0.0013999815564602613,0.14280001050792634
517,0.001200009137392044,0.1260999997612089
518,0.001100008375942707,0.12280000373721123
519,0.00100000761449337,0.12169999536126852
520,0.0010999792721122503,0.11970000923611224
521,0.00100000761449337,0.11979998089373112
522,0.00100000761449337,0.12039998546242714
523,0.00100000761449337,0.12099999003112316
524,0.00100000761449337,0.12089998926967382
525,0.00100000761449337,0.12919999426230788
526,0.00100000761449337,0.12130002141930163
527,0.0010999792721122503,0.11990001075901091
528,0.00100000761449337,0.12050001532770693
529,0.001100008375942707,0.12079998850822449
530,0.001100008375942707,0.12130002141930163
531,0.0010999792721122503,0.12250000145286322
532,0.001100008375942707,0.12119999155402184
533,0.00100000761449337,0.1202999847009778
534,0.001100008375942707,0.12149999383836985
535,0.00100000761449337,0.12059998698532581
536,0.00100000761449337,0.1210999907925725
537,0.001100008375942707,0.11939997784793377
538,0.001100008375942707,0.1221999991685152
539,0.0010999792721122503,0.12120002065785229
540,0.0009999785106629133,0.12100001913495362
541,0.0010999792721122503,0.12780001270584762
542,0.0011999800335615873,0.12740000966005027
543,0.00100000761449337,0.12229999992996454
544,0.001100008375942707,0.12280000373721123
545,0.00100000761449337,0.12149999383836985
546,0.0010999792721122503,0.1336999994236976
547,0.001100008375942707,0.13349999790079892
548,0.001100008375942707,0.13190001482143998
549,0.001200009137392044,0.12620000052265823
550,0.00100000761449337,0.12310000602155924
551,0.0010999792721122503,0.12100001913495362
552,0.0010999792721122503,0.12209999840706587
553,0.000900006853044033,0.12129999231547117
554,0.001100008375942707,0.12119999155402184
555,0.00100000761449337,0.13000000035390258
556,0.0010999792721122503,0.1249000197276473
557,0.00100000761449337,0.1221999991685152
558,0.001100008375942707,0.1236999814864248
559,0.001100008375942707,0.12419998529367149
560,0.00100000761449337,0.12360000982880592
561,0.00100000761449337,0.12169999536126852
562,0.001100008375942707,0.12169999536126852
563,0.001100008375942707,0.12260000221431255
564,0.001100008375942707,0.1218999968841672
565,0.001100008375942707,0.12349997996352613
566,0.00100000761449337,0.12270000297576189
567,0.001100008375942707,0.1210999907925725
568,0.0010999792721122503,0.12250000145286322
569,0.00100000761449337,0.12399998377077281
570,0.00100000761449337,0.12179999612271786
571,0.00100000761449337,0.1294999965466559
572,0.0010999792721122503,0.1238000113517046
573,0.001100008375942707,0.12299997615627944
574,0.00100000761449337,0.12330000754445791
575,0.0009999785106629133,0.1230000052601099
576,0.00100000761449337,0.12329997844062746
577,0.001100008375942707,0.12270000297576189
578,0.0010999792721122503,0.12170002446509898
579,0.00100000761449337,0.14620000729337335
580,0.0011999800335615873,0.13620001845993102
581,0.0012999807950109243,0.1317000132985413
582,0.0011999800335615873,0.12939999578520656
583,0.001100008375942707,0.1314000110141933
584,0.0010999792721122503,0.13210001634433866
585,0.0009999785106629133,0.13100000796839595
586,0.001100008375942707,0.14250000822357833
587,0.001200009137392044,0.12729997979477048
588,0.001100008375942707,0.12280000373721123
589,0.0009999785106629133,0.1230000052601099
590,0.00100000761449337,0.12129999231547117
591,0.001100008375942707,0.12349997996352613
592,0.001100008375942707,0.12310000602155924
593,0.00100000761449337,0.12489999062381685
594,0.001200009137392044,0.15109998639672995
595,0.002100015990436077,0.15669999993406236
596,0.0010999792721122503,0.12700000661425292
597,0.001100008375942707,0.1238000113517046
598,0.00100000761449337,0.12389998300932348
599,0.00100000761449337,0.12539999443106353
600,0.001100008375942707,0.12389998300932348
601,0.00100000761449337,0.12270000297576189
602,0.0009999785106629133,0.1314000110141933
603,0.0010999792721122503,0.12520002201199532
604,0.00100000761449337,0.12280000373721123
605,0.001100008375942707,0.12329997844062746
606,0.00100000761449337,0.12250000145286322
607,0.0010999792721122503,0.12280000373721123
608,0.001100008375942707,0.12339997920207679
609,0.00100000761449337,0.12229999992996454
610,0.00100000761449337,0.12260000221431255
611,0.001200009137392044,0.12390001211315393
612,0.0010999792721122503,0.12250000145286322
613,0.00100000761449337,0.12260000221431255
614,0.0009999785106629133,0.1230000052601099
615,0.00100000761449337,0.12280000373721123
616,0.00100000761449337,0.12310000602155924
617,0.0011999800335615873,0.12100001913495362
618,0.0010999792721122503,0.13130001025274396
619,0.001100008375942707,0.12499999138526618
620,0.0010999792721122503,0.1230000052601099
621,0.00100000761449337,0.12330000754445791
622,0.001100008375942707,0.12229999992996454
623,0.00100000761449337,0.12229999992996454
624,0.0010999792721122503,0.1221999991685152
625,0.001100008375942707,0.12260000221431255
626,0.0009999785106629133,0.12209999840706587
627,0.001100008375942707,0.12199999764561653
628,0.001100008375942707,0.12199999764561653
629,0.0009999785106629133,0.12229999992996454
630,0.001100008375942707,0.12139999307692051
631,0.001100008375942707,0.12129999231547117
632,0.0009999785106629133,0.12060001608915627
633,0.0010999792721122503,0.1215000229422003
634,0.001100008375942707,0.13190001482143998
635,0.0010999792721122503,0.17240000306628644
636,0.0014999823179095984,0.12780001270584762
637,0.001100008375942707,0.12379998224787414
638,0.001100008375942707,0.12439998681657016
639,0.00100000761449337,0.12290000449866056
640,0.001100008375942707,0.12310000602155924
641,0.001100008375942707,0.13150001177564263
642,0.001200009137392044,0.13419997412711382
643,0.001100008375942707,0.12909999350085855
644,0.001100008375942707,0.12359998072497547
645,0.00100000761449337,0.12330000754445791
646,0.0009999785106629133,0.12240000069141388
647,0.00100000761449337,0.12270000297576189
648,0.0009999785106629133,0.12209999840706587
649,0.00100000761449337,0.13040000339969993
650,0.0011999800335615873,0.1230000052601099
651,0.00100000761449337,0.12209999840706587
652,0.0010999792721122503,0.12370001059025526
653,0.001100008375942707,0.12209999840706587
654,0.0009999785106629133,0.12110001989640296
655,0.001100008375942707,0.12330000754445791
656,0.0009999785106629133,0.12370001059025526
657,0.00100000761449337,0.12289997539483011
658,0.001100008375942707,0.12250000145286322
659,0.001100008375942707,0.12309997691772878
660,0.001100008375942707,0.12419998529367149
661,0.00100000761449337,0.12159999459981918
662,0.001100008375942707,0.1218999968841672
663,0.0011999800335615873,0.12240000069141388
664,0.00100000761449337,0.12389998300932348
665,0.001200009137392044,0.13050000416114926
666,0.0009999785106629133,0.12410001363605261
667,0.001100008375942707,0.12209999840706587
668,0.000900006853044033,0.12159999459981918
669,0.00100000761449337,0.1218999968841672
670,0.00100000761449337,0.12319997767917812
671,0.001100008375942707,0.1210999907925725
672,0.001100008375942707,0.12139999307692051
673,0.00100000761449337,0.12199999764561653
674,0.0011999800335615873,0.1230000052601099
675,0.00100000761449337,0.1210999907925725
676,0.00100000761449337,0.12209999840706587
677,0.001100008375942707,0.12169999536126852
678,0.00100000761449337,0.12199999764561653
679,0.001100008375942707,0.12129999231547117
680,0.0009999785106629133,0.1221999991685152
681,0.00100000761449337,0.12660000356845558
682,0.0011999800335615873,0.12410001363605261
683,0.0010999792721122503,0.12229999992996454
684,0.00100000761449337,0.12270000297576189
685,0.0010999792721122503,0.12080001761205494
686,0.0010999792721122503,0.1221999991685152
687,0.001100008375942707,0.1218999968841672
688,0.001200009137392044,0.12389998300932348
689,0.00100000761449337,0.12620000052265823
690,0.0011999800335615873,0.16429999959655106
691,0.001300009898841381,0.13719999697059393
692,0.0011999800335615873,0.13210001634433866
693,0.0009999785106629133,0.1230000052601099
694,0.001100008375942707,0.12209999840706587
695,0.0009999785106629133,0.12400001287460327
696,0.001100008375942707,0.1221999991685152
697,0.001100008375942707,0.1294999965466559
698,0.001100008375942707,0.2518999972380698
699,0.002700020559132099,0.2269999822601676
700,0.0018999853637069464,0.1477000187151134
701,0.0010999792721122503,0.13930001296103
702,0.0011999800335615873,0.14300001203082502
703,0.0011999800335615873,0.12650000280700624
704,0.001200009137392044,0.1236999814864248
705,0.001100008375942707,0.12280000373721123
706,0.00100000761449337,0.12419998529367149
707,0.001100008375942707,0.12519999290816486
708,0.0010999792721122503,0.13410000246949494
709,0.001100008375942707,0.12630000128410757
710,0.0009999785106629133,0.12310000602155924
711,0.00100000761449337,0.12229999992996454
712,0.0009999785106629133,0.12260000221431255
713,0.001200009137392044,0.12339997920207679
714,0.001100008375942707,0.12139999307692051
715,0.00100000761449337,0.12089998926967382
716,0.00100000761449337,0.12119999155402184
717,0.001100008375942707,0.12059998698532581
718,0.001100008375942707,0.12209999840706587
719,0.0009999785106629133,0.12030001380480826
720,0.0010999792721122503,0.12240000069141388
721,0.00100000761449337,0.1210999907925725
722,0.001100008375942707,0.1218999968841672
723,0.0009999785106629133,0.12209999840706587
724,0.00100000761449337,0.12790001346729696
725,0.001200009137392044,0.13150001177564263
726,0.0009999785106629133,0.12240000069141388
727,0.00100000761449337,0.12359998072497547
728,0.00100000761449337,0.12350000906735659
729,0.0009999785106629133,0.12140002218075097
730,0.001100008375942707,0.12139999307692051
731,0.00100000761449337,0.12149999383836985
732,0.000900006853044033,0.12139999307692051
733,0.00100000761449337,0.12089998926967382
734,0.00100000761449337,0.1315999834332615
735,0.001200009137392044,0.155699992319569
736,0.0017999846022576094,0.15589999384246767
737,0.001200009137392044,0.12760001118294895
738,0.00100000761449337,0.13180001405999064
739,0.001200009137392044,0.13100000796839595
740,0.0010999792721122503,0.15460001304745674
741,0.0012999807950109243,0.13410000246949494
742,0.001100008375942707,0.13649999164044857
743,0.001100008375942707,0.13089997810311615
744,0.00100000761449337,0.12270000297576189
745,0.00100000761449337,0.12489999062381685
746,0.0010999792721122503,0.1647000026423484
747,0.001300009898841381,0.1385999785270542
748,0.00100000761449337,0.12700000661425292
749,0.0010999792721122503,0.12599999899975955
750,0.00100000761449337,0.1294999965466559
751,0.001300009898841381,0.1289999927394092
752,0.0009999785106629133,0.12500002048909664
753,0.0011999800335615873,0.12320000678300858
754,0.00100000761449337,0.12260000221431255
755,0.001100008375942707,0.12290000449866056
756,0.001100008375942707,0.12269997387193143
757,0.001100008375942707,0.12229999992996454
758,0.001100008375942707,0.1244999875780195
759,0.00100000761449337,0.12149999383836985
760,0.0010999792721122503,0.1230000052601099
761,0.001100008375942707,0.12270000297576189
762,0.0009999785106629133,0.12140002218075097
763,0.00100000761449337,0.12240000069141388
764,0.001100008375942707,0.1221999991685152
765,0.0009999785106629133,0.12310000602155924
766,0.00100000761449337,0.12849998893216252
767,0.001300009898841381,0.12980002793483436
768,0.00100000761449337,0.1230000052601099
769,0.0010999792721122503,0.12190002598799765
770,0.00100000761449337,0.12340000830590725
771,0.0009999785106629133,0.12350000906735659
772,0.001100008375942707,0.12250000145286322
773,0.001100008375942707,0.12290000449866056
774,0.001100008375942707,0.12179999612271786
775,0.0010999792721122503,0.12120002065785229
776,0.001100008375942707,0.12179999612271786
777,0.001100008375942707,0.12320000678300858
778,0.0010999792721122503,0.12209999840706587
779,0.001100008375942707,0.12290000449866056
780,0.0009999785106629133,0.12260000221431255
781,0.001100008375942707,0.12729997979477048
782,0.001100008375942707,0.15969999367371202
783,0.001400010660290718,0.14659998123534024
784,0.00100000761449337,0.12399998377077281
785,0.00100000761449337,0.12310000602155924
786,0.0010999792721122503,0.12120002065785229
787,0.00100000761449337,0.12670000432990491
788,0.001100008375942707,0.12170002446509898
789,0.0010999792721122503,0.1221999991685152
790,0.001100008375942707,0.1230000052601099
791,0.0010999792721122503,0.12499999138526618
792,0.001100008375942707,0.12270000297576189
793,0.00100000761449337,0.12170002446509898
794,0.0010999792721122503,0.12370001059025526
795,0.0010999792721122503,0.12110001989640296
796,0.0009999785106629133,0.12140002218075097
797,0.00100000761449337,0.12229999992996454
798,0.00100000761449337,0.13139998191036284
799,0.001100008375942707,0.12769998284056783
800,0.001100008375942707,0.12399998377077281
801,0.001100008375942707,0.12320000678300858
802,0.0010999792721122503,0.12159999459981918
803,0.00100000761449337,0.1210999907925725
804,0.00100000761449337,0.12169999536126852
805,0.001100008375942707,0.12329997844062746
806,0.001100008375942707,0.1230000052601099
807,0.0009999785106629133,0.12370001059025526
808,0.00100000761449337,0.12179999612271786
809,0.0010999792721122503,0.12280000373721123
810,0.001100008375942707,0.12139999307692051
811,0.001100008375942707,0.12190002598799765
812,0.00100000761449337,0.12889999197795987
813,0.001100008375942707,0.12539999443106353
814,0.001100008375942707,0.12459998833946884
815,0.001100008375942707,0.12250000145286322
816,0.001100008375942707,0.12340000830590725
817,0.0009999785106629133,0.12290000449866056
818,0.00100000761449337,0.1218999968841672
819,0.0010999792721122503,0.12210002751089633
820,0.00100000761449337,0.12159999459981918
821,0.001100008375942707,0.1230000052601099
822,0.001100008375942707,0.12630000128410757
823,0.001100008375942707,0.16979998326860368
824,0.006299989763647318,0.4315999976824969
825,0.0022999884095042944,0.4036999889649451
826,0.0028999929782003164,0.22489999537356198
827,0.002200016751885414,0.15969999367371202
828,0.0011999800335615873,0.3313000197522342
829,0.002400018274784088,0.1755000266712159
830,0.001600012183189392,0.14779999037273228
831,0.001200009137392044,0.13299999409355223
832,0.001100008375942707,0.1278999843634665
833,0.001200009137392044,0.12779998360201716
834,0.001100008375942707,0.12599999899975955
835,0.0009999785106629133,0.12650000280700624
836,0.001100008375942707,0.12569999671541154
837,0.0010999792721122503,0.12520002201199532
838,0.0009999785106629133,0.12660000356845558
839,0.00100000761449337,0.34989998675882816
840,0.0020999868866056204,0.15400000847876072
841,0.0012999807950109243,0.1330000231973827
842,0.001100008375942707,0.14970000484026968
843,0.0011999800335615873,0.13530001160688698
844,0.001100008375942707,0.12309997691772878
845,0.00100000761449337,0.1286999904550612
846,0.001200009137392044,0.13279999257065356
847,0.001300009898841381,0.13189998571760952
848,0.00100000761449337,0.12659997446462512
849,0.001100008375942707,0.1328999933321029
850,0.001200009137392044,0.1427999814040959
851,0.001200009137392044,0.1328999933321029
852,0.001100008375942707,0.13189998571760952
853,0.001200009137392044,0.13390000094659626
854,0.001300009898841381,0.13460000627674162
855,0.010100018698722124,0.14349998673424125
856,0.001300009898841381,0.1351999817416072
857,0.001200009137392044,0.13199998647905886
858,0.001100008375942707,0.13470000703819096
859,0.001100008375942707,0.1348000077996403
860,0.0010999792721122503,0.13780000153928995
861,0.001300009898841381,0.13539998326450586
862,0.001100008375942707,0.12229999992996454
863,0.00100000761449337,0.1260999997612089
864,0.001200009137392044,0.13050000416114926
865,0.0011999800335615873,0.14470002497546375
866,0.001300009898841381,0.1385000068694353
867,0.0010999792721122503,0.13440000475384295
868,0.001200009137392044,0.12889999197795987
869,0.00100000761449337,0.1320999872405082
870,0.001100008375942707,0.1336999994236976
871,0.001100008375942707,0.13000000035390258
872,0.001100008375942707,0.12670000432990491
873,0.001200009137392044,0.1345000055152923
874,0.0011999800335615873,0.13630001922138035
875,0.0011999800335615873,0.14429999282583594
876,0.00100000761449337,0.13339999713934958
877,0.001300009898841381,0.13299999409355223
878,0.0010999792721122503,0.1351000100839883
879,0.001100008375942707,0.14480002573691308
880,0.001300009898841381,0.1362999901175499
881,0.001100008375942707,0.13329999637790024
882,0.001100008375942707,0.1328999933321029
883,0.0010999792721122503,0.13729999773204327
884,0.001100008375942707,0.13329999637790024
885,0.001200009137392044,0.13339999713934958
886,0.001200009137392044,0.13380000018514693
887,0.001200009137392044,0.13010000111535192
888,0.001100008375942707,0.14579997514374554
889,0.001200009137392044,0.1340000017080456
890,0.0010999792721122503,0.13390000094659626
891,0.001100008375942707,0.13339999713934958
892,0.00100000761449337,0.1218999968841672
893,0.0009999785106629133,0.12140002218075097
894,0.001100008375942707,0.13230001786723733
895,0.001200009137392044,0.12469998910091817
896,0.001100008375942707,0.12229999992996454
897,0.00100000761449337,0.12079998850822449
898,0.00100000761449337,0.12309997691772878
899,0.00100000761449337,0.12209999840706587
900,0.001100008375942707,0.12210002751089633
901,0.001200009137392044,0.12400001287460327
902,0.00100000761449337,0.12270000297576189
903,0.00100000761449337,0.12270000297576189
904,0.001100008375942707,0.12270000297576189
905,0.001100008375942707,0.12069998774677515
906,0.001100008375942707,0.12139999307692051
907,0.0011999800335615873,0.12229999992996454
908,0.00100000761449337,0.13130001025274396
909,0.001100008375942707,0.12430001515895128
910,0.00100000761449337,0.12760001118294895
911,0.0011999800335615873,0.15249999705702066
912,0.002100015990436077,0.1839999749790877
913,0.001300009898841381,0.14369998825713992
914,0.001300009898841381,0.1315999834332615
915,0.001100008375942707,0.12409998453222215
916,0.00100000761449337,0.12409998453222215
917,0.001100008375942707,0.12330000754445791
918,0.0010999792721122503,0.12650000280700624
919,0.001100008375942707,0.12399998377077281
920,0.00100000761449337,0.12209999840706587
921,0.00100000761449337,0.12100001913495362
922,0.0009999785106629133,0.12510002125054598
923,0.0009999785106629133,0.1331999956164509
924,0.001100008375942707,0.12459998833946884
925,0.00100000761449337,0.12240000069141388
926,0.0010999792721122503,0.12330000754445791
927,0.00100000761449337,0.12339997920207679
928,0.001100008375942707,0.12280000373721123
929,0.0011999800335615873,0.12090001837350428
930,0.0010999792721122503,0.12090001837350428
931,0.0010999792721122503,0.12140002218075097
932,0.000900006853044033,0.12149999383836985
933,0.001100008375942707,0.12209999840706587
934,0.000900006853044033,0.1221999991685152
935,0.001100008375942707,0.12240000069141388
936,0.001100008375942707,0.1221999991685152
937,0.0009999785106629133,0.1218999968841672
938,0.00100000761449337,0.12290000449866056
939,0.0009999785106629133,0.13100000796839595
940,0.001100008375942707,0.12439998681657016
941,0.001100008375942707,0.12119999155402184
942,0.001100008375942707,0.1215000229422003
943,0.0010999792721122503,0.12169999536126852
944,0.00100000761449337,0.12209999840706587
945,0.00100000761449337,0.12479998986236751
946,0.00100000761449337,0.12099999003112316
947,0.0010999792721122503,0.12120002065785229
948,0.0009999785106629133,0.12100001913495362
949,0.001100008375942707,0.12070001685060561
950,0.00100000761449337,0.1230000052601099
951,0.00100000761449337,0.12049998622387648
952,0.001100008375942707,0.12099999003112316
953,0.001100008375942707,0.12139999307692051
954,0.0009999785106629133,0.12330000754445791
955,0.001100008375942707,0.12929999502375722
956,0.0010999792721122503,0.12480001896619797
957,0.0010999792721122503,0.12000001152046025
958,0.001100008375942707,0.13930001296103
959,0.001200009137392044,0.13729999773204327
960,0.001200009137392044,0.13100000796839595
961,0.0011999800335615873,0.12280000373721123
962,0.001100008375942707,0.12059998698532581
963,0.001100008375942707,0.12250000145286322
964,0.0009999785106629133,0.12100001913495362
965,0.0010999792721122503,0.1230000052601099
966,0.001200009137392044,0.12119999155402184
967,0.0010999792721122503,0.12330000754445791
968,0.00100000761449337,0.12099999003112316
969,0.001100008375942707,0.12859998969361186
970,0.001100008375942707,0.12269997387193143
971,0.001100008375942707,0.12310000602155924
972,0.0009999785106629133,0.12250000145286322
973,0.00100000761449337,0.13410000246949494
974,0.0010999792721122503,0.12650000280700624
975,0.00100000761449337,0.17369998386129737
976,0.001300009898841381,0.13609998859465122
977,0.001100008375942707,0.12549999519251287
978,0.0010999792721122503,0.12340000830590725
979,0.00100000761449337,0.1236999814864248
980,0.001100008375942707,0.12280000373721123
981,0.0009999785106629133,0.12199999764561653
982,0.001100008375942707,0.1317999849561602
983,0.001100008375942707,0.12360000982880592
984,0.001100008375942707,0.12119999155402184
985,0.001100008375942707,0.12039998546242714
986,0.00100000761449337,0.12139999307692051
987,0.001100008375942707,0.12169999536126852
988,0.00100000761449337,0.1218999968841672
989,0.0010999792721122503,0.1238000113517046
990,0.0010999792721122503,0.12310000602155924
991,0.00100000761449337,0.1218999968841672
992,0.001100008375942707,0.12249997234903276
993,0.001100008375942707,0.1218999968841672
994,0.00100000761449337,0.12339997920207679
995,0.00100000761449337,0.12119999155402184
996,0.00100000761449337,0.12179999612271786
997,0.00100000761449337,0.1221999991685152
998,0.00100000761449337,0.12919999426230788
999,0.001100008375942707,0.12310000602155924
1000,0.0010999792721122503,0.12110001989640296
1001,0.00100000761449337,0.12159999459981918
1002,0.00100000761449337,0.12340000830590725
1003,0.00100000761449337,0.12199999764561653
1004,0.00100000761449337,0.12240000069141388
1005,0.0009999785106629133,0.12080001761205494
1006,0.0009999785106629133,0.1314000110141933
1007,0.0011999800335615873,0.13550001312978566
1008,0.0011999800335615873,0.12850001803599298
1009,0.0009999785106629133,0.12310000602155924
1010,0.001100008375942707,0.12049998622387648
1011,0.00100000761449337,0.1202999847009778
1012,0.001100008375942707,0.12069998774677515
1013,0.001100008375942707,0.12209999840706587
1014,0.0009999785106629133,0.1296000264119357
1015,0.001100008375942707,0.12250000145286322
1016,0.001100008375942707,0.12389998300932348
1017,0.00100000761449337,0.12139999307692051
1018,0.00100000761449337,0.12069998774677515
1019,0.001100008375942707,0.12059998698532581
1020,0.00100000761449337,0.12059998698532581
1021,0.00100000761449337,0.12089998926967382
1022,0.001100008375942707,0.12089998926967382
1023,0.0009999785106629133,0.12120002065785229
1024,0.0009999785106629133,0.12090001837350428
1025,0.0010999792721122503,0.12290000449866056
1026,0.00100000761449337,0.1218999968841672
1027,0.0009999785106629133,0.12270000297576189
1028,0.000900006853044033,0.12159999459981918
1029,0.001100008375942707,0.12250000145286322
1030,0.001100008375942707,0.12859998969361186
1031,0.001200009137392044,0.28810001094825566
1032,0.002100015990436077,0.17409998690709472
1033,0.001300009898841381,0.14169997302815318
1034,0.001200009137392044,0.13689999468624592
1035,0.001200009137392044,0.1388999808114022
1036,0.001100008375942707,0.12370001059025526
1037,0.001100008375942707,0.12250000145286322
1038,0.001100008375942707,0.12399998377077281
1039,0.00100000761449337,0.12329997844062746
1040,0.001100008375942707,0.12280000373721123
1041,0.0010999792721122503,0.1215000229422003
1042,0.0010999792721122503,0.13210001634433866
1043,0.0010999792721122503,0.12410001363605261
1044,0.0009999785106629133,0.12160002370364964
1045,0.00100000761449337,0.12209999840706587
1046,0.00100000761449337,0.12429998605512083
1047,0.00100000761449337,0.12179999612271786
1048,0.0010999792721122503,0.12400001287460327
1049,0.001100008375942707,0.12169999536126852
1050,0.0011999800335615873,0.12159999459981918
1051,0.001100008375942707,0.12169999536126852
1052,0.00100000761449337,0.1264000020455569
1053,0.0011999800335615873,0.13359999866224825
1054,0.001200009137392044,0.1354999840259552
1055,0.001100008375942707,0.12119999155402184
1056,0.00100000761449337,0.12270000297576189
1057,0.00100000761449337,0.12129999231547117
1058,0.001100008375942707,0.12909999350085855
1059,0.001100008375942707,0.12399998377077281
1060,0.00100000761449337,0.12389998300932348
1061,0.001100008375942707,0.12129999231547117
1062,0.00100000761449337,0.12159999459981918
1063,0.001100008375942707,0.12159999459981918
1064,0.0009999785106629133,0.12070001685060561
1065,0.0009999785106629133,0.12250000145286322
1066,0.001100008375942707,0.1221999991685152
1067,0.0010999792721122503,0.12220002827234566
1068,0.00100000761449337,0.12290000449866056
1069,0.00100000761449337,0.1236999814864248
1070,0.00100000761449337,0.1221999991685152
1071,0.0009999785106629133,0.1215000229422003
1072,0.00100000761449337,0.12539999443106353
1073,0.001100008375942707,0.12209999840706587
1074,0.00100000761449337,0.12850001803599298
1075,0.0010999792721122503,0.1246000174432993
1076,0.0009999785106629133,0.1218999968841672
1077,0.001100008375942707,0.12169999536126852
1078,0.00100000761449337,0.12129999231547117
1079,0.001100008375942707,0.12019998393952847
1080,0.001100008375942707,0.12199999764561653
1081,0.0009999785106629133,0.12060001608915627
1082,0.0009999785106629133,0.12390001211315393
1083,0.00100000761449337,0.12399998377077281
1084,0.000900006853044033,0.12240000069141388
1085,0.0009999785106629133,0.12240000069141388
1086,0.001100008375942707,0.12149999383836985
1087,0.00100000761449337,0.12119999155402184
1088,0.0010999792721122503,0.1283000165130943
1089,0.0010999792721122503,0.12569999671541154
1090,0.00100000761449337,0.1221999991685152
1091,0.00100000761449337,0.12229999992996454
1092,0.00100000761449337,0.12159999459981918
1093,0.001100008375942707,0.16500000492669642
1094,0.0011999800335615873,0.12430001515895128
1095,0.0010999792721122503,0.12330000754445791
1096,0.00100000761449337,0.12179999612271786
1097,0.0009999785106629133,0.12280000373721123
1098,0.001100008375942707,0.12280000373721123
1099,0.0010999792721122503,0.12159999459981918
1100,0.00100000761449337,0.1362999901175499
1101,0.001100008375942707,0.14249997911974788
1102,0.001400010660290718,0.1385000068694353
1103,0.0010999792721122503,0.12240000069141388
1104,0.001100008375942707,0.12240000069141388
1105,0.0010999792721122503,0.12140002218075097
1106,0.00100000761449337,0.12199999764561653
1107,0.001100008375942707,0.12209999840706587
1108,0.0010999792721122503,0.12260000221431255
1109,0.00100000761449337,0.12370001059025526
1110,0.00100000761449337,0.12199999764561653
1111,0.001100008375942707,0.12209999840706587
1112,0.0010999792721122503,0.12270000297576189
1113,0.001100008375942707,0.12049998622387648
1114,0.001100008375942707,0.12159999459981918
1115,0.001100008375942707,0.1210999907925725
1116,0.00100000761449337,0.1218999968841672
1117,0.00100000761449337,0.12780001270584762
1118,0.0012999807950109243,0.12510002125054598
1119,0.001100008375942707,0.12290000449866056
1120,0.000900006853044033,0.12260000221431255
1121,0.001100008375942707,0.12079998850822449
1122,0.001100008375942707,0.12250000145286322
1123,0.00100000761449337,0.12270000297576189
1124,0.001100008375942707,0.12119999155402184
1125,0.00100000761449337,0.12179999612271786
1126,0.00100000761449337,0.12180002522654831
1127,0.00100000761449337,0.12350000906735659
1128,0.00100000761449337,0.1221999991685152
1129,0.00100000761449337,0.12199999764561653
1130,0.00100000761449337,0.12149999383836985
1131,0.00100000761449337,0.12779998360201716
1132,0.001200009137392044,0.1255999959539622
1133,0.0009999785106629133,0.12169999536126852
1134,0.000900006853044033,0.12169999536126852
1135,0.00100000761449337,0.1221999991685152
1136,0.0009999785106629133,0.12170002446509898
1137,0.001100008375942707,0.12290000449866056
1138,0.000900006853044033,0.12249997234903276
1139,0.001200009137392044,0.1218999968841672
1140,0.001100008375942707,0.1221999991685152
1141,0.0010999792721122503,0.12199999764561653
1142,0.001100008375942707,0.12370001059025526
1143,0.0010999792721122503,0.12169999536126852
1144,0.00100000761449337,0.12209999840706587
1145,0.001100008375942707,0.13309999485500157
1146,0.0010999792721122503,0.12430001515895128
1147,0.0009999785106629133,0.12579999747686088
1148,0.001300009898841381,0.13100000796839595
1149,0.001100008375942707,0.13349999790079892
1150,0.001100008375942707,0.1312999811489135
1151,0.001100008375942707,0.12199999764561653
1152,0.00100000761449337,0.12270000297576189
1153,0.001100008375942707,0.12030001380480826
1154,0.0010999792721122503,0.12070001685060561
1155,0.0009999785106629133,0.12270000297576189
1156,0.001100008375942707,0.2610999799799174
1157,0.005999987479299307,0.31480001052841544
1158,0.0016999838408082724,0.1821999903768301
1159,0.001500011421740055,0.1531000016257167
1160,0.0012999807950109243,0.13990001752972603
1161,0.001200009137392044,0.13190001482143998
1162,0.001100008375942707,0.12660000356845558
1163,0.001100008375942707,0.1244999875780195
1164,0.001100008375942707,0.12409998453222215
1165,0.001100008375942707,0.12419998529367149
1166,0.001100008375942707,0.12579999747686088
1167,0.0010999792721122503,0.12070001685060561
1168,0.0009999785106629133,0.1309000072069466
1169,0.001200009137392044,0.12349997996352613
1170,0.00100000761449337,0.12240000069141388
1171,0.0010999792721122503,0.12180002522654831
1172,0.00100000761449337,0.12139999307692051
1173,0.001100008375942707,0.12179999612271786
1174,0.00100000761449337,0.12179999612271786
1175,0.0009999785106629133,0.12060001608915627
1176,0.0010999792721122503,0.1272000081371516
1177,0.001100008375942707,0.12389998300932348
1178,0.001100008375942707,0.12139999307692051
1179,0.00100000761449337,0.12049998622387648
1180,0.001100008375942707,0.1202999847009778
1181,0.00100000761449337,0.11959997937083244
1182,0.001100008375942707,0.11930000619031489
1183,0.0009999785106629133,0.12060001608915627
1184,0.0010999792721122503,0.1246000174432993
1185,0.0011999800335615873,0.12370001059025526
1186,0.0010999792721122503,0.11839999933727086
1187,0.001100008375942707,0.12049998622387648
1188,0.001100008375942707,0.12129999231547117
1189,0.001100008375942707,0.12019998393952847
1190,0.001100008375942707,0.13749999925494194
1191,0.0013999815564602613,0.1272000081371516
1192,0.00100000761449337,0.12959999730810523
1193,0.0011999800335615873,0.1345000055152923
1194,0.001100008375942707,0.13149998267181218
1195,0.001200009137392044,0.13020000187680125
1196,0.0010999792721122503,0.12850001803599298
1197,0.0010999792721122503,0.12110001989640296
1198,0.001100008375942707,0.12119999155402184
1199,0.00100000761449337,0.11970000923611224
1200,0.0009999785106629133,0.12670000432990491
1201,0.001100008375942707,0.12240000069141388
1202,0.00100000761449337,0.12020001304335892
1203,0.0009999785106629133,0.12050001532770693
1204,0.0009999785106629133,0.11950000771321356
1205,0.001100008375942707,0.1416000013705343
1206,0.001300009898841381,0.13040000339969993
1207,0.0011999800335615873,0.12360000982880592
1208,0.00100000761449337,0.1582999830134213
1209,0.001300009898841381,0.13679999392479658
1210,0.0011999800335615873,0.128800020320341
1211,0.0009999785106629133,0.12240000069141388
1212,0.00100000761449337,0.12059998698532581
1213,0.00100000761449337,0.12159999459981918
1214,0.000900006853044033,0.11959997937083244
1215,0.00100000761449337,0.1210999907925725
1216,0.00100000761449337,0.13080000644549727
1217,0.0010999792721122503,0.11970000923611224
1218,0.0009999785106629133,0.12330000754445791
1219,0.00100000761449337,0.12009998317807913
1220,0.001100008375942707,0.11980000999756157
1221,0.00100000761449337,0.1204000145662576
1222,0.0009999785106629133,0.1204000145662576
1223,0.0010999792721122503,0.12110001989640296
1224,0.00100000761449337,0.12110001989640296
1225,0.001100008375942707,0.11860000086016953
1226,0.00100000761449337,0.11799999629147351
1227,0.0009999785106629133,0.11970000923611224
1228,0.00100000761449337,0.14559997362084687
1229,0.001300009898841381,0.13380000018514693
1230,0.001100008375942707,0.12589999823831022
1231,0.000900006853044033,0.12139999307692051
1232,0.00100000761449337,0.13440000475384295
1233,0.0011999800335615873,0.13130001025274396
1234,0.001100008375942707,0.13069997658021748
1235,0.001200009137392044,0.1309000072069466
1236,0.0011999800335615873,0.1343000039923936
1237,0.001100008375942707,0.1286999904550612
1238,0.0010999792721122503,0.12860001879744232
1239,0.0010999792721122503,0.13729999773204327
1240,0.001100008375942707,0.13259999104775488
1241,0.001100008375942707,0.1309000072069466
1242,0.001100008375942707,0.13050000416114926
1243,0.001100008375942707,0.12580002658069134
1244,0.00100000761449337,0.12310000602155924
1245,0.001100008375942707,0.12030001380480826
1246,0.00100000761449337,0.11989998165518045
1247,0.000900006853044033,0.11969998013228178
1248,0.00100000761449337,0.12000001152046025
1249,0.0010999792721122503,0.12020001304335892
1250,0.0009999785106629133,0.12030001380480826
1251,0.00100000761449337,0.12580002658069134
1252,0.001100008375942707,0.12089998926967382
1253,0.00100000761449337,0.12119999155402184
1254,0.00100000761449337,0.11990001075901091
1255,0.00100000761449337,0.11970000923611224
1256,0.0009999785106629133,0.11950000771321356
1257,0.000900006853044033,0.11989998165518045
1258,0.00100000761449337,0.12069998774677515
1259,0.00100000761449337,0.12919999426230788
1260,0.001200009137392044,0.12260000221431255
1261,0.00100000761449337,0.12090001837350428
1262,0.00100000761449337,0.12199999764561653
1263,0.001100008375942707,0.12209999840706587
1264,0.0009999785106629133,0.11970000923611224
1265,0.001100008375942707,0.12019998393952847
1266,0.000900006853044033,0.12209999840706587
1267,0.0010999792721122503,0.12400001287460327
1268,0.00100000761449337,0.12339997920207679
1269,0.001100008375942707,0.12009998317807913
1270,0.00100000761449337,0.12209999840706587
1271,0.001200009137392044,0.12270000297576189
1272,0.00100000761449337,0.12179999612271786
1273,0.001100008375942707,0.12320000678300858
1274,0.001100008375942707,0.12340000830590725
1275,0.0010999792721122503,0.1789000234566629
1276,0.001500011421740055,0.1807000080589205
1277,0.0013999815564602613,0.14760001795366406
1278,0.001300009898841381,0.1449999981559813
1279,0.001100008375942707,0.14009998994879425
1280,0.0010999792721122503,0.14910000027157366
1281,0.001100008375942707,0.13589998707175255
1282,0.000900006853044033,0.12229999992996454
1283,0.00100000761449337,0.12280000373721123
1284,0.002100015990436077,0.11939997784793377
1285,0.00100000761449337,0.12069998774677515
1286,0.00100000761449337,0.12079998850822449
1287,0.00100000761449337,0.13040000339969993
1288,0.0011999800335615873,0.28830001247115433
1289,0.00300002284348011,0.18409997574053705
1290,0.001400010660290718,0.13609998859465122
1291,0.001200009137392044,0.12909999350085855
1292,0.001200009137392044,0.12429998605512083
1293,0.00100000761449337,0.12159999459981918
1294,0.0009999785106629133,0.12120002065785229
1295,0.0009999785106629133,0.12330000754445791
1296,0.001100008375942707,0.1246000174432993
1297,0.0010999792721122503,0.12190002598799765
1298,0.00100000761449337,0.12159999459981918
1299,0.001100008375942707,0.1314000110141933
1300,0.001100008375942707,0.12209999840706587
1301,0.001100008375942707,0.12059998698532581
1302,0.001100008375942707,0.12169999536126852
1303,0.0009999785106629133,0.12070001685060561
1304,0.0009999785106629133,0.12020001304335892
1305,0.00100000761449337,0.11989998165518045
1306,0.00100000761449337,0.12019998393952847
1307,0.00100000761449337,0.11980000999756157
1308,0.00100000761449337,0.11950000771321356
1309,0.0009999785106629133,0.11990001075901091
1310,0.000900006853044033,0.12019998393952847
1311,0.000900006853044033,0.11890000314451754
1312,0.0009999785106629133,0.1204000145662576
1313,0.0009999785106629133,0.12140002218075097
1314,0.00100000761449337,0.12000001152046025
1315,0.0009999785106629133,0.12929999502375722
1316,0.00100000761449337,0.12290000449866056
1317,0.00100000761449337,0.1283000165130943
1318,0.0011999800335615873,0.12470001820474863
1319,0.0009999785106629133,0.11900000390596688
1320,0.001100008375942707,0.11900000390596688
1321,0.0009999785106629133,0.12050001532770693
1322,0.0009999785106629133,0.12120002065785229
1323,0.001100008375942707,0.12010001228190958
1324,0.0009999785106629133,0.16820000018924475
1325,0.001300009898841381,0.13309999485500157
1326,0.0010999792721122503,0.12510002125054598
1327,0.0010999792721122503,0.12199999764561653
1328,0.001100008375942707,0.12039998546242714
1329,0.00100000761449337,0.12099999003112316
1330,0.00100000761449337,0.12119999155402184
1331,0.00100000761449337,0.12919999426230788
1332,0.0010999792721122503,0.12200002674944699
1333,0.001200009137392044,0.12169999536126852
1334,0.001200009137392044,0.13269999180920422
1335,0.001100008375942707,0.15869998605921865
1336,0.001200009137392044,0.12359998072497547
1337,0.00100000761449337,0.12139999307692051
1338,0.00100000761449337,0.1210999907925725
1339,0.00100000761449337,0.12039998546242714
1340,0.001100008375942707,0.12079998850822449
1341,0.001100008375942707,0.11979998089373112
1342,0.001200009137392044,0.11930000619031489
1343,0.00100000761449337,0.12169999536126852
1344,0.00100000761449337,0.12179999612271786
1345,0.001100008375942707,0.11939997784793377
1346,0.00100000761449337,0.12509999214671552
1347,0.001500011421740055,0.12389998300932348
1348,0.001100008375942707,0.12059998698532581
1349,0.00100000761449337,0.12099999003112316
1350,0.00100000761449337,0.1188000023830682
1351,0.001100008375942707,0.12010001228190958
1352,0.0010999792721122503,0.11910000466741621
1353,0.00100000761449337,0.12260000221431255
1354,0.00100000761449337,0.12360000982880592
1355,0.0010999792721122503,0.12270000297576189
1356,0.00100000761449337,0.12399998377077281
1357,0.001200009137392044,0.12260000221431255
1358,0.001100008375942707,0.12119999155402184
1359,0.0010999792721122503,0.12170002446509898
1360,0.001100008375942707,0.12240000069141388
1361,0.001200009137392044,0.13109997962601483
1362,0.001100008375942707,0.12399998377077281
1363,0.00100000761449337,0.12310000602155924
1364,0.0009999785106629133,0.12179999612271786
1365,0.00100000761449337,0.12099999003112316
1366,0.00100000761449337,0.12310000602155924
1367,0.0010999792721122503,0.12209999840706587
1368,0.00100000761449337,0.12159999459981918
1369,0.001100008375942707,0.1221999991685152
1370,0.0009999785106629133,0.12260000221431255
1371,0.001100008375942707,0.12250000145286322
1372,0.0010999792721122503,0.1221999991685152
1373,0.001100008375942707,0.12330000754445791
1374,0.0011999800335615873,0.12969999806955457
1375,0.001500011421740055,0.12660000356845558
1376,0.001100008375942707,0.12340000830590725
1377,0.0010999792721122503,0.12400001287460327
1378,0.001100008375942707,0.12289997539483011
1379,0.00100000761449337,0.12179999612271786
1380,0.001100008375942707,0.12169999536126852
1381,0.0009999785106629133,0.12270000297576189
1382,0.001100008375942707,0.12989999959245324
1383,0.0012999807950109243,0.2708999963942915
1384,0.002100015990436077,0.15860001440159976
1385,0.001200009137392044,0.13860000763088465
1386,0.001200009137392044,0.1446999958716333
1387,0.0011999800335615873,0.15150001854635775
1388,0.0012999807950109243,0.13600001693703234
1389,0.0011999800335615873,0.13000000035390258
1390,0.001100008375942707,0.13649999164044857
1391,0.001100008375942707,0.13499998021870852
1392,0.001100008375942707,0.13499998021870852
1393,0.001200009137392044,0.13269999180920422
1394,0.001200009137392044,0.13269999180920422
1395,0.001100008375942707,0.13609998859465122
1396,0.001100008375942707,0.1385000068694353
1397,0.001300009898841381,0.2739999908953905
1398,0.0035999983083456755,0.1858999894466251
1399,0.001600012183189392,0.15180002083070576
1400,0.0012999807950109243,0.14069999451749027
1401,0.001300009898841381,0.13329999637790024
1402,0.001100008375942707,0.1315999834332615
1403,0.001100008375942707,0.12419998529367149
1404,0.00100000761449337,0.12149999383836985
1405,0.001200009137392044,0.12269997387193143
1406,0.00100000761449337,0.12270000297576189
1407,0.0010999792721122503,0.1204000145662576
1408,0.00100000761449337,0.12129999231547117
1409,0.0010999792721122503,0.1218999968841672
1410,0.001100008375942707,0.13040000339969993
1411,0.0011999800335615873,0.12430001515895128
1412,0.0009999785106629133,0.12240000069141388
1413,0.001100008375942707,0.1230000052601099
1414,0.0010999792721122503,0.12310000602155924
1415,0.001100008375942707,0.12519999290816486
1416,0.00100000761449337,0.12270000297576189
1417,0.001100008375942707,0.12280000373721123
1418,0.0010999792721122503,0.12939999578520656
1419,0.001200009137392044,0.12509999214671552
1420,0.001100008375942707,0.12340000830590725
1421,0.001100008375942707,0.1269000058528036
1422,0.0010999792721122503,0.1249000197276473
1423,0.0009999785106629133,0.12320000678300858
1424,0.00100000761449337,0.12660000356845558
1425,0.001200009137392044,0.13349999790079892
1426,0.001100008375942707,0.28089998522773385
1427,0.0023999891709536314,0.1604999997653067
1428,0.001400010660290718,0.1385999785270542
1429,0.001300009898841381,0.1328999933321029
1430,0.001100008375942707,0.12969999806955457
1431,0.0010999792721122503,0.1255999959539622
1432,0.001100008375942707,0.1260999997612089
1433,0.0010999792721122503,0.1894000160973519
1434,0.0011999800335615873,0.1401000190526247
1435,0.0011999800335615873,0.13650002074427903
1436,0.001200009137392044,0.29039999935775995
1437,0.0016999838408082724,0.14750001719221473
1438,0.0011999800335615873,0.14509999891743064
1439,0.001100008375942707,0.12699997751042247
1440,0.001100008375942707,0.12370001059025526
1441,0.00100000761449337,0.12350000906735659
1442,0.0010999792721122503,0.12350000906735659
1443,0.001100008375942707,0.12260000221431255
1444,0.001200009137392044,0.1221999991685152
1445,0.001100008375942707,0.12339997920207679
1446,0.001200009137392044,0.13199998647905886
1447,0.001200009137392044,0.1264000020455569
1448,0.00100000761449337,0.12270000297576189
1449,0.001100008375942707,0.12410001363605261
1450,0.00100000761449337,0.12240000069141388
1451,0.001100008375942707,0.12289997539483011
1452,0.001100008375942707,0.1230000052601099
1453,0.0010999792721122503,0.12370001059025526
1454,0.001100008375942707,0.13020000187680125
1455,0.001100008375942707,0.12330000754445791
1456,0.0009999785106629133,0.12730000889860094
1457,0.001200009137392044,0.12309997691772878
1458,0.001100008375942707,0.12199999764561653
1459,0.001100008375942707,0.12199999764561653
1460,0.0010999792721122503,0.12130002141930163
1461,0.001100008375942707,0.12119999155402184
1462,0.001100008375942707,0.1281999866478145
1463,0.001100008375942707,0.12290000449866056
1464,0.0009999785106629133,0.12180002522654831
1465,0.001100008375942707,0.12330000754445791
1466,0.0010999792721122503,0.12170002446509898
1467,0.001200009137392044,0.14849999570287764
1468,0.001200009137392044,0.14519999967887998
1469,0.0012999807950109243,0.20929999300278723
1470,0.0025999906938523054,0.2350000140722841
1471,0.0015999830793589354,0.14519999967887998
1472,0.001200009137392044,0.13269999180920422
1473,0.001100008375942707,0.13350002700462937
1474,0.001100008375942707,0.12810001499019563
1475,0.00100000761449337,0.12650000280700624
1476,0.001100008375942707,0.12649997370317578
1477,0.001100008375942707,0.13000000035390258
1478,0.001100008375942707,0.12459998833946884
1479,0.001100008375942707,0.12480001896619797
1480,0.0011999800335615873,0.12730000889860094
1481,0.001200009137392044,0.32140000257641077
1482,0.002200016751885414,0.1703999878372997
1483,0.0014999823179095984,0.13600001693703234
1484,0.0012999807950109243,0.12840001727454364
1485,0.001100008375942707,0.12440001592040062
1486,0.0009999785106629133,0.12169999536126852
1487,0.00100000761449337,0.12829998740926385
1488,0.001200009137392044,0.1351000100839883
1489,0.001400010660290718,0.1908999984152615
1490,0.0015999830793589354,0.1508000132162124
1491,0.0012999807950109243,0.14110002666711807
1492,0.001100008375942707,0.13540001236833632
1493,0.0010999792721122503,0.13329999637790024
1494,0.001200009137392044,0.13359999866224825
1495,0.0010999792721122503,0.13230001786723733
1496,0.0011999800335615873,0.142400007462129
1497,0.001300009898841381,0.13479997869580984
1498,0.001200009137392044,0.13440000475384295
1499,0.001100008375942707,0.13230001786723733
1500,0.001100008375942707,0.13550001312978566
1501,0.001200009137392044,0.13230001786723733
1502,0.001100008375942707,0.135600013891235
1503,0.001100008375942707,0.13749999925494194
1504,0.001400010660290718,0.1380999747198075
1505,0.001200009137392044,0.13410000246949494
1506,0.0011999800335615873,0.14410002040676773
1507,0.002200016751885414,0.1534000039100647
1508,0.0012999807950109243,0.13689999468624592
1509,0.001300009898841381,0.2103000006172806
1510,0.0034999975468963385,0.21700002253055573
1511,0.001600012183189392,0.15219999477267265
1512,0.001200009137392044,0.14019999071024358
1513,0.0012999807950109243,0.13470000703819096
1514,0.001200009137392044,0.13869997928850353
1515,0.001100008375942707,0.13500000932253897
1516,0.00100000761449337,0.1419000036548823
1517,0.0013999815564602613,0.13550001312978566
1518,0.001100008375942707,0.1346999779343605
1519,0.001200009137392044,0.13639999087899923
1520,0.001400010660290718,0.13869997928850353
1521,0.001200009137392044,0.3087999939452857
1522,0.0020999868866056204,0.33650000113993883
1523,0.0024999899324029684,0.23129998589865863
1524,0.001400010660290718,0.15399997937493026
1525,0.001300009898841381,0.13979998766444623
1526,0.001300009898841381,0.1343000039923936
1527,0.0011999800335615873,0.14640000881627202
1528,0.0011999800335615873,0.13810000382363796
1529,0.001200009137392044,0.15589999384246767
1530,0.0010999792721122503,0.1351000100839883
1531,0.001200009137392044,0.1304999750573188
1532,0.001100008375942707,0.1314000110141933
1533,0.001100008375942707,0.13110000872984529
1534,0.0009999785106629133,0.1852000132203102
1535,0.001200009137392044,0.13950001448392868
1536,0.0012999807950109243,0.132200017105788
1537,0.0010999792721122503,0.1314000110141933
1538,0.001100008375942707,0.14549997285939753
1539,0.001200009137392044,0.2902999985963106
1540,0.0028999929782003164,0.1700999855529517
1541,0.001400010660290718,0.1475999888498336
1542,0.001300009898841381,0.1409000251442194
1543,0.001400010660290718,0.14620000729337335
1544,0.0011999800335615873,0.13460000627674162
1545,0.001100008375942707,0.13279999257065356
1546,0.0010999792721122503,0.4107000131625682
1547,0.0019999861251562834,0.1601999974809587
1548,0.001500011421740055,0.22829999215900898
1549,0.002300017513334751,0.18499998259358108
1550,0.001600012183189392,0.14789999113418162
1551,0.001300009898841381,0.1382000045850873
1552,0.001200009137392044,0.1323999895248562
1553,0.001100008375942707,0.13229998876340687
1554,0.001200009137392044,0.13219998800195754
1555,0.001200009137392044,0.1331999956164509
1556,0.0011999800335615873,0.13080000644549727
1557,0.001100008375942707,0.13299999409355223
1558,0.0010999792721122503,0.13200001558288932
1559,0.0010999792721122503,0.15150001854635775
1560,0.001200009137392044,0.13970001600682735
1561,0.001200009137392044,0.1314000110141933
1562,0.0010999792721122503,0.1309000072069466
1563,0.001100008375942707,0.2185999765060842
1564,0.0028999929782003164,0.23400000645779073
1565,0.0021999876480549574,0.16560000949539244
1566,0.0014999823179095984,0.1576000067871064
1567,0.0013999815564602613,0.1404000213369727
1568,0.001100008375942707,0.13500000932253897
1569,0.0010999792721122503,0.1317000132985413
1570,0.0011999800335615873,0.13040000339969993
1571,0.001100008375942707,0.13729999773204327
1572,0.0013999815564602613,0.13689999468624592
1573,0.001100008375942707,0.13020000187680125
1574,0.0011999800335615873,0.13210001634433866
1575,0.0009999785106629133,0.1296000264119357
1576,0.001300009898841381,0.1309000072069466
1577,0.0010999792721122503,0.13050000416114926
1578,0.001100008375942707,0.13169998419471085
1579,0.001100008375942707,0.13909998233430088
1580,0.001100008375942707,0.13139998191036284
1581,0.001100008375942707,0.12939999578520656
1582,0.001200009137392044,0.1312999811489135
1583,0.001100008375942707,0.13010000111535192
1584,0.0011999800335615873,0.12950002565048635
1585,0.001100008375942707,0.1303000026382506
1586,0.001100008375942707,0.23469998268410563
1587,0.0029999937396496534,0.3201999934390187
1588,0.0023999891709536314,0.2624999906402081
1589,0.0026999914553016424,0.24870000197552145
1590,0.001600012183189392,0.21319999359548092
1591,0.002500019036233425,0.17779998597688973
1592,0.001500011421740055,0.15419998089782894
1593,0.001600012183189392,0.1441999920643866
1594,0.0012999807950109243,0.13699999544769526
1595,0.001100008375942707,0.1345000055152923
1596,0.0011999800335615873,0.14370001736097038
1597,0.0011999800335615873,0.13359999866224825
1598,0.001100008375942707,0.13259999104775488
1599,0.001100008375942707,0.13169998419471085
1600,0.001100008375942707,0.13249999028630555
1601,0.001100008375942707,0.13249999028630555
1602,0.001200009137392044,0.13460000627674162
1603,0.001200009137392044,0.1388999808114022
1604,0.001200009137392044,0.1340000017080456
1605,0.0011999800335615873,0.13120000949129462
1606,0.001200009137392044,0.13079997734166682
1607,0.001300009898841381,0.1306000049225986
1608,0.001200009137392044,0.13100000796839595
1609,0.0010999792721122503,0.1297999988310039
1610,0.001200009137392044,0.13020000187680125
1611,0.0010999792721122503,0.13749999925494194
1612,0.001200009137392044,0.1317000132985413
1613,0.001200009137392044,0.13040000339969993
1614,0.001100008375942707,0.13010000111535192
1615,0.001200009137392044,0.13050000416114926
1616,0.0010999792721122503,0.1303000026382506
1617,0.001100008375942707,0.12769998284056783
1618,0.001100008375942707,0.1382000045850873
1619,0.0012999807950109243,0.13620001845993102
1620,0.0011999800335615873,0.13080000644549727
1621,0.001100008375942707,0.1289999927394092
1622,0.0010999792721122503,0.13110000872984529
1623,0.001100008375942707,0.13069997658021748
1624,0.001100008375942707,0.1294999965466559
1625,0.001200009137392044,0.12860001879744232
1626,0.0010999792721122503,0.34359999699518085
1627,0.002300017513334751,0.18660002388060093
1628,0.001400010660290718,0.14650000957772136
1629,0.0011999800335615873,0.13580001541413367
1630,0.0010999792721122503,0.13689999468624592
1631,0.001200009137392044,0.16830000095069408
1632,0.0014999823179095984,0.13770000077784061
1633,0.001200009137392044,0.1328999933321029
1634,0.001200009137392044,0.13219998800195754
1635,0.0011999800335615873,0.13190001482143998
1636,0.001200009137392044,0.13150001177564263
1637,0.001200009137392044,0.1304999750573188
1638,0.001100008375942707,0.13080000644549727
1639,0.0011999800335615873,0.13870000839233398
1640,0.0011999800335615873,0.13180001405999064
1641,0.0011999800335615873,0.13020000187680125
1642,0.001200009137392044,0.13169998419471085
1643,0.001100008375942707,0.1289999927394092
1644,0.001200009137392044,0.13040000339969993
1645,0.0010999792721122503,0.13020000187680125
1646,0.001100008375942707,0.13719999697059393
1647,0.0010999792721122503,0.13040000339969993
1648,0.001200009137392044,0.1328999933321029
1649,0.0011999800335615873,0.13150001177564263
1650,0.001100008375942707,0.13149998267181218
1651,0.001200009137392044,0.13089997810311615
1652,0.001200009137392044,0.13120000949129462
1653,0.0011999800335615873,0.12969999806955457
1654,0.001100008375942707,0.14029999147169292
1655,0.001300009898841381,0.13349999790079892
1656,0.0012999807950109243,0.12969999806955457
1657,0.001200009137392044,0.13010000111535192
1658,0.0010999792721122503,0.1297999988310039
1659,0.001100008375942707,0.13119998038746417
1660,0.001100008375942707,0.1297999988310039
1661,0.001200009137392044,0.1388999808114022
1662,0.001200009137392044,0.1331999956164509
1663,0.0011999800335615873,0.15430001076310873
1664,0.001200009137392044,0.13280002167448401
1665,0.0011999800335615873,0.1317000132985413
1666,0.0010999792721122503,0.13860000763088465
1667,0.001100008375942707,0.13259999104775488
1668,0.0010999792721122503,0.2895000216085464
1669,0.0032999960239976645,0.19200000679120421
1670,0.0015999830793589354,0.15090001397766173
1671,0.0011999800335615873,0.14250000822357833
1672,0.001200009137392044,0.13749999925494194
1673,0.001100008375942707,0.13580001541413367
1674,0.001200009137392044,0.13440000475384295
1675,0.0011999800335615873,0.1382000045850873
1676,0.001100008375942707,0.1351999817416072
1677,0.001200009137392044,0.1357999863103032
1678,0.001100008375942707,0.1438999897800386
1679,0.001500011421740055,0.13780000153928995
1680,0.001100008375942707,0.13279999257065356
1681,0.001100008375942707,0.13199998647905886
1682,0.001100008375942707,0.12919999426230788
1683,0.001200009137392044,0.1303000026382506
1684,0.001100008375942707,0.1323999895248562
1685,0.00100000761449337,0.13080000644549727
1686,0.0010999792721122503,0.1306000049225986
1687,0.001200009137392044,0.12989999959245324
1688,0.0011999800335615873,0.13230001786723733
1689,0.001100008375942707,0.1306000049225986
1690,0.001100008375942707,0.3494999837130308
1691,0.0028999929782003164,0.24679998750798404
1692,0.001600012183189392,0.15499998698942363
1693,0.001200009137392044,0.1399999891873449
1694,0.0010999792721122503,0.20670000230893493
1695,0.001300009898841381,0.14930000179447234
1696,0.0010999792721122503,0.13699999544769526
1697,0.001300009898841381,0.13490000856108963
1698,0.001100008375942707,0.13960001524537802
1699,0.001200009137392044,0.1345000055152923
1700,0.0011999800335615873,0.13470000703819096
1701,0.001100008375942707,0.1438999897800386
1702,0.001100008375942707,0.13359999866224825
1703,0.001100008375942707,0.13100000796839595
1704,0.0010999792721122503,0.12360000982880592
1705,0.00100000761449337,0.12549999519251287
1706,0.0009999785106629133,0.12090001837350428
1707,0.0009999785106629133,0.12070001685060561
1708,0.0009999785106629133,0.19500000053085387
1709,0.0026999914553016424,0.20340000628493726
1710,0.0016999838408082724,0.16310001956298947
1711,0.001500011421740055,0.14739998732693493
1712,0.001300009898841381,0.1323999895248562
1713,0.001100008375942707,0.13349999790079892
1714,0.0010999792721122503,0.13470000703819096
1715,0.001100008375942707,0.1483999949414283
1716,0.0014999823179095984,0.13920001219958067
1717,0.0011999800335615873,0.13490000856108963
1718,0.001200009137392044,0.12549999519251287
1719,0.0010999792721122503,0.23100001271814108
1720,0.002200016751885414,0.1677999971434474
1721,0.0013999815564602613,0.14420002116821706
1722,0.001200009137392044,0.12790001346729696
1723,0.0010999792721122503,0.12290000449866056
1724,0.001100008375942707,0.14139999984763563
1725,0.001300009898841381,0.13359999866224825
1726,0.001100008375942707,0.13459997717291117
1727,0.001200009137392044,0.1286999904550612
1728,0.00100000761449337,0.12989999959245324
1729,0.0012999807950109243,0.12680000509135425
1730,0.001100008375942707,0.1270999782718718
1731,0.00100000761449337,0.12330000754445791
1732,0.0010999792721122503,0.12370001059025526
1733,0.00100000761449337,0.12220002827234566
1734,0.001100008375942707,0.11990001075901091
1735,0.0009999785106629133,0.12020001304335892
1736,0.0009999785106629133,0.14490002649836242
1737,0.001400010660290718,0.12400001287460327
1738,0.001100008375942707,0.12070001685060561
1739,0.00100000761449337,0.1221999991685152
1740,0.00100000761449337,0.12159999459981918
1741,0.00100000761449337,0.12279997463338077
1742,0.00100000761449337,0.12169999536126852
1743,0.001100008375942707,0.12179999612271786
1744,0.0010999792721122503,0.1264000020455569
1745,0.001100008375942707,0.13869997928850353
1746,0.001200009137392044,0.13669999316334724
1747,0.001200009137392044,0.13169998419471085
1748,0.001200009137392044,0.13199998647905886
1749,0.00100000761449337,0.12240000069141388
1750,0.0009999785106629133,0.12260000221431255
1751,0.001300009898841381,0.1412999990861863
1752,0.0012999807950109243,0.20890001906082034
1753,0.0014999823179095984,0.14019999071024358
1754,0.001200009137392044,0.13559998478740454
1755,0.001100008375942707,0.13420000323094428
1756,0.0011999800335615873,0.13320002472028136
1757,0.001200009137392044,0.12740000966005027
1758,0.0010999792721122503,0.12179999612271786
1759,0.001100008375942707,0.1297999988310039
1760,0.001100008375942707,0.12589999823831022
1761,0.00100000761449337,0.12310000602155924
1762,0.00100000761449337,0.12359998072497547
1763,0.001100008375942707,0.12089998926967382
1764,0.001100008375942707,0.12260000221431255
1765,0.001100008375942707,0.12199999764561653
1766,0.001100008375942707,0.1218999968841672
1767,0.0010999792721122503,0.12740000966005027
1768,0.001100008375942707,0.12319997767917812
1769,0.001100008375942707,0.12149999383836985
1770,0.001100008375942707,0.12149999383836985
1771,0.001100008375942707,0.12210002751089633
1772,0.001100008375942707,0.12270000297576189
1773,0.00100000761449337,0.12229999992996454
1774,0.001100008375942707,0.12499999138526618
1775,0.001100008375942707,0.12809998588636518
1776,0.001100008375942707,0.12439998681657016
1777,0.001100008375942707,0.12350000906735659
1778,0.0010999792721122503,0.12090001837350428
1779,0.001100008375942707,0.12129999231547117
1780,0.001100008375942707,0.12310000602155924
1781,0.0009999785106629133,0.1303000026382506
1782,0.001100008375942707,0.12280000373721123
1783,0.001100008375942707,0.12850001803599298
1784,0.00100000761449337,0.12240000069141388
1785,0.001100008375942707,0.12379998224787414
1786,0.001200009137392044,0.12260000221431255
1787,0.0010999792721122503,0.12350000906735659
1788,0.0010999792721122503,0.1215000229422003
1789,0.0009999785106629133,0.12159999459981918
1790,0.001100008375942707,0.12539999443106353
1791,0.001100008375942707,0.1286999904550612
1792,0.001100008375942707,0.12299997615627944
1793,0.001100008375942707,0.12099999003112316
1794,0.001100008375942707,0.12270000297576189
1795,0.0009999785106629133,0.1221999991685152
1796,0.001100008375942707,0.12229999992996454
1797,0.001100008375942707,0.12110001989640296
1798,0.0010999792721122503,0.12630000128410757
1799,0.001100008375942707,0.14059999375604093
1800,0.001200009137392044,0.13390000094659626
1801,0.001200009137392044,0.13269999180920422
1802,0.001100008375942707,0.1306000049225986
1803,0.0011999800335615873,0.1328999933321029
1804,0.00100000761449337,0.12129999231547117
1805,0.00100000761449337,0.12129999231547117
1806,0.001100008375942707,0.12579999747686088
1807,0.0011999800335615873,0.12670000432990491
1808,0.00100000761449337,0.12339997920207679
1809,0.001100008375942707,0.1244999875780195
1810,0.001100008375942707,0.12340000830590725
1811,0.0010999792721122503,0.12179999612271786
1812,0.001100008375942707,0.1238000113517046
1813,0.001300009898841381,0.1221999991685152
1814,0.001100008375942707,0.172999978531152
1815,0.001500011421740055,0.18790000467561185
1816,0.001300009898841381,0.14250000822357833
1817,0.0013999815564602613,0.13760000001639128
1818,0.001200009137392044,0.13649999164044857
1819,0.001200009137392044,0.13380000018514693
1820,0.001200009137392044,0.12959999730810523
1821,0.00100000761449337,0.12909999350085855
1822,0.0009999785106629133,0.1246000174432993
1823,0.0009999785106629133,0.12290000449866056
1824,0.001100008375942707,0.1309000072069466
1825,0.001200009137392044,0.13570001465268433
1826,0.001100008375942707,0.1336999994236976
1827,0.001200009137392044,0.1336999994236976
1828,0.0010999792721122503,0.1398000167682767
1829,0.001500011421740055,0.1379000023007393
1830,0.001200009137392044,0.13210001634433866
1831,0.001100008375942707,0.13340002624318004
1832,0.001200009137392044,0.1331999956164509
1833,0.001200009137392044,0.13269999180920422
1834,0.001100008375942707,0.13409997336566448
1835,0.001100008375942707,0.13299999409355223
1836,0.001100008375942707,0.14019999071024358
1837,0.001300009898841381,0.1336999994236976
1838,0.001100008375942707,0.13259999104775488
1839,0.001200009137392044,0.13339999713934958
1840,0.001100008375942707,0.1331999956164509
1841,0.0010999792721122503,0.13240001862868667
1842,0.00100000761449337,0.12270000297576189
1843,0.001100008375942707,0.14399999054148793
1844,0.0012999807950109243,0.27520000003278255
1845,0.0029999937396496534,0.19210000755265355
1846,0.0013999815564602613,0.14459999511018395
1847,0.001300009898841381,0.1370999962091446
1848,0.0011999800335615873,0.142700009746477
1849,0.001200009137392044,0.13290002243593335
1850,0.0009999785106629133,0.17460001981817186
1851,0.001200009137392044,0.1315999834332615
1852,0.001100008375942707,0.12889999197795987
1853,0.001100008375942707,0.12579999747686088
1854,0.001100008375942707,0.3148999821860343
1855,0.0024999899324029684,0.20249999943189323
1856,0.0016999838408082724,0.14380001812241971
1857,0.0011999800335615873,0.13070000568404794
1858,0.00100000761449337,0.12739998055621982
1859,0.00100000761449337,0.12419998529367149
1860,0.001100008375942707,0.12389998300932348
1861,0.001100008375942707,0.12509999214671552
1862,0.001100008375942707,0.1230000052601099
1863,0.0009999785106629133,0.13359999866224825
1864,0.001100008375942707,0.1252999936696142
1865,0.00100000761449337,0.12199999764561653
1866,0.0009999785106629133,0.12350000906735659
1867,0.00100000761449337,0.1221999991685152
1868,0.00100000761449337,0.1230000052601099
1869,0.001100008375942707,0.12250000145286322
1870,0.001100008375942707,0.12159999459981918
1871,0.001200009137392044,0.12859998969361186
1872,0.00100000761449337,0.1221999991685152
1873,0.0010999792721122503,0.12090001837350428
1874,0.0009999785106629133,0.12320000678300858
1875,0.001100008375942707,0.12389998300932348
1876,0.00100000761449337,0.12240000069141388
1877,0.0010999792721122503,0.12080001761205494
1878,0.0010999792721122503,0.12250000145286322
1879,0.00100000761449337,0.12969999806955457
1880,0.0010999792721122503,0.12330000754445791
1881,0.00100000761449337,0.12299997615627944
1882,0.00100000761449337,0.12310000602155924
1883,0.0010999792721122503,0.12110001989640296
1884,0.0009999785106629133,0.12030001380480826
1885,0.0009999785106629133,0.12280000373721123
1886,0.001200009137392044,0.12549999519251287
1887,0.001200009137392044,0.2804999821819365
1888,0.0025999906938523054,0.3099000023212284
1889,0.0021999876480549574,0.17590000061318278
1890,0.0015999830793589354,0.26270002126693726
1891,0.0029999937396496534,0.2164000179618597
1892,0.001900014467537403,0.21920001017861068
1893,0.002100015990436077,0.33719997736625373
1894,0.0024999899324029684,0.26210001669824123
1895,0.06859999848529696,0.3467999922577292
1896,0.0025999906938523054,0.23900001542642713
1897,0.0031999952625483274,0.24809999740682542
1898,0.00200001522898674,0.1878999755717814
1899,0.002300017513334751,0.225800002226606
1900,0.00200001522898674,0.16659998800605536
1901,0.0014999823179095984,0.1587000151630491
1902,0.0018999853637069464,0.16480000340379775
1903,0.0013999815564602613,0.20619999850168824
1904,0.0050000089686363935,0.32640001154504716
1905,0.004999979864805937,0.25549999554641545
1906,0.001600012183189392,0.16429999959655106
1907,0.0013999815564602613,0.1441999920643866
1908,0.001200009137392044,0.1385000068694353
1909,0.0011999800335615873,0.13699999544769526
1910,0.00100000761449337,0.13599998783320189
1911,0.025200017262250185,0.2426000137347728
1912,0.00580001506023109,0.25779998395591974
1913,0.001700012944638729,0.40940000326372683
1914,0.002200016751885414,0.1818999880924821
1915,0.0013999815564602613,0.17460001981817186
1916,0.0013999815564602613,0.15139998868107796
1917,0.001400010660290718,0.14069999451749027
1918,0.001200009137392044,0.16090000281110406
1919,0.001600012183189392,0.13639999087899923
1920,0.001200009137392044,0.13609998859465122
1921,0.001100008375942707,0.13380000018514693
1922,0.0011999800335615873,0.1531000016257167
1923,0.001200009137392044,0.13569998554885387
1924,0.001100008375942707,0.13420000323094428
1925,0.001300009898841381,0.14990000636316836
1926,0.0015999830793589354,0.15219999477267265
1927,0.001200009137392044,0.1438999897800386
1928,0.001200009137392044,0.1393999846186489
1929,0.001100008375942707,0.15879998682066798
1930,0.001800013706088066,0.15689997235313058
1931,0.001700012944638729,0.16060000052675605
1932,0.0015999830793589354,0.25469998945482075
1933,0.0023999891709536314,0.1849000109359622
1934,0.0017999846022576094,0.1584000128787011
1935,0.0011999800335615873,0.17600000137463212
1936,0.001500011421740055,0.15189999248832464
1937,0.0014999823179095984,0.14519999967887998
1938,0.001300009898841381,0.17389998538419604
1939,0.001600012183189392,0.15059998258948326
1940,0.001500011421740055,0.14879999798722565
1941,0.001500011421740055,0.14990000636316836
1942,0.0013999815564602613,0.15480001457035542
1943,0.0012999807950109243,0.1416000013705343
1944,0.001200009137392044,0.1354999840259552
1945,0.001300009898841381,0.15579999308101833
1946,0.0013999815564602613,0.14380001812241971
1947,0.001400010660290718,0.13520001084543765
1948,0.0011999800335615873,0.1345000055152923
1949,0.001100008375942707,0.15619999612681568
1950,0.001400010660290718,0.16570001025684178
1951,0.0020999868866056204,0.43960000039078295
1952,0.003400025889277458,0.2998000127263367
1953,0.0023999891709536314,0.30109999352134764
1954,0.0031999952625483274,0.18920001457445323
1955,0.001500011421740055,0.15109998639672995
1956,0.001200009137392044,0.14289998216554523
1957,0.001200009137392044,0.30590000096708536
1958,0.003500026650726795,0.4568000149447471
1959,0.003200024366378784,0.26240001898258924
1960,0.0019999861251562834,0.18579998868517578
1961,0.001900014467537403,0.15819998225197196
1962,0.001400010660290718,0.16549997963011265
1963,0.001200009137392044,0.1379000023007393
1964,0.0011999800335615873,0.1419000036548823
1965,0.001300009898841381,0.14259997988119721
1966,0.001200009137392044,0.14689998351968825
1967,0.001200009137392044,0.15549999079667032
1968,0.001300009898841381,0.14479999663308263
1969,0.0011999800335615873,0.13650002074427903
1970,0.001100008375942707,0.14230000670067966
1971,0.0013999815564602613,0.14070002362132072
1972,0.001200009137392044,0.14150000060908496
1973,0.001100008375942707,0.13940001372247934
1974,0.001100008375942707,0.14109999756328762
1975,0.001100008375942707,0.1370999962091446
1976,0.001200009137392044,0.13390000094659626
1977,0.0010999792721122503,0.13260002015158534
1978,0.0010999792721122503,0.135600013891235
1979,0.0011999800335615873,0.13540001236833632
1980,0.0010999792721122503,0.13749999925494194
1981,0.001300009898841381,0.1771999814081937
1982,0.005400012014433742,0.41370000690221786
1983,0.0029999937396496534,0.24540000595152378
1984,0.001500011421740055,0.156299996888265
1985,0.001300009898841381,0.13539998326450586
1986,0.001300009898841381,0.13509998098015785
1987,0.001200009137392044,0.13339999713934958
1988,0.001100008375942707,0.13489997945725918
1989,0.001200009137392044,0.1331999956164509
1990,0.001100008375942707,0.13990001752972603
1991,0.0013999815564602613,0.1469000126235187
1992,0.0010999792721122503,0.14899999951012433
1993,0.001300009898841381,0.1365999924018979
1994,0.001300009898841381,0.1309999788645655
1995,0.001100008375942707,0.12399998377077281
1996,0.001100008375942707,0.14930000179447234
1997,0.0011999800335615873,0.15210002311505377
1998,0.001100008375942707,0.13130001025274396
1999,0.0010999792721122503,0.13270002091303468
2000,0.001200009137392044,0.1343000039923936
2001,0.001100008375942707,0.13359999866224825
2002,0.001100008375942707,0.14250000822357833
2003,0.0010999792721122503,0.13530001160688698
2004,0.0010999792721122503,0.13570001465268433
2005,0.001100008375942707,0.14000001829117537
2006,0.0015999830793589354,0.1432000135537237
2007,0.0015999830793589354,0.15589999384246767
2008,0.001200009137392044,0.16589998267591
2009,0.001900014467537403,0.16729999333620071
2010,0.0017999846022576094,0.15040001017041504
2011,0.0014999823179095984,0.14600000577047467
2012,0.001600012183189392,0.14890002785250545
2013,0.001400010660290718,0.14519999967887998
2014,0.0015999830793589354,0.14089999604038894
2015,0.001400010660290718,0.14670001110062003
2016,0.001300009898841381,0.14849999570287764
2017,0.001100008375942707,0.1441999920643866
2018,0.0011999800335615873,0.15740000526420772
2019,0.001500011421740055,0.14459999511018395
2020,0.001300009898841381,0.1398000167682767
2021,0.001500011421740055,0.1382000045850873
2022,0.0012999807950109243,0.15090001397766173
2023,0.001500011421740055,0.1739000144880265
2024,0.001600012183189392,0.15020000864751637
2025,0.001200009137392044,0.13760000001639128
2026,0.001200009137392044,0.13729999773204327
2027,0.001500011421740055,0.13689999468624592
2028,0.001200009137392044,0.13609998859465122
2029,0.001200009137392044,0.13459997717291117
2030,0.001300009898841381,0.13679999392479658
2031,0.001200009137392044,0.1336999994236976
2032,0.0010999792721122503,0.1449999981559813
2033,0.001200009137392044,0.13460000627674162
2034,0.001200009137392044,0.13500000932253897
2035,0.0011999800335615873,0.13260002015158534
2036,0.001100008375942707,0.1362999901175499
2037,0.001100008375942707,0.1343000039923936
2038,0.0010999792721122503,0.13390000094659626
2039,0.001200009137392044,0.1340000017080456
2040,0.001200009137392044,0.1343000039923936
2041,0.001200009137392044,0.13240001862868667
2042,0.0011999800335615873,0.13280002167448401
2043,0.001200009137392044,0.13390000094659626
2044,0.001200009137392044,0.13329999637790024
2045,0.0012999807950109243,0.13359999866224825
2046,0.001100008375942707,0.13909998233430088
2047,0.001400010660290718,0.13679999392479658
2048,0.001100008375942707,0.1354999840259552
2049,0.001100008375942707,0.1340000017080456
2050,0.001200009137392044,0.1323999895248562
2051,0.001100008375942707,0.13160001253709197
2052,0.001300009898841381,0.1314000110141933
2053,0.0011999800335615873,0.1336999994236976
2054,0.001200009137392044,0.1404999929945916
2055,0.001300009898841381,0.13410000246949494
2056,0.001200009137392044,0.13390000094659626
2057,0.0010999792721122503,0.13460000627674162
2058,0.001300009898841381,0.1317999849561602
2059,0.001200009137392044,0.13309999485500157
2060,0.0012999807950109243,0.13210001634433866
2061,0.0010999792721122503,0.14220000593923032
2062,0.001300009898841381,0.13409997336566448
2063,0.001200009137392044,0.13380000018514693
2064,0.001200009137392044,0.13449997641146183
2065,0.001100008375942707,0.13559998478740454
2066,0.001400010660290718,0.1365999924018979
2067,0.001300009898841381,0.13529998250305653
2068,0.001100008375942707,0.13349999790079892
2069,0.0011999800335615873,0.1340000017080456
2070,0.001200009137392044,0.13339999713934958
2071,0.0013999815564602613,0.13329999637790024
2072,0.001200009137392044,0.13530001160688698
2073,0.001300009898841381,0.13410000246949494
2074,0.001100008375942707,0.14280001050792634
2075,0.001300009898841381,0.13539998326450586
2076,0.001100008375942707,0.13380000018514693
2077,0.001200009137392044,0.13269999180920422
2078,0.001100008375942707,0.1328999933321029
2079,0.001200009137392044,0.13339999713934958
2080,0.0011999800335615873,0.1340000017080456
2081,0.001100008375942707,0.13390000094659626
2082,0.0010999792721122503,0.13349999790079892
2083,0.001100008375942707,0.13349999790079892
2084,0.0010999792721122503,0.1340000017080456
2085,0.001200009137392044,0.1320999872405082
2086,0.001200009137392044,0.13259999104775488
2087,0.001200009137392044,0.13339999713934958
2088,0.0010999792721122503,0.13420000323094428
2089,0.001100008375942707,0.1427999814040959
2090,0.001200009137392044,0.13299999409355223
2091,0.001100008375942707,0.13269999180920422
2092,0.0011999800335615873,0.1336999994236976
2093,0.001100008375942707,0.13269999180920422
2094,0.001100008375942707,0.13219998800195754
2095,0.00100000761449337,0.13329999637790024
2096,0.0011999800335615873,0.13120000949129462
2097,0.001100008375942707,0.13299999409355223
2098,0.0010999792721122503,0.13460000627674162
2099,0.001200009137392044,0.1336999994236976
2100,0.0010999792721122503,0.13359999866224825
2101,0.001100008375942707,0.1357999863103032
2102,0.001400010660290718,0.13869997928850353
2103,0.001200009137392044,0.13530001160688698
2104,0.001200009137392044,0.13160001253709197
2105,0.001200009137392044,0.1323999895248562
2106,0.001200009137392044,0.1331999956164509
2107,0.001100008375942707,0.1346999779343605
2108,0.001200009137392044,0.1343000039923936
2109,0.0011999800335615873,0.2604000037536025
2110,0.0037999998312443495,0.2632999967318028
2111,0.001700012944638729,0.17139999545179307
2112,0.0014999823179095984,0.15480001457035542
2113,0.0012999807950109243,0.14150000060908496
2114,0.001200009137392044,0.13800000306218863
2115,0.0011999800335615873,0.13550001312978566
2116,0.0011999800335615873,0.13500000932253897
2117,0.001100008375942707,0.13569998554885387
2118,0.001200009137392044,0.13299999409355223
2119,0.0011999800335615873,0.1328999933321029
2120,0.001100008375942707,0.2868000010494143
2121,0.0025999906938523054,0.18679999629966915
2122,0.0013999815564602613,0.15250002616085112
2123,0.001300009898841381,0.1348000077996403
2124,0.0011999800335615873,0.12470001820474863
2125,0.001100008375942707,0.12310000602155924
2126,0.0009999785106629133,0.12290000449866056
2127,0.00100000761449337,0.12159999459981918
2128,0.001100008375942707,0.1218999968841672
2129,0.0009999785106629133,0.12140002218075097
2130,0.00100000761449337,0.1314000110141933
2131,0.0011999800335615873,0.13530001160688698
2132,0.0010999792721122503,0.14440002269111574
2133,0.001200009137392044,0.14069999451749027
2134,0.001200009137392044,0.12969999806955457
2135,0.0011999800335615873,0.12480001896619797
2136,0.0009999785106629133,0.12390001211315393
2137,0.0010999792721122503,0.12240000069141388
2138,0.001100008375942707,0.12370001059025526
2139,0.001100008375942707,0.12290000449866056
2140,0.00100000761449337,0.12349997996352613
2141,0.001100008375942707,0.12330000754445791
2142,0.001100008375942707,0.12400001287460327
2143,0.0009999785106629133,0.12320000678300858
2144,0.00100000761449337,0.1286999904550612
2145,0.0010999792721122503,0.132200017105788
2146,0.0011999800335615873,0.13240001862868667
2147,0.0011999800335615873,0.14180000289343297
2148,0.001300009898841381,0.1357999863103032
2149,0.001100008375942707,0.13459997717291117
2150,0.001200009137392044,0.13169998419471085
2151,0.001300009898841381,0.1348000077996403
2152,0.0010999792721122503,0.13689999468624592
2153,0.001200009137392044,0.13490000856108963
2154,0.001400010660290718,0.13520001084543765
2155,0.001300009898841381,0.13609998859465122
2156,0.001100008375942707,0.13299999409355223
2157,0.001200009137392044,0.1357999863103032
2158,0.001100008375942707,0.1317999849561602
2159,0.001200009137392044,0.13440000475384295
2160,0.001200009137392044,0.13259999104775488
2161,0.001200009137392044,0.1336999994236976
2162,0.001200009137392044,0.14410002040676773
2163,0.0012999807950109243,0.13800000306218863
2164,0.001200009137392044,0.13479997869580984
2165,0.001200009137392044,0.13559998478740454
2166,0.001100008375942707,0.1354999840259552
2167,0.001200009137392044,0.13420000323094428
2168,0.0011999800335615873,0.1340000017080456
2169,0.001300009898841381,0.13509998098015785
2170,0.001200009137392044,0.13729999773204327
2171,0.001200009137392044,0.13609998859465122
2172,0.001200009137392044,0.13660002150572836
2173,0.0011999800335615873,0.13339999713934958
2174,0.001200009137392044,0.14069999451749027
2175,0.001400010660290718,0.1385000068694353
2176,0.001200009137392044,0.1365999924018979
2177,0.001100008375942707,0.13600001693703234
2178,0.0010999792721122503,0.135900016175583
2179,0.0010999792721122503,0.1370999962091446
2180,0.001100008375942707,0.13279999257065356
2181,0.001400010660290718,0.13489997945725918
2182,0.001300009898841381,0.13309999485500157
2183,0.001200009137392044,0.13559998478740454
2184,0.001100008375942707,0.1343000039923936
2185,0.001300009898841381,0.13689999468624592
2186,0.001200009137392044,0.13529998250305653
2187,0.001200009137392044,0.13309999485500157
2188,0.001200009137392044,0.13689999468624592
2189,0.0010999792721122503,0.14680001186206937
2190,0.0011999800335615873,0.13660002150572836
2191,0.001200009137392044,0.13669999316334724
2192,0.001200009137392044,0.13609998859465122
2193,0.001100008375942707,0.13390000094659626
2194,0.0010999792721122503,0.13600001693703234
2195,0.0013999815564602613,0.14099999680183828
2196,0.001600012183189392,0.15259999781847
2197,0.0013999815564602613,0.1412999990861863
2198,0.001200009137392044,0.13529998250305653
2199,0.001200009137392044,0.13339999713934958
2200,0.0011999800335615873,0.13470000703819096
2201,0.001200009137392044,0.13929998385719955
2202,0.001600012183189392,0.13989998842589557
2203,0.001200009137392044,0.13479997869580984
2204,0.001200009137392044,0.1345000055152923
2205,0.001100008375942707,0.1370999962091446
2206,0.001100008375942707,0.13509998098015785
2207,0.001100008375942707,0.13470000703819096
2208,0.0010999792721122503,0.13420000323094428
2209,0.001300009898841381,0.1328999933321029
2210,0.0011999800335615873,0.1345000055152923
2211,0.001200009137392044,0.13309999485500157
2212,0.001100008375942707,0.13180001405999064
2213,0.001100008375942707,0.13349999790079892
2214,0.001100008375942707,0.13580001541413367
2215,0.001200009137392044,0.13580001541413367
2216,0.001200009137392044,0.14330001431517303
2217,0.001200009137392044,0.13840000610798597
2218,0.0011999800335615873,0.13460000627674162
2219,0.001200009137392044,0.13359999866224825
2220,0.0010999792721122503,0.13260002015158534
2221,0.001100008375942707,0.13190001482143998
2222,0.001200009137392044,0.13299999409355223
2223,0.001100008375942707,0.1328999933321029
2224,0.001100008375942707,0.13349999790079892
2225,0.0012999807950109243,0.19190000602975488
2226,0.0026999914553016424,0.27409999165683985
2227,0.0034999975468963385,0.2829000004567206
2228,0.0028999929782003164,0.25480001932010055
2229,0.002700020559132099,0.25279997498728335
2230,0.0028999929782003164,0.24689998826943338
2231,0.002200016751885414,0.23549998877570033
2232,0.0024999899324029684,0.17600000137463212
2233,0.0013999815564602613,0.15940002049319446
2234,0.001400010660290718,0.15509998775087297
2235,0.001500011421740055,0.14289998216554523
2236,0.001100008375942707,0.13880000915378332
2237,0.001400010660290718,0.14429999282583594
2238,0.001300009898841381,0.1357999863103032
2239,0.001100008375942707,0.13539998326450586
2240,0.001100008375942707,0.1354999840259552
2241,0.001100008375942707,0.13380000018514693
2242,0.0010999792721122503,0.1336999994236976
2243,0.001200009137392044,0.1348000077996403
2244,0.0011999800335615873,0.13270002091303468
2245,0.001200009137392044,0.1328999933321029
2246,0.001200009137392044,0.13339999713934958
2247,0.001100008375942707,0.1336000277660787
2248,0.001200009137392044,0.13390000094659626
2249,0.001100008375942707,0.13299999409355223
2250,0.0010999792721122503,0.1314000110141933
2251,0.001100008375942707,0.12589999823831022
2252,0.001200009137392044,0.13699999544769526
2253,0.001100008375942707,0.1244999875780195
2254,0.001100008375942707,0.1244999875780195
2255,0.001200009137392044,0.12209999840706587
2256,0.0011999800335615873,0.13160001253709197
2257,0.0010999792721122503,0.1330000231973827
2258,0.001200009137392044,0.13299999409355223
2259,0.001100008375942707,0.12099999003112316
2260,0.00100000761449337,0.12250000145286322
2261,0.0010999792721122503,0.12260000221431255
2262,0.00100000761449337,0.12250000145286322
2263,0.0011999800335615873,0.12169999536126852
2264,0.00100000761449337,0.1340000017080456
2265,0.001100008375942707,0.13139998191036284
2266,0.001200009137392044,0.13259999104775488
2267,0.00100000761449337,0.1297999988310039
2268,0.001200009137392044,0.12650000280700624
2269,0.001100008375942707,0.12250000145286322
2270,0.001100008375942707,0.1221999991685152
2271,0.001100008375942707,0.12379998224787414
2272,0.001100008375942707,0.1328999933321029
2273,0.001100008375942707,0.13279999257065356
2274,0.001100008375942707,0.128800020320341
2275,0.0010999792721122503,0.12340000830590725
2276,0.001100008375942707,0.1218999968841672
2277,0.0009999785106629133,0.12179999612271786
2278,0.001100008375942707,0.12360000982880592
2279,0.001200009137392044,0.14300001203082502
2280,0.0011999800335615873,0.13349999790079892
2281,0.001300009898841381,0.1331999956164509
2282,0.0011999800335615873,0.1398000167682767
2283,0.0013999815564602613,0.13780000153928995
2284,0.001100008375942707,0.13390000094659626
2285,0.0011999800335615873,0.13280002167448401
2286,0.001200009137392044,0.13160001253709197
2287,0.0010999792721122503,0.13359999866224825
2288,0.001200009137392044,0.13349999790079892
2289,0.0010999792721122503,0.1303000026382506
2290,0.001100008375942707,0.12630000128410757
2291,0.0011999800335615873,0.1343000039923936
2292,0.001100008375942707,0.13119998038746417
2293,0.001100008375942707,0.12760001118294895
2294,0.001100008375942707,0.12229999992996454
2295,0.001100008375942707,0.12069998774677515
2296,0.001200009137392044,0.13529998250305653
2297,0.001200009137392044,0.13869997928850353
2298,0.001400010660290718,0.13679999392479658
2299,0.001100008375942707,0.13349999790079892
2300,0.0010999792721122503,0.1331999956164509
2301,0.00100000761449337,0.12240000069141388
2302,0.0010999792721122503,0.12170002446509898
2303,0.00100000761449337,0.12199999764561653
2304,0.001100008375942707,0.1236999814864248
2305,0.001100008375942707,0.12280000373721123
2306,0.001100008375942707,0.13080000644549727
2307,0.001200009137392044,0.13559998478740454
2308,0.001100008375942707,0.13110000872984529
2309,0.001100008375942707,0.12099999003112316
2310,0.00100000761449337,0.12139999307692051
2311,0.001100008375942707,0.12889999197795987
2312,0.001100008375942707,0.12290000449866056
2313,0.001100008375942707,0.12229999992996454
2314,0.001100008375942707,0.13770000077784061
2315,0.0010999792721122503,0.13339999713934958
2316,0.001200009137392044,0.1343000039923936
2317,0.0010999792721122503,0.12310000602155924
2318,0.001100008375942707,0.12250000145286322
2319,0.00100000761449337,0.12280000373721123
2320,0.001100008375942707,0.12309997691772878
2321,0.001100008375942707,0.1244999875780195
2322,0.001100008375942707,0.13309999485500157
2323,0.001100008375942707,0.13219998800195754
2324,0.001100008375942707,0.1317999849561602
2325,0.001100008375942707,0.14099999680183828
2326,0.0012999807950109243,0.17770001431927085
2327,0.002400018274784088,0.1644000003580004
2328,0.001300009898841381,0.14119999832473695
2329,0.001200009137392044,0.13609998859465122
2330,0.001200009137392044,0.13719999697059393
2331,0.0011999800335615873,0.1404999929945916
2332,0.001100008375942707,0.1354999840259552
2333,0.001200009137392044,0.13410000246949494
2334,0.0011999800335615873,0.13530001160688698
2335,0.00100000761449337,0.12459998833946884
2336,0.001100008375942707,0.12229999992996454
2337,0.001100008375942707,0.12280000373721123
2338,0.001100008375942707,0.12269997387193143
2339,0.00100000761449337,0.13359999866224825
2340,0.001200009137392044,0.12469998910091817
2341,0.001200009137392044,0.12229999992996454
2342,0.001100008375942707,0.12310000602155924
2343,0.0010999792721122503,0.12420001439750195
2344,0.0010999792721122503,0.12470001820474863
2345,0.0010999792721122503,0.13380000018514693
2346,0.001300009898841381,0.12919999426230788
2347,0.001100008375942707,0.1323999895248562
2348,0.001100008375942707,0.1330000231973827
2349,0.0010999792721122503,0.13240001862868667
2350,0.001200009137392044,0.13180001405999064
2351,0.001200009137392044,0.1336999994236976
2352,0.001100008375942707,0.13309999485500157
2353,0.0011999800335615873,0.132200017105788
2354,0.0010999792721122503,0.1432000135537237
2355,0.0013999815564602613,0.13500000932253897
2356,0.0013999815564602613,0.13410000246949494
2357,0.001100008375942707,0.13380000018514693
2358,0.0011999800335615873,0.13270002091303468
2359,0.0011999800335615873,0.13309999485500157
2360,0.001300009898841381,0.13259999104775488
2361,0.001200009137392044,0.13499998021870852
2362,0.001100008375942707,0.13339999713934958
2363,0.0010999792721122503,0.1330000231973827
2364,0.001200009137392044,0.13380000018514693
2365,0.001200009137392044,0.13309999485500157
2366,0.0010999792721122503,0.1336999994236976
2367,0.001200009137392044,0.13329999637790024
2368,0.001100008375942707,0.13219998800195754
2369,0.001100008375942707,0.14239997835829854
2370,0.001200009137392044,0.13539998326450586
2371,0.001200009137392044,0.13559998478740454
2372,0.001100008375942707,0.1343000039923936
2373,0.0011999800335615873,0.13390000094659626
2374,0.001200009137392044,0.13299999409355223
2375,0.001100008375942707,0.13329999637790024
2376,0.0011999800335615873,0.13240001862868667
2377,0.001100008375942707,0.1320999872405082
2378,0.001200009137392044,0.13249999028630555
2379,0.001200009137392044,0.13249999028630555
2380,0.001100008375942707,0.13299999409355223
2381,0.0011999800335615873,0.132500019390136
2382,0.0010999792721122503,0.13200001558288932
2383,0.0010999792721122503,0.13890000991523266
2384,0.0013999815564602613,0.13770000077784061
2385,0.001200009137392044,0.13559998478740454
2386,0.001100008375942707,0.1336999994236976
2387,0.001300009898841381,0.1351999817416072
2388,0.001200009137392044,0.13359999866224825
2389,0.0010999792721122503,0.132500019390136
2390,0.001100008375942707,0.13349999790079892
2391,0.001200009137392044,0.1340000017080456
2392,0.001100008375942707,0.13359999866224825
2393,0.001100008375942707,0.13279999257065356
2394,0.001200009137392044,0.13219998800195754
2395,0.0011999800335615873,0.13460000627674162
2396,0.001200009137392044,0.1407999952789396
2397,0.0011999800335615873,0.13570001465268433
2398,0.0011999800335615873,0.13339999713934958
2399,0.001100008375942707,0.1323999895248562
2400,0.001100008375942707,0.13219998800195754
2401,0.001200009137392044,0.13299999409355223
2402,0.001400010660290718,0.13149998267181218
2403,0.001200009137392044,0.13279999257065356
2404,0.0011999800335615873,0.13240001862868667
2405,0.0010999792721122503,0.1317000132985413
2406,0.0010999792721122503,0.13410000246949494
2407,0.001100008375942707,0.13229998876340687
2408,0.001100008375942707,0.13299999409355223
2409,0.0010999792721122503,0.132500019390136
2410,0.0010999792721122503,0.1330000231973827
2411,0.001100008375942707,0.14099999680183828
2412,0.001200009137392044,0.13599998783320189
2413,0.001200009137392044,0.13329999637790024
2414,0.0009999785106629133,0.135600013891235
2415,0.0011999800335615873,0.13380000018514693
2416,0.001200009137392044,0.1336999994236976
2417,0.0010999792721122503,0.1314000110141933
2418,0.001200009137392044,0.13199998647905886
2419,0.001200009137392044,0.13169998419471085
2420,0.001100008375942707,0.13229998876340687
2421,0.001200009137392044,0.13349999790079892
2422,0.0011999800335615873,0.13299999409355223
2423,0.001100008375942707,0.13309999485500157
2424,0.001200009137392044,0.13879998004995286
2425,0.001200009137392044,0.1331999956164509
2426,0.001100008375942707,0.13269999180920422
2427,0.0011999800335615873,0.13310002395883203
2428,0.001100008375942707,0.13269999180920422
2429,0.001100008375942707,0.13199998647905886
2430,0.001200009137392044,0.1317999849561602
2431,0.001200009137392044,0.1320999872405082
2432,0.001100008375942707,0.13229998876340687
2433,0.001100008375942707,0.13199998647905886
2434,0.001100008375942707,0.13420000323094428
2435,0.0010999792721122503,0.13269999180920422
2436,0.001100008375942707,0.13329999637790024
2437,0.001100008375942707,0.14200000441633165
2438,0.001200009137392044,0.13470000703819096
2439,0.0010999792721122503,0.1345000055152923
2440,0.001300009898841381,0.13249999028630555
2441,0.0010999792721122503,0.15130001702345908
2442,0.0019999861251562834,0.15360000543296337
2443,0.0013999815564602613,0.13530001160688698
2444,0.0011999800335615873,0.132500019390136
2445,0.0010999792721122503,0.13160001253709197
2446,0.0010999792721122503,0.13200001558288932
2447,0.0011999800335615873,0.13349999790079892
2448,0.001100008375942707,0.12240000069141388
2449,0.0010999792721122503,0.12290000449866056
2450,0.001300009898841381,0.1221999991685152
2451,0.0009999785106629133,0.12810001499019563
2452,0.0011999800335615873,0.12630000128410757
2453,0.001200009137392044,0.12250000145286322
2454,0.0011999800335615873,0.12260000221431255
2455,0.001100008375942707,0.12280000373721123
2456,0.0009999785106629133,0.1401000190526247
2457,0.0012999807950109243,0.1294999965466559
2458,0.001100008375942707,0.12359998072497547
2459,0.001100008375942707,0.12569999671541154
2460,0.001200009137392044,0.13509998098015785
2461,0.001100008375942707,0.13440000475384295
2462,0.0012999807950109243,0.13299999409355223
2463,0.001200009137392044,0.1336999994236976
2464,0.0011999800335615873,0.1333000254817307
2465,0.001100008375942707,0.13200001558288932
2466,0.001200009137392044,0.13339999713934958
2467,0.001200009137392044,0.1430999836884439
2468,0.001300009898841381,0.13329999637790024
2469,0.0010999792721122503,0.13290002243593335
2470,0.001200009137392044,0.13070000568404794
2471,0.001100008375942707,0.13290002243593335
2472,0.0010999792721122503,0.13230001786723733
2473,0.001200009137392044,0.13259999104775488
2474,0.001200009137392044,0.13390000094659626
2475,0.0012999807950109243,0.13380000018514693
2476,0.001100008375942707,0.13339999713934958
2477,0.001100008375942707,0.13380000018514693
2478,0.001300009898841381,0.1340000017080456
2479,0.0011999800335615873,0.139000010676682
2480,0.001400010660290718,0.1385999785270542
2481,0.001100008375942707,0.13780000153928995
2482,0.0013999815564602613,0.13299999409355223
2483,0.001200009137392044,0.13150001177564263
2484,0.001100008375942707,0.1309000072069466
2485,0.0010999792721122503,0.13290002243593335
2486,0.001100008375942707,0.13329999637790024
2487,0.001100008375942707,0.13100000796839595
2488,0.001200009137392044,0.1336999994236976
2489,0.001200009137392044,0.13419997412711382
2490,0.001200009137392044,0.13160001253709197
2491,0.001200009137392044,0.1328999933321029
2492,0.001200009137392044,0.13440000475384295
2493,0.0012999807950109243,0.13160001253709197
2494,0.0011999800335615873,0.14570000348612666
2495,0.001400010660290718,0.14399999054148793
2496,0.0011999800335615873,0.13460000627674162
2497,0.001200009137392044,0.13349999790079892
2498,0.0011999800335615873,0.13530001160688698
2499,0.001200009137392044,0.1333000254817307
2500,0.001100008375942707,0.1340000017080456
2501,0.001200009137392044,0.1323999895248562
2502,0.001300009898841381,0.13399997260421515
2503,0.001200009137392044,0.13169998419471085
2504,0.001200009137392044,0.1331999956164509
2505,0.001200009137392044,0.1328999933321029
2506,0.0011999800335615873,0.1333000254817307
2507,0.001300009898841381,0.1407999952789396
2508,0.001200009137392044,0.1346999779343605
2509,0.001300009898841381,0.13219998800195754
2510,0.001100008375942707,0.13249999028630555
2511,0.001100008375942707,0.1320999872405082
2512,0.001100008375942707,0.1343000039923936
2513,0.00100000761449337,0.13070000568404794
2514,0.001100008375942707,0.13120000949129462
2515,0.001200009137392044,0.13219998800195754
2516,0.001100008375942707,0.13139998191036284
2517,0.001200009137392044,0.1343000039923936
2518,0.0011999800335615873,0.13339999713934958
2519,0.001100008375942707,0.13279999257065356
2520,0.001100008375942707,0.13189998571760952
2521,0.001100008375942707,0.1340000017080456
2522,0.001200009137392044,0.14109999756328762
2523,0.001300009898841381,0.13589998707175255
2524,0.001100008375942707,0.13380000018514693
2525,0.001300009898841381,0.13349999790079892
2526,0.001200009137392044,0.1340000017080456
2527,0.001200009137392044,0.13100000796839595
2528,0.0011999800335615873,0.13270002091303468
2529,0.0011999800335615873,0.13150001177564263
2530,0.0010999792721122503,0.13230001786723733
2531,0.0010999792721122503,0.1314000110141933
2532,0.0010999792721122503,0.13050000416114926
2533,0.001100008375942707,0.13249999028630555
2534,0.001100008375942707,0.13359999866224825
2535,0.0010999792721122503,0.1317000132985413
2536,0.0010999792721122503,0.13279999257065356
2537,0.001200009137392044,0.14099999680183828
2538,0.001200009137392044,0.13269999180920422
2539,0.0010999792721122503,0.13280002167448401
2540,0.0010999792721122503,0.13259999104775488
2541,0.001100008375942707,0.14019999071024358
2542,0.001400010660290718,0.4336999845691025
2543,0.0036999990697950125,0.23430000874213874
2544,0.002100015990436077,0.16559998039156199
2545,0.001400010660290718,0.15320000238716602
2546,0.001400010660290718,0.14069999451749027
2547,0.0011999800335615873,0.14670001110062003
2548,0.001200009137392044,0.14760001795366406
2549,0.0013999815564602613,0.146100006531924
2550,0.001500011421740055,0.145800004247576
2551,0.001200009137392044,0.1362999901175499
2552,0.001200009137392044,0.22009998792782426
2553,0.0023999891709536314,0.16419999883510172
2554,0.001500011421740055,0.14410002040676773
2555,0.0012999807950109243,0.13950001448392868
2556,0.0011999800335615873,0.139000010676682
2557,0.0011999800335615873,0.1370000245515257
2558,0.001100008375942707,0.13359999866224825
2559,0.001100008375942707,0.13299999409355223
2560,0.0011999800335615873,0.132500019390136
2561,0.0010999792721122503,0.135600013891235
2562,0.0011999800335615873,0.14710001414641738
2563,0.0011999800335615873,0.13940001372247934
2564,0.0015999830793589354,0.1407999952789396
2565,0.001100008375942707,0.13380000018514693
2566,0.0010999792721122503,0.13240001862868667
2567,0.0010999792721122503,0.13339999713934958
2568,0.001100008375942707,0.1351000100839883
2569,0.001100008375942707,0.1331999956164509
2570,0.001300009898841381,0.13279999257065356
2571,0.001200009137392044,0.1331999956164509
2572,0.0011999800335615873,0.1345000055152923
2573,0.001300009898841381,0.13539998326450586
2574,0.001200009137392044,0.13329999637790024
2575,0.0010999792721122503,0.13329999637790024
2576,0.001200009137392044,0.1351000100839883
2577,0.0011999800335615873,0.13359999866224825
2578,0.001100008375942707,0.1433999859727919
2579,0.001300009898841381,0.13529998250305653
2580,0.001200009137392044,0.13410000246949494
2581,0.0011999800335615873,0.1401000190526247
2582,0.001200009137392044,0.13540001236833632
2583,0.0011999800335615873,0.13359999866224825
2584,0.001100008375942707,0.13329999637790024
2585,0.0010999792721122503,0.13349999790079892
2586,0.001300009898841381,0.13460000627674162
2587,0.0010999792721122503,0.13380000018514693
2588,0.001200009137392044,0.13669999316334724
2589,0.001200009137392044,0.1357999863103032
2590,0.001200009137392044,0.14289998216554523
2591,0.001500011421740055,0.1540999801363796
2592,0.001200009137392044,0.1393999846186489
2593,0.001300009898841381,0.14209997607395053
2594,0.001200009137392044,0.13550001312978566
2595,0.001100008375942707,0.13470000703819096
2596,0.0011999800335615873,0.13540001236833632
2597,0.001200009137392044,0.1336000277660787
2598,0.001300009898841381,0.13619998935610056
2599,0.001300009898841381,0.1362999901175499
2600,0.001500011421740055,0.14449999434873462
2601,0.0012999807950109243,0.1348000077996403
2602,0.001200009137392044,0.14249997911974788
2603,0.001400010660290718,0.14369998825713992
2604,0.001400010660290718,0.13500000932253897
2605,0.001100008375942707,0.14359998749569058
2606,0.001200009137392044,0.13749999925494194
2607,0.001400010660290718,0.13339999713934958
2608,0.001200009137392044,0.13269999180920422
2609,0.0011999800335615873,0.1336999994236976
2610,0.001300009898841381,0.1354999840259552
2611,0.001200009137392044,0.1357999863103032
2612,0.001300009898841381,0.1354999840259552
2613,0.001200009137392044,0.13639999087899923
2614,0.001300009898841381,0.13539998326450586
2615,0.001200009137392044,0.1345000055152923
2616,0.001100008375942707,0.1340000017080456
2617,0.001200009137392044,0.13599998783320189
2618,0.001200009137392044,0.13440000475384295
2619,0.001200009137392044,0.14980000560171902
2620,0.001500011421740055,0.14300001203082502
2621,0.0011999800335615873,0.1370999962091446
2622,0.00100000761449337,0.13599998783320189
2623,0.001400010660290718,0.13390000094659626
2624,0.0012999807950109243,0.13530001160688698
2625,0.0011999800335615873,0.13500000932253897
2626,0.001200009137392044,0.1351999817416072
2627,0.001100008375942707,0.13420000323094428
2628,0.001300009898841381,0.13329999637790024
2629,0.001300009898841381,0.13410000246949494
2630,0.001100008375942707,0.1340000017080456
2631,0.001200009137392044,0.13489997945725918
2632,0.001100008375942707,0.13529998250305653
2633,0.001200009137392044,0.1379000023007393
2634,0.0011999800335615873,0.14960000407882035
2635,0.001300009898841381,0.13589998707175255
2636,0.001200009137392044,0.1379000023007393
2637,0.001400010660290718,0.13870000839233398
2638,0.0011999800335615873,0.13339999713934958
2639,0.001300009898841381,0.13529998250305653
2640,0.001200009137392044,0.13619998935610056
2641,0.001100008375942707,0.1340000017080456
2642,0.0010999792721122503,0.13339999713934958
2643,0.001300009898841381,0.13500000932253897
2644,0.001200009137392044,0.1345000055152923
2645,0.0010999792721122503,0.13440000475384295
2646,0.001200009137392044,0.1404999929945916
2647,0.0012999807950109243,0.13860000763088465
2648,0.001100008375942707,0.15209999401122332
2649,0.0021999876480549574,0.1970999874174595
2650,0.001600012183189392,0.1551999885123223
2651,0.001600012183189392,0.14390001888386905
2652,0.0011999800335615873,0.1466000103391707
2653,0.0014999823179095984,0.13950001448392868
2654,0.0012999807950109243,0.135900016175583
2655,0.0010999792721122503,0.13680002302862704
2656,0.001100008375942707,0.13800000306218863
2657,0.0010999792721122503,0.13390000094659626
2658,0.001100008375942707,0.12310000602155924
2659,0.0010999792721122503,0.12510002125054598
2660,0.0010999792721122503,0.1343000039923936
2661,0.001100008375942707,0.13329999637790024
2662,0.0010999792721122503,0.1373999984934926
2663,0.001100008375942707,0.12549999519251287
2664,0.00100000761449337,0.12190002598799765
2665,0.00100000761449337,0.12370001059025526
2666,0.0010999792721122503,0.12310000602155924
2667,0.00100000761449337,0.12699997751042247
2668,0.001300009898841381,0.1331999956164509
2669,0.001200009137392044,0.13199998647905886
2670,0.001200009137392044,0.1286999904550612
2671,0.001100008375942707,0.12349997996352613
2672,0.000900006853044033,0.12280000373721123
2673,0.0010999792721122503,0.12159999459981918
2674,0.001100008375942707,0.12320000678300858
2675,0.0009999785106629133,0.1474000164307654
2676,0.0012999807950109243,0.14429999282583594
2677,0.001500011421740055,0.13860000763088465
2678,0.0012999807950109243,0.14879999798722565
2679,0.001300009898841381,0.13390000094659626
2680,0.001100008375942707,0.13130001025274396
2681,0.0011999800335615873,0.12130002141930163
2682,0.00100000761449337,0.12360000982880592
2683,0.0010999792721122503,0.12209999840706587
2684,0.001100008375942707,0.1255999959539622
2685,0.001100008375942707,0.12670000432990491
2686,0.001100008375942707,0.13649999164044857
2687,0.001100008375942707,0.13229998876340687
2688,0.001100008375942707,0.1260999997612089
2689,0.0009999785106629133,0.12290000449866056
2690,0.000900006853044033,0.1236999814864248
2691,0.00100000761449337,0.12859998969361186
2692,0.001300009898841381,0.1252999936696142
2693,0.001100008375942707,0.12769998284056783
2694,0.001400010660290718,0.13380000018514693
2695,0.0010999792721122503,0.1336999994236976
2696,0.00100000761449337,0.1230000052601099
2697,0.0009999785106629133,0.1230000052601099
2698,0.001100008375942707,0.12329997844062746
2699,0.001100008375942707,0.12129999231547117
2700,0.00100000761449337,0.1221999991685152
2701,0.0010999792721122503,0.1336999994236976
2702,0.001200009137392044,0.13420000323094428
2703,0.0011999800335615873,0.13150001177564263
2704,0.00100000761449337,0.12639997294172645
2705,0.001200009137392044,0.1272000081371516
2706,0.0010999792721122503,0.12400001287460327
2707,0.0010999792721122503,0.12290000449866056
2708,0.001200009137392044,0.12429998605512083
2709,0.001100008375942707,0.1340000017080456
2710,0.001100008375942707,0.13160001253709197
2711,0.0011999800335615873,0.12939999578520656
2712,0.00100000761449337,0.12320000678300858
2713,0.0009999785106629133,0.12110001989640296
2714,0.0009999785106629133,0.12310000602155924
2715,0.001100008375942707,0.12149999383836985
2716,0.0010999792721122503,0.1255999959539622
2717,0.001100008375942707,0.13329999637790024
2718,0.001200009137392044,0.13539998326450586
2719,0.001200009137392044,0.12749998131766915
2720,0.001100008375942707,0.13150001177564263
2721,0.001100008375942707,0.12420001439750195
2722,0.00100000761449337,0.13050000416114926
2723,0.00100000761449337,0.1373999984934926
2724,0.001100008375942707,0.13349999790079892
2725,0.001200009137392044,0.13420000323094428
2726,0.001100008375942707,0.1331999956164509
2727,0.00100000761449337,0.12349997996352613
2728,0.00100000761449337,0.1238000113517046
2729,0.0010999792721122503,0.12260000221431255
2730,0.001100008375942707,0.1260999997612089
2731,0.0010999792721122503,0.132200017105788
2732,0.0009999785106629133,0.13150001177564263
2733,0.0014999823179095984,0.1306000049225986
2734,0.00100000761449337,0.1221999991685152
2735,0.0010999792721122503,0.1294999965466559
2736,0.001100008375942707,0.1269000058528036
2737,0.0010999792721122503,0.12130002141930163
2738,0.00100000761449337,0.12450001668184996
2739,0.001200009137392044,0.13279999257065356
2740,0.001100008375942707,0.13329999637790024
2741,0.001300009898841381,0.12769998284056783
2742,0.001100008375942707,0.12270000297576189
2743,0.001100008375942707,0.12070001685060561
2744,0.00100000761449337,0.12199999764561653
2745,0.00100000761449337,0.12280000373721123
2746,0.0009999785106629133,0.12410001363605261
2747,0.0011999800335615873,0.13290002243593335
2748,0.001100008375942707,0.13210001634433866
2749,0.001100008375942707,0.13390000094659626
2750,0.00100000761449337,0.12279997463338077
2751,0.001100008375942707,0.12439998681657016
2752,0.00100000761449337,0.1218999968841672
2753,0.001100008375942707,0.12240000069141388
2754,0.0009999785106629133,0.12700000661425292
2755,0.001200009137392044,0.1331999956164509
2756,0.0010999792721122503,0.1314000110141933
2757,0.001100008375942707,0.1249000197276473
2758,0.0009999785106629133,0.1230000052601099
2759,0.001100008375942707,0.1221999991685152
2760,0.0009999785106629133,0.1221999991685152
2761,0.001100008375942707,0.1218999968841672
2762,0.00100000761449337,0.13229998876340687
2763,0.0014999823179095984,0.13660002150572836
2764,0.0010999792721122503,0.13349999790079892
2765,0.001100008375942707,0.12129999231547117
2766,0.00100000761449337,0.12199999764561653
2767,0.0009999785106629133,0.1221999991685152
2768,0.001100008375942707,0.12129999231547117
2769,0.001100008375942707,0.13070000568404794
2770,0.001100008375942707,0.19829999655485153
2771,0.0021999876480549574,0.24049999774433672
2772,0.0021999876480549574,0.21700002253055573
2773,0.002300017513334751,0.23449998116120696
2774,0.0022999884095042944,0.23609999334439635
2775,0.002100015990436077,0.23300002794712782
2776,0.002100015990436077,0.218400004087016
2777,0.002300017513334751,0.18579998868517578
2778,0.0015999830793589354,0.16620001406408846
2779,0.0014999823179095984,0.15740000526420772
2780,0.0011999800335615873,0.14300001203082502
2781,0.0011999800335615873,0.13610001769848168
2782,0.0011999800335615873,0.1297999988310039
2783,0.001100008375942707,0.12370001059025526
2784,0.001100008375942707,0.12270000297576189
2785,0.00100000761449337,0.12229999992996454
2786,0.001100008375942707,0.12149999383836985
2787,0.001200009137392044,0.12929999502375722
2788,0.001200009137392044,0.1331999956164509
2789,0.0010999792721122503,0.13180001405999064
2790,0.0010999792721122503,0.1255999959539622
2791,0.00100000761449337,0.12350000906735659
2792,0.0009999785106629133,0.1221999991685152
2793,0.001100008375942707,0.13699999544769526
2794,0.001200009137392044,0.12669997522607446
2795,0.00100000761449337,0.1328999933321029
2796,0.001100008375942707,0.1340000017080456
2797,0.0011999800335615873,0.13110000872984529
2798,0.00100000761449337,0.1221999991685152
2799,0.00100000761449337,0.12240000069141388
2800,0.00100000761449337,0.12359998072497547
2801,0.00100000761449337,0.12340000830590725
2802,0.0010999792721122503,0.12050001532770693
2803,0.0010999792721122503,0.13230001786723733
2804,0.001200009137392044,0.13230001786723733
2805,0.001100008375942707,0.1269000058528036
2806,0.0010999792721122503,0.12989999959245324
2807,0.001200009137392044,0.12429998605512083
2808,0.001100008375942707,0.12370001059025526
2809,0.0009999785106629133,0.1702000154182315
2810,0.002500019036233425,0.3334999782964587
2811,0.0043000036384910345,0.18409997574053705
2812,0.001400010660290718,0.14290001126937568
2813,0.001300009898841381,0.13420000323094428
2814,0.0011999800335615873,0.1314000110141933
2815,0.0012999807950109243,0.1446000242140144
2816,0.001200009137392044,0.13010000111535192
2817,0.001100008375942707,0.1260999997612089
2818,0.0009999785106629133,0.1230000052601099
2819,0.00100000761449337,0.12139999307692051
2820,0.0010999792721122503,0.12100001913495362
2821,0.0010999792721122503,0.12090001837350428
2822,0.0009999785106629133,0.12159999459981918
2823,0.001100008375942707,0.12829998740926385
2824,0.001100008375942707,0.12199999764561653
2825,0.001100008375942707,0.1202999847009778
2826,0.00100000761449337,0.12149999383836985
2827,0.0009999785106629133,0.1238000113517046
2828,0.00100000761449337,0.12059998698532581
2829,0.001100008375942707,0.12019998393952847
2830,0.001100008375942707,0.1210999907925725
2831,0.001100008375942707,0.12620000052265823
2832,0.001100008375942707,0.12209999840706587
2833,0.00100000761449337,0.11910000466741621
2834,0.0009999785106629133,0.12020001304335892
2835,0.0009999785106629133,0.11990001075901091
2836,0.00100000761449337,0.1202999847009778
2837,0.00100000761449337,0.12039998546242714
2838,0.00100000761449337,0.12069998774677515
2839,0.001100008375942707,0.12589999823831022
2840,0.0010999792721122503,0.12360000982880592
2841,0.00100000761449337,0.12169999536126852
2842,0.0009999785106629133,0.1204000145662576
2843,0.0010999792721122503,0.12080001761205494
2844,0.0009999785106629133,0.12090001837350428
2845,0.0009999785106629133,0.1196000084746629
2846,0.001100008375942707,0.12039998546242714
2847,0.00100000761449337,0.12680000509135425
2848,0.001100008375942707,0.12159999459981918
2849,0.001200009137392044,0.12059998698532581
2850,0.001100008375942707,0.11920000542886555
2851,0.0010999792721122503,0.12110001989640296
2852,0.00100000761449337,0.12119999155402184
2853,0.001100008375942707,0.11920000542886555
2854,0.0009999785106629133,0.12120002065785229
2855,0.0010999792721122503,0.1303000026382506
2856,0.001300009898841381,0.13139998191036284
2857,0.001100008375942707,0.12919999426230788
2858,0.001300009898841381,0.13260002015158534
2859,0.0010999792721122503,0.13110000872984529
2860,0.001200009137392044,0.13000000035390258
2861,0.001100008375942707,0.1306000049225986
2862,0.0010999792721122503,0.13020000187680125
2863,0.001100008375942707,0.13840000610798597
2864,0.0010999792721122503,0.12360000982880592
2865,0.001100008375942707,0.12100001913495362
2866,0.0009999785106629133,0.1196000084746629
2867,0.001100008375942707,0.12049998622387648
2868,0.00100000761449337,0.1218999968841672
2869,0.0009999785106629133,0.12000001152046025
2870,0.001100008375942707,0.11979998089373112
2871,0.00100000761449337,0.13559998478740454
2872,0.001200009137392044,0.13119998038746417
2873,0.001300009898841381,0.13229998876340687
2874,0.001100008375942707,0.12730000889860094
2875,0.00100000761449337,0.12129999231547117
2876,0.00100000761449337,0.1218999968841672
2877,0.001100008375942707,0.12039998546242714
2878,0.00100000761449337,0.12280000373721123
2879,0.0010999792721122503,0.23850001161918044
2880,0.0017999846022576094,0.17049998859874904
2881,0.001200009137392044,0.13979998766444623
2882,0.001100008375942707,0.13810000382363796
2883,0.0012999807950109243,0.13269999180920422
2884,0.001100008375942707,0.12370001059025526
2885,0.0011999800335615873,0.12989999959245324
2886,0.001300009898841381,0.12809998588636518
2887,0.001200009137392044,0.12429998605512083
2888,0.001100008375942707,0.12129999231547117
2889,0.00100000761449337,0.12059998698532581
2890,0.000900006853044033,0.12199999764561653
2891,0.0010999792721122503,0.12149999383836985
2892,0.00100000761449337,0.1210999907925725
2893,0.00100000761449337,0.15400000847876072
2894,0.0010999792721122503,0.12670000432990491
2895,0.001200009137392044,0.12349997996352613
2896,0.001100008375942707,0.12499999138526618
2897,0.001100008375942707,0.12419998529367149
2898,0.001100008375942707,0.12359998072497547
2899,0.001100008375942707,0.12409998453222215
2900,0.001100008375942707,0.12270000297576189
2901,0.001100008375942707,0.14150000060908496
2902,0.001200009137392044,0.13840000610798597
2903,0.0011999800335615873,0.13669999316334724
2904,0.001200009137392044,0.13800000306218863
2905,0.0011999800335615873,0.13960001524537802
2906,0.0011999800335615873,0.13950001448392868
2907,0.0013999815564602613,0.1407999952789396
2908,0.001300009898841381,0.152900000102818
2909,0.0013999815564602613,0.14330001431517303
2910,0.0010999792721122503,0.14930000179447234
2911,0.001500011421740055,0.15479998546652496
2912,0.001100008375942707,0.13819997548125684
2913,0.001100008375942707,0.13599998783320189
2914,0.001100008375942707,0.14089999604038894
2915,0.0013999815564602613,0.15700000221841037
2916,0.001100008375942707,0.13639999087899923
2917,0.001200009137392044,0.13219998800195754
2918,0.001200009137392044,0.13279999257065356
2919,0.0010999792721122503,0.132500019390136
2920,0.0012999807950109243,0.13339999713934958
2921,0.001100008375942707,0.13329999637790024
2922,0.0011999800335615873,0.13930001296103
2923,0.0011999800335615873,0.13420000323094428
2924,0.001100008375942707,0.13309999485500157
2925,0.0012999807950109243,0.13120000949129462
2926,0.001200009137392044,0.13429997488856316
2927,0.001200009137392044,0.13299999409355223
2928,0.001200009137392044,0.13410000246949494
2929,0.001200009137392044,0.15720000374130905
2930,0.0013999815564602613,0.13540001236833632
2931,0.0011999800335615873,0.13359999866224825
2932,0.001100008375942707,0.12250000145286322
2933,0.001100008375942707,0.12079998850822449
2934,0.00100000761449337,0.12119999155402184
2935,0.00100000761449337,0.12099999003112316
2936,0.001100008375942707,0.12229999992996454
2937,0.001100008375942707,0.12790001346729696
2938,0.0011999800335615873,0.12169999536126852
2939,0.00100000761449337,0.12089998926967382
2940,0.001100008375942707,0.12019998393952847
2941,0.00100000761449337,0.12229999992996454
2942,0.001100008375942707,0.12420001439750195
2943,0.001100008375942707,0.12359998072497547
2944,0.00100000761449337,0.12409998453222215
2945,0.001200009137392044,0.12859998969361186
2946,0.001100008375942707,0.13380000018514693
2947,0.0011999800335615873,0.14050002209842205
2948,0.001300009898841381,0.14200000441633165
2949,0.0011999800335615873,0.13760000001639128
2950,0.001200009137392044,0.14139999984763563
2951,0.0010999792721122503,0.13920001219958067
2952,0.0012999807950109243,0.1595000212546438
2953,0.001700012944638729,0.15509998775087297
2954,0.001400010660290718,0.13689999468624592
2955,0.001100008375942707,0.12549999519251287
2956,0.0011999800335615873,0.12500002048909664
2957,0.001100008375942707,0.1373999984934926
2958,0.001100008375942707,0.13719999697059393
2959,0.0012999807950109243,0.14250000822357833
2960,0.0013999815564602613,0.13780000153928995
2961,0.001100008375942707,0.1348000077996403
2962,0.0012999807950109243,0.13530001160688698
2963,0.0011999800335615873,0.13500000932253897
2964,0.0011999800335615873,0.13320002472028136
2965,0.001100008375942707,0.13580001541413367
2966,0.001200009137392044,0.142400007462129
2967,0.0011999800335615873,0.14380001812241971
2968,0.0010999792721122503,0.13460000627674162
2969,0.001100008375942707,0.13149998267181218
2970,0.001200009137392044,0.1323999895248562
2971,0.001100008375942707,0.13119998038746417
2972,0.001200009137392044,0.13229998876340687
2973,0.001100008375942707,0.13329999637790024
2974,0.0011999800335615873,0.14340001507662237
2975,0.0011999800335615873,0.13610001769848168
2976,0.0010999792721122503,0.1336999994236976
2977,0.001100008375942707,0.13589998707175255
2978,0.001100008375942707,0.1346999779343605
2979,0.001200009137392044,0.1396999869029969
2980,0.001100008375942707,0.12770001194439828
2981,0.00100000761449337,0.12889999197795987
2982,0.001100008375942707,0.12340000830590725
2983,0.0010999792721122503,0.12060001608915627
2984,0.0010999792721122503,0.11940000695176423
2985,0.001100008375942707,0.11909997556358576
2986,0.001100008375942707,0.11950000771321356
2987,0.0010999792721122503,0.12120002065785229
2988,0.0009999785106629133,0.1221999991685152
2989,0.00100000761449337,0.13219998800195754
2990,0.001100008375942707,0.1269000058528036
2991,0.001200009137392044,0.2198000147473067
2992,0.002200016751885414,0.15609999536536634
2993,0.0011999800335615873,0.13890000991523266
2994,0.001300009898841381,0.1351999817416072
2995,0.001200009137392044,0.1399999891873449
2996,0.001200009137392044,0.13459997717291117
2997,0.001100008375942707,0.3066000062972307
2998,0.0052000104915350676,0.2882999833673239
2999,0.001800013706088066,0.169299979461357
3000,0.001300009898841381,0.1467999827582389
3001,0.001300009898841381,0.1396999869029969
3002,0.001200009137392044,0.19229997997172177
3003,0.001500011421740055,0.14899999951012433
3004,0.0012999807950109243,0.13649999164044857
3005,0.001100008375942707,0.12360000982880592
3006,0.0011999800335615873,0.12480001896619797
3007,0.001100008375942707,0.13249999028630555
3008,0.001100008375942707,0.12360000982880592
3009,0.0010999792721122503,0.12110001989640296
3010,0.001100008375942707,0.1210999907925725
3011,0.00100000761449337,0.1210999907925725
3012,0.001100008375942707,0.11850000009872019
3013,0.001100008375942707,0.12020001304335892
3014,0.001100008375942707,0.1202999847009778
3015,0.001100008375942707,0.11989998165518045
3016,0.00100000761449337,0.12250000145286322
3017,0.0011999800335615873,0.12140002218075097
3018,0.0010999792721122503,0.12159999459981918
3019,0.00100000761449337,0.11890000314451754
3020,0.0009999785106629133,0.12000001152046025
3021,0.001200009137392044,0.12039998546242714
3022,0.00100000761449337,0.12129999231547117
3023,0.001100008375942707,0.12590002734214067
3024,0.001300009898841381,0.12390001211315393
3025,0.00100000761449337,0.1196000084746629
3026,0.0009999785106629133,0.12080001761205494
3027,0.0009999785106629133,0.11839999933727086
3028,0.001100008375942707,0.12020001304335892
3029,0.00100000761449337,0.1196000084746629
3030,0.0008999777492135763,0.12110001989640296
3031,0.0010999792721122503,0.11970000923611224
3032,0.000900006853044033,0.11819999781437218
3033,0.00100000761449337,0.12010001228190958
3034,0.0009999785106629133,0.13160001253709197
3035,0.0010999792721122503,0.13150001177564263
3036,0.00100000761449337,0.13169998419471085
3037,0.001200009137392044,0.13639999087899923
3038,0.001200009137392044,0.1336999994236976
3039,0.00100000761449337,0.14540000120177865
3040,0.001100008375942707,0.14150000060908496
3041,0.001100008375942707,0.1221999991685152
3042,0.00100000761449337,0.11939997784793377
3043,0.00100000761449337,0.11910000466741621
3044,0.001100008375942707,0.12060001608915627
3045,0.001100008375942707,0.11990001075901091
3046,0.00100000761449337,0.1194999786093831
3047,0.00100000761449337,0.11970000923611224
3048,0.0008999777492135763,0.11940000695176423
3049,0.00100000761449337,0.12159999459981918
3050,0.0009999785106629133,0.11950000771321356
3051,0.001100008375942707,0.1275999820791185
3052,0.001100008375942707,0.12169999536126852
3053,0.001100008375942707,0.12019998393952847
3054,0.00100000761449337,0.11979998089373112
3055,0.00100000761449337,0.12169999536126852
3056,0.001100008375942707,0.12319997767917812
3057,0.00100000761449337,0.12340000830590725
3058,0.0010999792721122503,0.1255999959539622
3059,0.001200009137392044,0.12459998833946884
3060,0.001100008375942707,0.12320000678300858
3061,0.0009999785106629133,0.12130002141930163
3062,0.001100008375942707,0.1221999991685152
3063,0.001100008375942707,0.12389998300932348
3064,0.001100008375942707,0.1230000052601099
3065,0.0009999785106629133,0.12400001287460327
3066,0.0010999792721122503,0.1215000229422003
3067,0.00100000761449337,0.13100000796839595
3068,0.0011999800335615873,0.1238000113517046
3069,0.00100000761449337,0.1225999731104821
3070,0.001100008375942707,0.12229999992996454
3071,0.00100000761449337,0.1278999843634665
3072,0.001200009137392044,0.1323999895248562
3073,0.001200009137392044,0.13449997641146183
3074,0.001200009137392044,0.13380000018514693
3075,0.0011999800335615873,0.13240001862868667
3076,0.0011999800335615873,0.13870000839233398
3077,0.001200009137392044,0.13200001558288932
3078,0.00100000761449337,0.12339997920207679
3079,0.001100008375942707,0.12310000602155924
3080,0.001100008375942707,0.12780001270584762
3081,0.0012999807950109243,0.13600001693703234
3082,0.001200009137392044,0.15770000754855573
3083,0.0010999792721122503,0.139000010676682
3084,0.001100008375942707,0.1380999747198075
3085,0.00100000761449337,0.14879999798722565
3086,0.001200009137392044,0.13409997336566448
3087,0.001100008375942707,0.12809998588636518
3088,0.00100000761449337,0.12250000145286322
3089,0.00100000761449337,0.12269997387193143
3090,0.00100000761449337,0.12260000221431255
3091,0.00100000761449337,0.12359998072497547
3092,0.001200009137392044,0.12199999764561653
3093,0.0010999792721122503,0.1435000158380717
3094,0.0015999830793589354,0.146100006531924
3095,0.001100008375942707,0.12889999197795987
3096,0.0009999785106629133,0.12420001439750195
3097,0.0010999792721122503,0.1238000113517046
3098,0.001100008375942707,0.12349997996352613
3099,0.00100000761449337,0.12310000602155924
3100,0.0009999785106629133,0.1230000052601099
3101,0.00100000761449337,0.12309997691772878
3102,0.00100000761449337,0.12199999764561653
3103,0.001100008375942707,0.12339997920207679
3104,0.00100000761449337,0.12310000602155924
3105,0.0010999792721122503,0.12100001913495362
3106,0.001100008375942707,0.12340000830590725
3107,0.0010999792721122503,0.12250000145286322
3108,0.001100008375942707,0.12159999459981918
3109,0.001100008375942707,0.1312999811489135
3110,0.001100008375942707,0.12390001211315393
3111,0.00100000761449337,0.12199999764561653
3112,0.001100008375942707,0.12290000449866056
3113,0.001100008375942707,0.12199999764561653
3114,0.001100008375942707,0.12340000830590725
3115,0.001200009137392044,0.1218999968841672
3116,0.001100008375942707,0.12359998072497547
3117,0.001100008375942707,0.1959000073838979
3118,0.0016999838408082724,0.1666999887675047
3119,0.001600012183189392,0.15159999020397663
3120,0.0016999838408082724,0.1480000209994614
3121,0.001300009898841381,0.13689999468624592
3122,0.001100008375942707,0.1385999785270542
3123,0.001200009137392044,0.14170000213198364
3124,0.0013999815564602613,0.14089999604038894
3125,0.001100008375942707,0.13359999866224825
3126,0.001100008375942707,0.13720002607442439
3127,0.001100008375942707,0.1412999990861863
3128,0.001200009137392044,0.13689999468624592
3129,0.0011999800335615873,0.1351000100839883
3130,0.001200009137392044,0.1377999724354595
3131,0.001200009137392044,0.13520001084543765
3132,0.001100008375942707,0.1331999956164509
3133,0.001100008375942707,0.13440000475384295
3134,0.0011999800335615873,0.1343000039923936
3135,0.001100008375942707,0.1354999840259552
3136,0.001100008375942707,0.13329999637790024
3137,0.0011999800335615873,0.13390000094659626
3138,0.001200009137392044,0.1419000036548823
3139,0.0013999815564602613,0.1343000039923936
3140,0.001200009137392044,0.13329999637790024
3141,0.0010999792721122503,0.1407999952789396
3142,0.001300009898841381,0.14099999680183828
3143,0.001200009137392044,0.13109997962601483
3144,0.001100008375942707,0.1336999994236976
3145,0.0010999792721122503,0.13410000246949494
3146,0.001200009137392044,0.1345000055152923
3147,0.001200009137392044,0.13150001177564263
3148,0.0011999800335615873,0.132500019390136
3149,0.001100008375942707,0.13219998800195754
3150,0.001200009137392044,0.13259999104775488
3151,0.001100008375942707,0.1323999895248562
3152,0.001200009137392044,0.1320999872405082
3153,0.001100008375942707,0.14209997607395053
3154,0.001200009137392044,0.13299999409355223
3155,0.001400010660290718,0.13229998876340687
3156,0.001100008375942707,0.13279999257065356
3157,0.0011999800335615873,0.13350002700462937
3158,0.001200009137392044,0.13229998876340687
3159,0.001200009137392044,0.13329999637790024
3160,0.001100008375942707,0.13329999637790024
3161,0.0011999800335615873,0.1328999933321029
3162,0.001200009137392044,0.13309999485500157
3163,0.001100008375942707,0.1323999895248562
3164,0.001200009137392044,0.1331999956164509
3165,0.0010999792721122503,0.13329999637790024
3166,0.001200009137392044,0.1320999872405082
3167,0.001200009137392044,0.1370999962091446
3168,0.001400010660290718,0.1357999863103032
3169,0.001200009137392044,0.13189998571760952
3170,0.001100008375942707,0.13449997641146183
3171,0.001200009137392044,0.13719999697059393
3172,0.001200009137392044,0.1328999933321029
3173,0.0012999807950109243,0.1340000017080456
3174,0.001100008375942707,0.13719999697059393
3175,0.0011999800335615873,0.13390000094659626
3176,0.001200009137392044,0.13110000872984529
3177,0.001100008375942707,0.13190001482143998
3178,0.001100008375942707,0.13249999028630555
3179,0.001200009137392044,0.1348000077996403
3180,0.0010999792721122503,0.13440000475384295
3181,0.001200009137392044,0.13279999257065356
3182,0.0011999800335615873,0.14020001981407404
3183,0.0011999800335615873,0.13299999409355223
3184,0.001100008375942707,0.1328999933321029
3185,0.001100008375942707,0.13299999409355223
3186,0.0011999800335615873,0.13200001558288932
3187,0.0010999792721122503,0.1317000132985413
3188,0.001200009137392044,0.1328999933321029
3189,0.0011999800335615873,0.13180001405999064
3190,0.0011999800335615873,0.1306000049225986
3191,0.001200009137392044,0.1304999750573188
3192,0.001100008375942707,0.13339999713934958
3193,0.001100008375942707,0.12019998393952847
3194,0.001100008375942707,0.12250000145286322
3195,0.0010999792721122503,0.12149999383836985
3196,0.001100008375942707,0.12099999003112316
3197,0.00100000761449337,0.1269000058528036
3198,0.0012999807950109243,0.1249000197276473
3199,0.00100000761449337,0.12260000221431255
3200,0.001200009137392044,0.12279997463338077
3201,0.00100000761449337,0.12330000754445791
3202,0.0009999785106629133,0.13410000246949494
3203,0.001100008375942707,0.12379998224787414
3204,0.001100008375942707,0.12229999992996454
3205,0.00100000761449337,0.12079998850822449
3206,0.00100000761449337,0.12179999612271786
3207,0.0010999792721122503,0.12310000602155924
3208,0.00100000761449337,0.12209999840706587
3209,0.000900006853044033,0.12119999155402184
3210,0.00100000761449337,0.12240000069141388
3211,0.00100000761449337,0.12939999578520656
3212,0.0010999792721122503,0.12569999671541154
3213,0.001100008375942707,0.12350000906735659
3214,0.0009999785106629133,0.12179999612271786
3215,0.00100000761449337,0.12229999992996454
3216,0.00100000761449337,0.12299997615627944
3217,0.00100000761449337,0.13010000111535192
3218,0.001200009137392044,0.1351000100839883
3219,0.001100008375942707,0.13559998478740454
3220,0.001100008375942707,0.13359999866224825
3221,0.0010999792721122503,0.13500000932253897
3222,0.0010999792721122503,0.1317000132985413
3223,0.001200009137392044,0.13200001558288932
3224,0.001100008375942707,0.13240001862868667
3225,0.0011999800335615873,0.13290002243593335
3226,0.00100000761449337,0.12119999155402184
3227,0.00100000761449337,0.13199998647905886
3228,0.00100000761449337,0.12250000145286322
3229,0.0009999785106629133,0.12370001059025526
3230,0.0010999792721122503,0.12270000297576189
3231,0.001100008375942707,0.1218999968841672
3232,0.00100000761449337,0.1218999968841672
3233,0.0009999785106629133,0.2677000011317432
3234,0.0030999945010989904,0.18969998927786946
3235,0.001500011421740055,0.1577999792061746
3236,0.001400010660290718,0.149500003317371
3237,0.0013999815564602613,0.15100001473911107
3238,0.002100015990436077,0.20019998191855848
3239,0.001400010660290718,0.1543999824207276
3240,0.001200009137392044,0.14299998292699456
3241,0.001300009898841381,0.14869999722577631
3242,0.0013999815564602613,0.17440001829527318
3243,0.0012999807950109243,0.17380001372657716
3244,0.001700012944638729,0.16930000856518745
3245,0.0014999823179095984,0.14819999341852963
3246,0.001800013706088066,0.14579997514374554
3247,0.001400010660290718,0.146100006531924
3248,0.001100008375942707,0.14750001719221473
3249,0.001800013706088066,0.16559998039156199
3250,0.001600012183189392,0.13979998766444623
3251,0.001200009137392044,0.13639999087899923
3252,0.001100008375942707,0.1399999891873449
3253,0.0012999807950109243,0.13650002074427903
3254,0.0011999800335615873,0.13940001372247934
3255,0.0013999815564602613,0.1385000068694353
3256,0.0011999800335615873,0.13520001084543765
3257,0.001200009137392044,0.15119998715817928
3258,0.0017999846022576094,0.3192000149283558
3259,0.0035999983083456755,0.20480001694522798
3260,0.001500011421740055,0.16709999181330204
3261,0.001600012183189392,0.1503999810665846
3262,0.001300009898841381,0.13989998842589557
3263,0.001200009137392044,0.1393999846186489
3264,0.001200009137392044,0.13359999866224825
3265,0.0010999792721122503,0.13270002091303468
3266,0.001300009898841381,0.13299999409355223
3267,0.001100008375942707,0.13080000644549727
3268,0.00100000761449337,0.14250000822357833
3269,0.0013999815564602613,0.13770000077784061
3270,0.001100008375942707,0.13299999409355223
3271,0.001200009137392044,0.13429997488856316
3272,0.001100008375942707,0.13050000416114926
3273,0.0011999800335615873,0.12989999959245324
3274,0.001200009137392044,0.12989999959245324
3275,0.0011999800335615873,0.12969999806955457
3276,0.001100008375942707,0.13160001253709197
3277,0.001100008375942707,0.12509999214671552
3278,0.001100008375942707,0.12429998605512083
3279,0.001100008375942707,0.12650000280700624
3280,0.0010999792721122503,0.12450001668184996
3281,0.0010999792721122503,0.12410001363605261
3282,0.001100008375942707,0.12469998910091817
3283,0.001100008375942707,0.12560002505779266
3284,0.001100008375942707,0.13990001752972603
3285,0.001300009898841381,0.13259999104775488
3286,0.001100008375942707,0.13120000949129462
3287,0.001200009137392044,0.12989999959245324
3288,0.001200009137392044,0.1294999965466559
3289,0.0010999792721122503,0.12989999959245324
3290,0.001200009137392044,0.1303000026382506
3291,0.0011999800335615873,0.13130001025274396
3292,0.0010999792721122503,0.13210001634433866
3293,0.0010999792721122503,0.1297999988310039
3294,0.001100008375942707,0.1303000026382506
3295,0.0010999792721122503,0.128800020320341
3296,0.0010999792721122503,0.12959999730810523
3297,0.001200009137392044,0.12919999426230788
3298,0.001200009137392044,0.13059997581876814
3299,0.001100008375942707,0.2792000013869256
3300,0.0036999990697950125,0.19890000112354755
3301,0.001600012183189392,0.16559998039156199
3302,0.001300009898841381,0.1464999804738909
3303,0.001200009137392044,0.1373999984934926
3304,0.001200009137392044,0.13359999866224825
3305,0.001100008375942707,0.1317000132985413
3306,0.0011999800335615873,0.13120000949129462
3307,0.0010999792721122503,0.13110000872984529
3308,0.001100008375942707,0.12989999959245324
3309,0.0012999807950109243,0.1336999994236976
3310,0.001100008375942707,0.14659998123534024
3311,0.001200009137392044,0.13500000932253897
3312,0.001100008375942707,0.12410001363605261
3313,0.0009999785106629133,0.12149999383836985
3314,0.00100000761449337,0.12829998740926385
3315,0.001300009898841381,0.13150001177564263
3316,0.001100008375942707,0.13110000872984529
3317,0.0010999792721122503,0.12149999383836985
3318,0.001200009137392044,0.1238000113517046
3319,0.001100008375942707,0.1294999965466559
3320,0.001100008375942707,0.12909999350085855
3321,0.001100008375942707,0.13010000111535192
3322,0.001100008375942707,0.13440000475384295
3323,0.0012999807950109243,0.13020000187680125
3324,0.001200009137392044,0.12959999730810523
3325,0.001100008375942707,0.13720002607442439
3326,0.001100008375942707,0.13380000018514693
3327,0.001100008375942707,0.12919999426230788
3328,0.0010999792721122503,0.1314000110141933
3329,0.001100008375942707,0.1328999933321029
3330,0.0011999800335615873,0.13180001405999064
3331,0.0009999785106629133,0.13240001862868667
3332,0.0010999792721122503,0.13270002091303468
3333,0.001100008375942707,0.17949999892152846
3334,0.001100008375942707,0.13780000153928995
3335,0.001100008375942707,0.13440000475384295
3336,0.0011999800335615873,0.13200001558288932
3337,0.0011999800335615873,0.13270002091303468
3338,0.0010999792721122503,0.13470000703819096
3339,0.001300009898841381,0.13680002302862704
3340,0.0011999800335615873,0.19910000264644623
3341,0.0015999830793589354,0.14750001719221473
3342,0.0011999800335615873,0.13780000153928995
3343,0.001200009137392044,0.14429999282583594
3344,0.0013999815564602613,0.14260000898502767
3345,0.0011999800335615873,0.13780000153928995
3346,0.001300009898841381,0.14319998444989324
3347,0.001100008375942707,0.13229998876340687
3348,0.001200009137392044,0.1345000055152923
3349,0.0010999792721122503,0.13679999392479658
3350,0.001100008375942707,0.13589998707175255
3351,0.001200009137392044,0.14220000593923032
3352,0.0013999815564602613,0.13870000839233398
3353,0.0010999792721122503,0.1336999994236976
3354,0.001100008375942707,0.1331999956164509
3355,0.001200009137392044,0.1331999956164509
3356,0.0010999792721122503,0.13580001541413367
3357,0.0010999792721122503,0.13420000323094428
3358,0.001200009137392044,0.13499998021870852
3359,0.001200009137392044,0.1348000077996403
3360,0.001200009137392044,0.13269999180920422
3361,0.001200009137392044,0.13749999925494194
3362,0.0014999823179095984,0.13990001752972603
3363,0.0011999800335615873,0.13570001465268433
3364,0.0010999792721122503,0.1351000100839883
3365,0.0011999800335615873,0.13719999697059393
3366,0.001200009137392044,0.1446999958716333
3367,0.001300009898841381,0.39190001552924514
3368,0.0023999891709536314,0.17600000137463212
3369,0.0013999815564602613,0.14750001719221473
3370,0.001300009898841381,0.13910001143813133
3371,0.001200009137392044,0.13380000018514693
3372,0.001200009137392044,0.13259999104775488
3373,0.001100008375942707,0.13320002472028136
3374,0.001100008375942707,0.1365999924018979
3375,0.001100008375942707,0.13269999180920422
3376,0.001200009137392044,0.13249999028630555
3377,0.001200009137392044,0.20889998995698988
3378,0.0020999868866056204,0.19459999748505652
3379,0.0016999838408082724,0.15350000467151403
3380,0.001400010660290718,0.14089999604038894
3381,0.0012999807950109243,0.1367000222671777
3382,0.001300009898841381,0.13299999409355223
3383,0.001200009137392044,0.33799998345784843
3384,0.0025999906938523054,0.18289999570697546
3385,0.001500011421740055,0.15419998089782894
3386,0.001300009898841381,0.14940000255592167
3387,0.0014999823179095984,0.14449999434873462
3388,0.001300009898841381,0.13569998554885387
3389,0.001200009137392044,0.13359999866224825
3390,0.0011999800335615873,0.13180001405999064
3391,0.001200009137392044,0.13130001025274396
3392,0.001100008375942707,0.13259999104775488
3393,0.001200009137392044,0.13059997581876814
3394,0.001300009898841381,0.1441999920643866
3395,0.001200009137392044,0.1346999779343605
3396,0.001300009898841381,0.13229998876340687
3397,0.001200009137392044,0.1323999895248562
3398,0.001100008375942707,0.13390000094659626
3399,0.001200009137392044,0.13190001482143998
3400,0.001100008375942707,0.12989999959245324
3401,0.001100008375942707,0.12879999121651053
3402,0.001100008375942707,0.13749999925494194
3403,0.001400010660290718,0.13500000932253897
3404,0.0010999792721122503,0.13349999790079892
3405,0.001200009137392044,0.13050000416114926
3406,0.0011999800335615873,0.1297999988310039
3407,0.001100008375942707,0.13010000111535192
3408,0.0010999792721122503,0.15150001854635775
3409,0.006099988240748644,0.278000021353364
3410,0.002600019797682762,0.17220000154338777
3411,0.001400010660290718,0.1568000006955117
3412,0.0019999861251562834,0.14399999054148793
3413,0.001100008375942707,0.13490000856108963
3414,0.012200005585327744,0.13920001219958067
3415,0.0011999800335615873,0.132200017105788
3416,0.0010999792721122503,0.1303000026382506
3417,0.001100008375942707,0.13000000035390258
3418,0.0011999800335615873,0.1331999956164509
3419,0.001200009137392044,0.13390000094659626
3420,0.0010999792721122503,0.132500019390136
3421,0.0009999785106629133,0.14020001981407404
3422,0.001100008375942707,0.13210001634433866
3423,0.001100008375942707,0.13000000035390258
3424,0.001100008375942707,0.3038999857380986
3425,0.0027999922167509794,0.2523000002838671
3426,0.0013999815564602613,0.155999994603917
3427,0.001400010660290718,0.27779999072663486
3428,0.0034999975468963385,0.21019999985583127
3429,0.0015999830793589354,0.15100001473911107
3430,0.001200009137392044,0.13989998842589557
3431,0.001200009137392044,0.13359999866224825
3432,0.001200009137392044,0.13569998554885387
3433,0.001200009137392044,0.1472999865654856
3434,0.0012999807950109243,0.13570001465268433
3435,0.001100008375942707,0.13100000796839595
3436,0.001100008375942707,0.13070000568404794
3437,0.00100000761449337,0.12840001727454364
3438,0.001200009137392044,0.14570000348612666
3439,0.0011999800335615873,0.1348000077996403
3440,0.001200009137392044,0.1320999872405082
3441,0.001200009137392044,0.13269999180920422
3442,0.0011999800335615873,0.13150001177564263
3443,0.001200009137392044,0.1309999788645655
3444,0.001100008375942707,0.12969999806955457
3445,0.0012999807950109243,0.13210001634433866
3446,0.0010999792721122503,0.1306000049225986
3447,0.001100008375942707,0.1297999988310039
3448,0.0010999792721122503,0.132500019390136
3449,0.0010999792721122503,0.13160001253709197
3450,0.0010999792721122503,0.13349999790079892
3451,0.001100008375942707,0.13259999104775488
3452,0.001200009137392044,0.13109997962601483
3453,0.001100008375942707,0.14170000213198364
3454,0.0011999800335615873,0.13470000703819096
3455,0.001100008375942707,0.1320999872405082
3456,0.001300009898841381,0.13199998647905886
3457,0.001200009137392044,0.1312999811489135
3458,0.001300009898841381,0.13109997962601483
3459,0.001400010660290718,0.13229998876340687
3460,0.001100008375942707,0.1323999895248562
3461,0.001100008375942707,0.1283999881707132
3462,0.001100008375942707,0.13139998191036284
3463,0.001100008375942707,0.13500000932253897
3464,0.001100008375942707,0.13619998935610056
3465,0.001100008375942707,0.13420000323094428
3466,0.0012999807950109243,0.1432000135537237
3467,0.0011999800335615873,0.13530001160688698
3468,0.001300009898841381,0.13309999485500157
3469,0.0010999792721122503,0.1260999997612089
3470,0.00100000761449337,0.12260000221431255
3471,0.0010999792721122503,0.12270000297576189
3472,0.001100008375942707,0.12389998300932348
3473,0.001100008375942707,0.13219998800195754
3474,0.001200009137392044,0.13249999028630555
3475,0.001200009137392044,0.13299999409355223
3476,0.0011999800335615873,0.13280002167448401
3477,0.0011999800335615873,0.13180001405999064
3478,0.0010999792721122503,0.13329999637790024
3479,0.00100000761449337,0.14139999984763563
3480,0.0012999807950109243,0.13830000534653664
3481,0.001200009137392044,0.13420000323094428
3482,0.0011999800335615873,0.1331999956164509
3483,0.001300009898841381,0.13380000018514693
3484,0.0011999800335615873,0.1330000231973827
3485,0.001200009137392044,0.13180001405999064
3486,0.001100008375942707,0.13299999409355223
3487,0.001100008375942707,0.13380000018514693
3488,0.0010999792721122503,0.13470000703819096
3489,0.001200009137392044,0.1336999994236976
3490,0.0010999792721122503,0.132200017105788
3491,0.0011999800335615873,0.1328999933321029
3492,0.001700012944638729,0.13619998935610056
3493,0.001100008375942707,0.1351000100839883
3494,0.001200009137392044,0.13259999104775488
3495,0.001100008375942707,0.1340000017080456
3496,0.0011999800335615873,0.13520001084543765
3497,0.001200009137392044,0.1323999895248562
3498,0.0010999792721122503,0.13200001558288932
3499,0.0011999800335615873,0.1336999994236976
3500,0.001100008375942707,0.1328999933321029
3501,0.001300009898841381,0.13279999257065356
3502,0.0010999792721122503,0.13359999866224825
3503,0.001200009137392044,0.13000000035390258
3504,0.0011999800335615873,0.13990001752972603
3505,0.0012999807950109243,0.13680002302862704
3506,0.001100008375942707,0.12519999290816486
3507,0.00100000761449337,0.1221999991685152
3508,0.0010999792721122503,0.12160002370364964
3509,0.0009999785106629133,0.12620000052265823
3510,0.001200009137392044,0.13569998554885387
3511,0.001200009137392044,0.3254000039305538
3512,0.002100015990436077,0.17189999925903976
3513,0.001600012183189392,0.16200001118704677
3514,0.001500011421740055,0.15279999934136868
3515,0.0014999823179095984,0.1419000036548823
3516,0.001200009137392044,0.1382000045850873
3517,0.0012999807950109243,0.1331999956164509
3518,0.001100008375942707,0.1317999849561602
3519,0.001100008375942707,0.1331999956164509
3520,0.001100008375942707,0.16259998665191233
3521,0.005699985194951296,0.235399988014251
3522,0.00200001522898674,0.16299998969770968
3523,0.0013999815564602613,0.1440000196453184
3524,0.001200009137392044,0.13600001693703234
3525,0.001100008375942707,0.13080000644549727
3526,0.0010999792721122503,0.1230000052601099
3527,0.001100008375942707,0.12149999383836985
3528,0.00100000761449337,0.12279997463338077
3529,0.001100008375942707,0.12859998969361186
3530,0.001200009137392044,0.13539998326450586
3531,0.001100008375942707,0.13329999637790024
3532,0.001100008375942707,0.1464999804738909
3533,0.001200009137392044,0.13909998233430088
3534,0.001200009137392044,0.13539998326450586
3535,0.001200009137392044,0.13229998876340687
3536,0.001100008375942707,0.1351000100839883
3537,0.001200009137392044,0.1810000103432685
3538,0.0012999807950109243,0.13580001541413367
3539,0.0011999800335615873,0.1314000110141933
3540,0.0010999792721122503,0.13329999637790024
3541,0.001200009137392044,0.13269999180920422
3542,0.001200009137392044,0.13199998647905886
3543,0.001200009137392044,0.1320999872405082
3544,0.001200009137392044,0.1323999895248562
3545,0.001200009137392044,0.13269999180920422
3546,0.0011999800335615873,0.13350002700462937
3547,0.001100008375942707,0.14700001338496804
3548,0.001300009898841381,0.1379000023007393
3549,0.0011999800335615873,0.1343000039923936
3550,0.001200009137392044,0.13269999180920422
3551,0.001100008375942707,0.1611999759916216
3552,0.00589998671784997,0.27940000290982425
3553,0.0018999853637069464,0.17640000442042947
3554,0.001500011421740055,0.15239999629557133
3555,0.0013999815564602613,0.14200000441633165
3556,0.001300009898841381,0.13729999773204327
3557,0.0011999800335615873,0.13490000856108963
3558,0.0011999800335615873,0.13320002472028136
3559,0.001200009137392044,0.13329999637790024
3560,0.001100008375942707,0.1357999863103032
3561,0.001100008375942707,0.22570000146515667
3562,0.002900022082030773,0.19539997447282076
3563,0.001500011421740055,0.1680999994277954
3564,0.0013999815564602613,0.14710001414641738
3565,0.0012999807950109243,0.13550001312978566
3566,0.0011999800335615873,0.13550001312978566
3567,0.0011999800335615873,0.1340000017080456
3568,0.001100008375942707,0.13460000627674162
3569,0.001300009898841381,0.13749999925494194
3570,0.001200009137392044,0.13380000018514693
3571,0.001100008375942707,0.13359999866224825
3572,0.001100008375942707,0.14449999434873462
3573,0.0011999800335615873,0.13780000153928995
3574,0.001100008375942707,0.1348000077996403
3575,0.0010999792721122503,0.1340000017080456
3576,0.001100008375942707,0.13589998707175255
3577,0.001200009137392044,0.1357999863103032
3578,0.001100008375942707,0.13390000094659626
3579,0.001200009137392044,0.13309999485500157
3580,0.001100008375942707,0.12959999730810523
3581,0.0011999800335615873,0.13280002167448401
3582,0.0010999792721122503,0.13230001786723733
3583,0.001100008375942707,0.13269999180920422
3584,0.001300009898841381,0.13169998419471085
3585,0.001300009898841381,0.12229999992996454
3586,0.00100000761449337,0.1225999731104821
3587,0.00100000761449337,0.13229998876340687
3588,0.001100008375942707,0.12499999138526618
3589,0.00100000761449337,0.13359999866224825
3590,0.0010999792721122503,0.13359999866224825
3591,0.001100008375942707,0.13219998800195754
3592,0.001200009137392044,0.13380000018514693
3593,0.0011999800335615873,0.31770000350661576
3594,0.0032999960239976645,0.19829999655485153
3595,0.0014999823179095984,0.15279999934136868
3596,0.001300009898841381,0.14479999663308263
3597,0.0012999807950109243,0.13960001524537802
3598,0.0011999800335615873,0.18770000315271318
3599,0.0017999846022576094,0.1694000093266368
3600,0.001300009898841381,0.14390001888386905
3601,0.0011999800335615873,0.13410000246949494
3602,0.001200009137392044,0.13229998876340687
3603,0.001200009137392044,0.14449999434873462
3604,0.0012999807950109243,0.13339999713934958
3605,0.001100008375942707,0.14180000289343297
3606,0.0011999800335615873,0.1345000055152923
3607,0.001100008375942707,0.13199998647905886
3608,0.001100008375942707,0.13169998419471085
3609,0.001200009137392044,0.13079997734166682
3610,0.001100008375942707,0.13200001558288932
3611,0.001100008375942707,0.13120000949129462
3612,0.0010999792721122503,0.1343000039923936
3613,0.001200009137392044,0.13229998876340687
3614,0.001200009137392044,0.12989999959245324
3615,0.001100008375942707,0.1309000072069466
3616,0.0010999792721122503,0.13100000796839595
3617,0.001100008375942707,0.13139998191036284
3618,0.001100008375942707,0.14829999417997897
3619,0.001300009898841381,0.1398000167682767
3620,0.0010999792721122503,0.142400007462129
3621,0.001200009137392044,0.13390000094659626
3622,0.001100008375942707,0.13309999485500157
3623,0.001100008375942707,0.1348000077996403
3624,0.001100008375942707,0.1345000055152923
3625,0.001100008375942707,0.1301999727729708
3626,0.001100008375942707,0.13160001253709197
3627,0.001100008375942707,0.13649999164044857
3628,0.001200009137392044,0.13539998326450586
3629,0.001100008375942707,0.13110000872984529
3630,0.0011999800335615873,0.1309000072069466
3631,0.001300009898841381,0.13089997810311615
3632,0.001200009137392044,0.13780000153928995
3633,0.0013999815564602613,0.14280001050792634
3634,0.0018999853637069464,0.20199999562464654
3635,0.0018999853637069464,0.15770000754855573
3636,0.001500011421740055,0.14239997835829854
3637,0.001400010660290718,0.14069999451749027
3638,0.0011999800335615873,0.1382000045850873
3639,0.001100008375942707,0.1416000013705343
3640,0.0013999815564602613,0.14290001126937568
3641,0.0019999861251562834,0.22799998987466097
3642,0.001600012183189392,0.14769998961128294
3643,0.0010999792721122503,0.14310001279227436
3644,0.001200009137392044,0.13650002074427903
3645,0.0010999792721122503,0.13380000018514693
3646,0.001100008375942707,0.13110000872984529
3647,0.001100008375942707,0.13669999316334724
3648,0.001100008375942707,0.1317999849561602
3649,0.001100008375942707,0.13249999028630555
3650,0.001200009137392044,0.13169998419471085
3651,0.001200009137392044,0.13380000018514693
3652,0.0011999800335615873,0.12969999806955457
3653,0.001200009137392044,0.13120000949129462
3654,0.0010999792721122503,0.1340000017080456
3655,0.001200009137392044,0.13279999257065356
3656,0.001100008375942707,0.13240001862868667
3657,0.0009999785106629133,0.12050001532770693
3658,0.0009999785106629133,0.12860001879744232
3659,0.0010999792721122503,0.12370001059025526
3660,0.001100008375942707,0.11999998241662979
3661,0.00100000761449337,0.11910000466741621
3662,0.00100000761449337,0.12519999290816486
3663,0.00100000761449337,0.12030001380480826
3664,0.00100000761449337,0.13219998800195754
3665,0.001200009137392044,0.13410000246949494
3666,0.0010999792721122503,0.13230001786723733
3667,0.0010999792721122503,0.13130001025274396
3668,0.001100008375942707,0.13110000872984529
3669,0.001200009137392044,0.13169998419471085
3670,0.001100008375942707,0.13770000077784061
3671,0.0010999792721122503,0.13490000856108963
3672,0.001200009137392044,0.132500019390136
3673,0.0011999800335615873,0.13210001634433866
3674,0.0010999792721122503,0.14220000593923032
3675,0.001200009137392044,0.1317999849561602
3676,0.001100008375942707,0.12909999350085855
3677,0.0011999800335615873,0.18010000349022448
3678,0.0021999876480549574,0.16500000492669642
3679,0.001300009898841381,0.13829997624270618
3680,0.001300009898841381,0.13380000018514693
3681,0.001100008375942707,0.13419997412711382
3682,0.001200009137392044,0.13420000323094428
3683,0.0010999792721122503,0.1336999994236976
3684,0.001100008375942707,0.13669999316334724
3685,0.001300009898841381,0.13559998478740454
3686,0.001300009898841381,0.1343000039923936
3687,0.001100008375942707,0.13309999485500157
3688,0.001100008375942707,0.1446999958716333
3689,0.0011999800335615873,0.13760000001639128
3690,0.001100008375942707,0.13540001236833632
3691,0.001100008375942707,0.13520001084543765
3692,0.0012999807950109243,0.14039999223314226
3693,0.001300009898841381,0.13390000094659626
3694,0.00100000761449337,0.12299997615627944
3695,0.00100000761449337,0.1221999991685152
3696,0.00100000761449337,0.12290000449866056
3697,0.001100008375942707,0.12320000678300858
3698,0.0009999785106629133,0.12240000069141388
3699,0.00100000761449337,0.12419998529367149
3700,0.001100008375942707,0.13299999409355223
3701,0.001200009137392044,0.13380000018514693
3702,0.001200009137392044,0.1348000077996403
3703,0.0010999792721122503,0.14630000805482268
3704,0.001300009898841381,0.13960001524537802
3705,0.001200009137392044,0.13490000856108963
3706,0.001200009137392044,0.13390000094659626
3707,0.001200009137392044,0.20300000323913991
3708,0.0017999846022576094,0.1601999974809587
3709,0.001500011421740055,0.1438999897800386
3710,0.001200009137392044,0.13789997319690883
3711,0.001200009137392044,0.13649999164044857
3712,0.001300009898841381,0.1362999901175499
3713,0.001200009137392044,0.14019999071024358
3714,0.001200009137392044,0.13500000932253897
3715,0.001100008375942707,0.13329999637790024
3716,0.0010999792721122503,0.14459999511018395
3717,0.001500011421740055,0.13309999485500157
3718,0.00100000761449337,0.12019998393952847
3719,0.001100008375942707,0.11979998089373112
3720,0.001100008375942707,0.12069998774677515
3721,0.001100008375942707,0.18259999342262745
3722,0.0016999838408082724,0.14300001203082502
3723,0.0012999807950109243,0.13270002091303468
3724,0.0010999792721122503,0.1336999994236976
3725,0.001100008375942707,0.13589998707175255
3726,0.001100008375942707,0.1346999779343605
3727,0.001100008375942707,0.13259999104775488
3728,0.001100008375942707,0.13949998538009822
3729,0.001100008375942707,0.13349999790079892
3730,0.0011999800335615873,0.13230001786723733
3731,0.0011999800335615873,0.14280001050792634
3732,0.001100008375942707,0.13470000703819096
3733,0.001100008375942707,0.13199998647905886
3734,0.001100008375942707,0.1345000055152923
3735,0.001100008375942707,0.1370999962091446
3736,0.001200009137392044,0.13719999697059393
3737,0.0010999792721122503,0.13699999544769526
3738,0.001200009137392044,0.13420000323094428
3739,0.0010999792721122503,0.13230001786723733
3740,0.0010999792721122503,0.13210001634433866
3741,0.0011999800335615873,0.1331999956164509
3742,0.001100008375942707,0.1323999895248562
3743,0.001100008375942707,0.1370999962091446
3744,0.001100008375942707,0.13340002624318004
3745,0.001200009137392044,0.13160001253709197
3746,0.0010999792721122503,0.14280001050792634
3747,0.0012999807950109243,0.13420000323094428
3748,0.001200009137392044,0.13339999713934958
3749,0.0011999800335615873,0.13310002395883203
3750,0.001100008375942707,0.19079999765381217
3751,0.001300009898841381,0.14069999451749027
3752,0.0010999792721122503,0.1483999949414283
3753,0.001500011421740055,0.15079998411238194
3754,0.001100008375942707,0.13719999697059393
3755,0.001100008375942707,0.1346999779343605
3756,0.001200009137392044,0.1331999956164509
3757,0.001100008375942707,0.13830000534653664
3758,0.001200009137392044,0.13309999485500157
3759,0.001100008375942707,0.13219998800195754
3760,0.001200009137392044,0.14490002649836242
3761,0.001200009137392044,0.13150001177564263
3762,0.0010999792721122503,0.13230001786723733
3763,0.001200009137392044,0.1362999901175499
3764,0.001900014467537403,0.3311999898869544
3765,0.0029999937396496534,0.21100000594742596
3766,0.001500011421740055,0.15249999705702066
3767,0.001300009898841381,0.1373999984934926
3768,0.0010999792721122503,0.1297999988310039
3769,0.00100000761449337,0.1289999927394092
3770,0.001100008375942707,0.12849998893216252
3771,0.001200009137392044,0.12820001575164497
3772,0.00100000761449337,0.12779998360201716
3773,0.00100000761449337,0.1264000020455569
3774,0.001100008375942707,0.1269000058528036
3775,0.001100008375942707,0.20279997261241078
3776,0.0029999937396496534,0.25320000713691115
3777,0.0016999838408082724,0.15550001990050077
3778,0.001200009137392044,0.14019999071024358
3779,0.001100008375942707,0.13639999087899923
3780,0.001200009137392044,0.13339999713934958
3781,0.0011999800335615873,0.13160001253709197
3782,0.0010999792721122503,0.13190001482143998
3783,0.001200009137392044,0.13120000949129462
3784,0.001200009137392044,0.13219998800195754
3785,0.001200009137392044,0.13039997429586947
3786,0.001100008375942707,0.1306000049225986
3787,0.0011999800335615873,0.1500000071246177
3788,0.001200009137392044,0.13649999164044857
3789,0.0012999807950109243,0.13260002015158534
3790,0.0010999792721122503,0.13180001405999064
3791,0.0011999800335615873,0.12969999806955457
3792,0.001100008375942707,0.13169998419471085
3793,0.001200009137392044,0.13349999790079892
3794,0.001300009898841381,0.13230001786723733
3795,0.0010999792721122503,0.13260002015158534
3796,0.0010999792721122503,0.135900016175583
3797,0.0010999792721122503,0.13180001405999064
3798,0.0011999800335615873,0.13380000018514693
3799,0.001100008375942707,0.1289999927394092
3800,0.001200009137392044,0.12809998588636518
3801,0.001100008375942707,0.13729999773204327
3802,0.001400010660290718,0.13380000018514693
3803,0.001100008375942707,0.12969999806955457
3804,0.0010999792721122503,0.1303000026382506
3805,0.001200009137392044,0.1297999988310039
3806,0.00790000194683671,0.2674999996088445
3807,0.0017999846022576094,0.16460000188089907
3808,0.0013999815564602613,0.14489999739453197
3809,0.001300009898841381,0.13780000153928995
3810,0.0010999792721122503,0.13380000018514693
3811,0.001300009898841381,0.1317999849561602
3812,0.001100008375942707,0.1303000026382506
3813,0.0011999800335615873,0.13420000323094428
3814,0.001200009137392044,0.1252999936696142
3815,0.00100000761449337,0.12549999519251287
3816,0.0010999792721122503,0.26699999580159783
3817,0.0042000028770416975,0.20849998691119254
3818,0.001600012183189392,0.15239999629557133
3819,0.0012999807950109243,0.14310001279227436
3820,0.0013999815564602613,0.1365999924018979
3821,0.001300009898841381,0.1264000020455569
3822,0.0010999792721122503,0.12400001287460327
3823,0.001100008375942707,0.12209999840706587
3824,0.00100000761449337,0.1196000084746629
3825,0.00100000761449337,0.12210002751089633
3826,0.00100000761449337,0.12410001363605261
3827,0.0011999800335615873,0.12549999519251287
3828,0.00100000761449337,0.13199998647905886
3829,0.001200009137392044,0.1230000052601099
3830,0.0009999785106629133,0.12400001287460327
3831,0.0010999792721122503,0.12310000602155924
3832,0.00100000761449337,0.1221999991685152
3833,0.0011999800335615873,0.12330000754445791
3834,0.001100008375942707,0.1218999968841672
3835,0.0011999800335615873,0.12450001668184996
3836,0.0009999785106629133,0.12149999383836985
3837,0.00100000761449337,0.12229999992996454
3838,0.001100008375942707,0.12209999840706587
3839,0.0011999800335615873,0.12169999536126852
3840,0.001100008375942707,0.12280000373721123
3841,0.0010999792721122503,0.1221999991685152
3842,0.00100000761449337,0.12240000069141388
3843,0.00100000761449337,0.12119999155402184
3844,0.0011999800335615873,0.129400024889037
3845,0.00100000761449337,0.12599999899975955
3846,0.001200009137392044,0.12209999840706587
3847,0.0010999792721122503,0.12149999383836985
3848,0.00100000761449337,0.12290000449866056
3849,0.0009999785106629133,0.12470001820474863
3850,0.0011999800335615873,0.1331999956164509
3851,0.001200009137392044,0.13420000323094428
3852,0.0011999800335615873,0.13160001253709197
3853,0.001100008375942707,0.12909999350085855
3854,0.0009999785106629133,0.12760001118294895
3855,0.001100008375942707,0.13310002395883203
3856,0.0012999807950109243,0.1323999895248562
3857,0.001200009137392044,0.12670000432990491
3858,0.0011999800335615873,0.17540002590976655
3859,0.001300009898841381,0.1446999958716333
3860,0.001200009137392044,0.13449997641146183
3861,0.00100000761449337,0.1252999936696142
3862,0.001100008375942707,0.13249999028630555
3863,0.001200009137392044,0.13229998876340687
3864,0.0011999800335615873,0.12810001499019563
3865,0.001100008375942707,0.12090001837350428
3866,0.0010999792721122503,0.12350000906735659
3867,0.00100000761449337,0.12209999840706587
3868,0.0009999785106629133,0.1221999991685152
3869,0.001100008375942707,0.12260000221431255
3870,0.0009999785106629133,0.1230000052601099
3871,0.00100000761449337,0.12359998072497547
3872,0.001100008375942707,0.12059998698532581
3873,0.001100008375942707,0.12059998698532581
3874,0.001100008375942707,0.1221999991685152
3875,0.00100000761449337,0.12989999959245324
3876,0.001200009137392044,0.1238000113517046
3877,0.0010999792721122503,0.12450001668184996
3878,0.0009999785106629133,0.12130002141930163
3879,0.00100000761449337,0.12169999536126852
3880,0.001100008375942707,0.12129999231547117
3881,0.001100008375942707,0.12099999003112316
3882,0.00100000761449337,0.12159999459981918
3883,0.0010999792721122503,0.1218999968841672
3884,0.00100000761449337,0.12069998774677515
3885,0.001100008375942707,0.12209999840706587
3886,0.001100008375942707,0.12099999003112316
3887,0.0010999792721122503,0.12140002218075097
3888,0.0010999792721122503,0.12159999459981918
3889,0.001100008375942707,0.14230000670067966
3890,0.0012999807950109243,0.12989999959245324
3891,0.00100000761449337,0.1260999997612089
3892,0.0009999785106629133,0.12330000754445791
3893,0.001200009137392044,0.1230000052601099
3894,0.00100000761449337,0.12159999459981918
3895,0.001100008375942707,0.12270000297576189
3896,0.0010999792721122503,0.12340000830590725
3897,0.001100008375942707,0.13529998250305653
3898,0.001200009137392044,0.13169998419471085
3899,0.001100008375942707,0.13149998267181218
3900,0.001200009137392044,0.1278999843634665
3901,0.001100008375942707,0.12169999536126852
3902,0.001100008375942707,0.12199999764561653
3903,0.0010999792721122503,0.12209999840706587
3904,0.00100000761449337,0.12229999992996454
3905,0.001100008375942707,0.1301999727729708
3906,0.001100008375942707,0.1238000113517046
3907,0.001100008375942707,0.13349999790079892
3908,0.001100008375942707,0.1323999895248562
3909,0.001100008375942707,0.12159999459981918
3910,0.0010999792721122503,0.12190002598799765
3911,0.00100000761449337,0.13070000568404794
3912,0.001100008375942707,0.12320000678300858
3913,0.001100008375942707,0.12229999992996454
3914,0.0009999785106629133,0.12270000297576189
3915,0.001100008375942707,0.12379998224787414
3916,0.001100008375942707,0.1230000052601099
3917,0.0011999800335615873,0.12209999840706587
3918,0.001100008375942707,0.12229999992996454
3919,0.001100008375942707,0.12149999383836985
3920,0.0009999785106629133,0.12890002108179033
3921,0.0012999807950109243,0.15430001076310873
3922,0.0012999807950109243,0.15130001702345908
3923,0.0014999823179095984,0.14940000255592167
3924,0.001100008375942707,0.13380000018514693
3925,0.001200009137392044,0.13800000306218863
3926,0.001100008375942707,0.1317000132985413
3927,0.001100008375942707,0.13429997488856316
3928,0.001200009137392044,0.1340000017080456
3929,0.001100008375942707,0.135900016175583
3930,0.0010999792721122503,0.12670000432990491
3931,0.001100008375942707,0.1320999872405082
3932,0.001200009137392044,0.1320999872405082
3933,0.001100008375942707,0.1260999997612089
3934,0.0008999777492135763,0.1264000020455569
3935,0.001100008375942707,0.14269998064264655
3936,0.001300009898841381,0.13689999468624592
3937,0.00100000761449337,0.12039998546242714
3938,0.001100008375942707,0.12169999536126852
3939,0.00100000761449337,0.12239997158758342
3940,0.00100000761449337,0.12509999214671552
3941,0.00100000761449337,0.1230000052601099
3942,0.0010999792721122503,0.12320000678300858
3943,0.001200009137392044,0.13489997945725918
3944,0.001200009137392044,0.13380000018514693
3945,0.0010999792721122503,0.13310002395883203
3946,0.001100008375942707,0.13190001482143998
3947,0.001100008375942707,0.12489999062381685
3948,0.001200009137392044,0.12250000145286322
3949,0.00100000761449337,0.1236999814864248
3950,0.001100008375942707,0.1264000020455569
3951,0.001300009898841381,0.13070000568404794
3952,0.0009999785106629133,0.12350000906735659
3953,0.00100000761449337,0.12320000678300858
3954,0.00100000761449337,0.1218999968841672
3955,0.00100000761449337,0.1221999991685152
3956,0.0008999777492135763,0.12280000373721123
3957,0.001200009137392044,0.12270000297576189
3958,0.00100000761449337,0.12179999612271786
3959,0.0010999792721122503,0.1221999991685152
3960,0.001200009137392044,0.12260000221431255
3961,0.0010999792721122503,0.12080001761205494
3962,0.0010999792721122503,0.12060001608915627
3963,0.0010999792721122503,0.12100001913495362
3964,0.001100008375942707,0.12149999383836985
3965,0.001100008375942707,0.12260000221431255
3966,0.0009999785106629133,0.12780001270584762
3967,0.001200009137392044,0.12450001668184996
3968,0.0011999800335615873,0.12190002598799765
3969,0.001200009137392044,0.1210999907925725
3970,0.00100000761449337,0.1221999991685152
3971,0.001100008375942707,0.12139999307692051
3972,0.0009999785106629133,0.12260000221431255
3973,0.00100000761449337,0.1218999968841672
3974,0.001100008375942707,0.12299997615627944
3975,0.001100008375942707,0.12260000221431255
3976,0.0010999792721122503,0.13620001845993102
3977,0.0009999785106629133,0.12060001608915627
3978,0.0010999792721122503,0.12280000373721123
3979,0.00100000761449337,0.12209999840706587
3980,0.00100000761449337,0.12630000128410757
3981,0.001200009137392044,0.12740000966005027
3982,0.001100008375942707,0.12360000982880592
3983,0.0010999792721122503,0.12360000982880592
3984,0.00100000761449337,0.12339997920207679
3985,0.00100000761449337,0.1236999814864248
3986,0.001100008375942707,0.12260000221431255
3987,0.001100008375942707,0.12250000145286322
3988,0.001100008375942707,0.12240000069141388
3989,0.001100008375942707,0.12260000221431255
3990,0.00100000761449337,0.12149999383836985
3991,0.001200009137392044,0.1362999901175499
3992,0.001100008375942707,0.2674999996088445
3993,0.002700020559132099,0.17980000120587647
3994,0.001600012183189392,0.15499998698942363
3995,0.001400010660290718,0.14099999680183828
3996,0.0011999800335615873,0.13270002091303468
3997,0.0010999792721122503,0.12860001879744232
3998,0.001100008375942707,0.12780001270584762
3999,0.0009999785106629133,0.12539999443106353
4000,0.001100008375942707,0.1264000020455569
4001,0.0010999792721122503,0.12650000280700624
4002,0.001100008375942707,0.1244999875780195
4003,0.001100008375942707,0.21379999816417694
4004,0.0014999823179095984,0.13960001524537802
4005,0.0011999800335615873,0.13230001786723733
4006,0.0010999792721122503,0.132200017105788
4007,0.0010999792721122503,0.1328999933321029
4008,0.001100008375942707,0.13219998800195754
4009,0.001300009898841381,0.13050000416114926
4010,0.0009999785106629133,0.11890000314451754
4011,0.001100008375942707,0.1218999968841672
4012,0.0008999777492135763,0.12060001608915627
4013,0.00100000761449337,0.12170002446509898
4014,0.0009999785106629133,0.12450001668184996
4015,0.0009999785106629133,0.12290000449866056
4016,0.00100000761449337,0.13040000339969993
4017,0.001100008375942707,0.12459998833946884
4018,0.00100000761449337,0.12409998453222215
4019,0.00100000761449337,0.1210999907925725
4020,0.00100000761449337,0.12350000906735659
4021,0.00100000761449337,0.12209999840706587
4022,0.00100000761449337,0.12260000221431255
4023,0.0009999785106629133,0.12199999764561653
4024,0.001100008375942707,0.12209999840706587
4025,0.001100008375942707,0.12089998926967382
4026,0.00100000761449337,0.12049998622387648
4027,0.00100000761449337,0.1225999731104821
4028,0.001100008375942707,0.12099999003112316
4029,0.001100008375942707,0.12199999764561653
4030,0.001100008375942707,0.1225999731104821
4031,0.001100008375942707,0.12179999612271786
4032,0.00100000761449337,0.12889999197795987
4033,0.00100000761449337,0.12539999443106353
4034,0.0009999785106629133,0.1246000174432993
4035,0.0009999785106629133,0.1221999991685152
4036,0.00100000761449337,0.14039999223314226
4037,0.001100008375942707,0.14899999951012433
4038,0.0015999830793589354,0.15720000374130905
4039,0.001100008375942707,0.13810000382363796
4040,0.001300009898841381,0.13810000382363796
4041,0.0012999807950109243,0.13390000094659626
4042,0.001100008375942707,0.13299999409355223
4043,0.0010999792721122503,0.13210001634433866
4044,0.0009999785106629133,0.12770001194439828
4045,0.001100008375942707,0.13279999257065356
4046,0.0011999800335615873,0.13440000475384295
4047,0.001100008375942707,0.13279999257065356
4048,0.0011999800335615873,0.12980002793483436
4049,0.001200009137392044,0.13229998876340687
4050,0.001200009137392044,0.13040000339969993
4051,0.0009999785106629133,0.12120002065785229
4052,0.0009999785106629133,0.12250000145286322
4053,0.001100008375942707,0.12169999536126852
4054,0.00100000761449337,0.12220002827234566
4055,0.001100008375942707,0.1210999907925725
4056,0.00100000761449337,0.12250000145286322
4057,0.001100008375942707,0.12329997844062746
4058,0.00100000761449337,0.12229999992996454
4059,0.0010999792721122503,0.12330000754445791
4060,0.001100008375942707,0.12260000221431255
4061,0.001100008375942707,0.13120000949129462
4062,0.0010999792721122503,0.12330000754445791
4063,0.001100008375942707,0.1221999991685152
4064,0.0009999785106629133,0.12310000602155924
4065,0.00100000761449337,0.12169999536126852
4066,0.0010999792721122503,0.12330000754445791
4067,0.00100000761449337,0.12099999003112316
4068,0.001100008375942707,0.12179999612271786
4069,0.0009999785106629133,0.12340000830590725
4070,0.001100008375942707,0.12279997463338077
4071,0.00100000761449337,0.12360000982880592
4072,0.0009999785106629133,0.12290000449866056
4073,0.001100008375942707,0.12229999992996454
4074,0.0009999785106629133,0.12539999443106353
4075,0.00100000761449337,0.12370001059025526
4076,0.0009999785106629133,0.12050001532770693
4077,0.0010999792721122503,0.13420000323094428
4078,0.001300009898841381,0.13279999257065356
4079,0.0010999792721122503,0.13150001177564263
4080,0.001200009137392044,0.13010000111535192
4081,0.00100000761449337,0.12129999231547117
4082,0.001100008375942707,0.1303000026382506
4083,0.0010999792721122503,0.14479999663308263
4084,0.001200009137392044,0.13569998554885387
4085,0.001200009137392044,0.1320999872405082
4086,0.001100008375942707,0.1336999994236976
4087,0.0010999792721122503,0.1260999997612089
4088,0.00100000761449337,0.12620000052265823
4089,0.001200009137392044,0.13299999409355223
4090,0.0010999792721122503,0.13120000949129462
4091,0.001100008375942707,0.12139999307692051
4092,0.0009999785106629133,0.12920002336613834
4093,0.001100008375942707,0.12310000602155924
4094,0.0009999785106629133,0.12400001287460327
4095,0.001100008375942707,0.12329997844062746
4096,0.00100000761449337,0.12330000754445791
4097,0.00100000761449337,0.12240000069141388
4098,0.001100008375942707,0.12250000145286322
4099,0.0010999792721122503,0.12310000602155924
4100,0.00100000761449337,0.12299997615627944
4101,0.001100008375942707,0.12270000297576189
4102,0.0010999792721122503,0.12250000145286322
4103,0.001100008375942707,0.1230000052601099
4104,0.0010999792721122503,0.1221999991685152
4105,0.00100000761449337,0.12139999307692051
4106,0.00100000761449337,0.12199999764561653
4107,0.0009999785106629133,0.12170002446509898
4108,0.001100008375942707,0.12790001346729696
4109,0.001100008375942707,0.12290000449866056
4110,0.00100000761449337,0.12179999612271786
4111,0.0009999785106629133,0.1221999991685152
4112,0.001200009137392044,0.12159999459981918
4113,0.00100000761449337,0.12169999536126852
4114,0.0008999777492135763,0.12159999459981918
4115,0.001100008375942707,0.12209999840706587
4116,0.001100008375942707,0.12089998926967382
4117,0.00100000761449337,0.12149999383836985
4118,0.0009999785106629133,0.12130002141930163
4119,0.0010999792721122503,0.12179999612271786
4120,0.001100008375942707,0.12129999231547117
4121,0.001100008375942707,0.12260000221431255
4122,0.0010999792721122503,0.1283000165130943
4123,0.0010999792721122503,0.12519999290816486
4124,0.001100008375942707,0.1218999968841672
4125,0.001100008375942707,0.12229999992996454
4126,0.0009999785106629133,0.1230000052601099
4127,0.00100000761449337,0.12240000069141388
4128,0.0010999792721122503,0.1221999991685152
4129,0.001100008375942707,0.12260000221431255
4130,0.0009999785106629133,0.12280000373721123
4131,0.001100008375942707,0.13879998004995286
4132,0.001800013706088066,0.1908999984152615
4133,0.001800013706088066,0.15539999003522098
4134,0.001200009137392044,0.14289998216554523
4135,0.001300009898841381,0.1540999801363796
4136,0.001300009898841381,0.1416000013705343
4137,0.0011999800335615873,0.14260000898502767
4138,0.001200009137392044,0.13849997776560485
4139,0.001300009898841381,0.1422999775968492
4140,0.001300009898841381,0.13669999316334724
4141,0.001200009137392044,0.13539998326450586
4142,0.001100008375942707,0.13440000475384295
4143,0.0011999800335615873,0.13380000018514693
4144,0.001200009137392044,0.1433999859727919
4145,0.001300009898841381,0.13599998783320189
4146,0.001200009137392044,0.13599998783320189
4147,0.0011999800335615873,0.14210000517778099
4148,0.001300009898841381,0.1379000023007393
4149,0.0011999800335615873,0.13550001312978566
4150,0.0011999800335615873,0.1340000017080456
4151,0.001200009137392044,0.13489997945725918
4152,0.001200009137392044,0.1336999994236976
4153,0.001200009137392044,0.1340000017080456
4154,0.001200009137392044,0.1331999956164509
4155,0.001300009898841381,0.13169998419471085
4156,0.001100008375942707,0.13259999104775488
4157,0.001200009137392044,0.1317999849561602
4158,0.001200009137392044,0.13329999637790024
4159,0.001200009137392044,0.13440000475384295
4160,0.001100008375942707,0.13359999866224825
4161,0.001200009137392044,0.1331999956164509
4162,0.001100008375942707,0.14150000060908496
4163,0.0011999800335615873,0.13359999866224825
4164,0.001200009137392044,0.1331999956164509
4165,0.001100008375942707,0.132500019390136
4166,0.0010999792721122503,0.12939999578520656
4167,0.001200009137392044,0.13189998571760952
4168,0.001100008375942707,0.13279999257065356
4169,0.001100008375942707,0.13339999713934958
4170,0.0011999800335615873,0.13359999866224825
4171,0.001200009137392044,0.12330000754445791
4172,0.0009999785106629133,0.12260000221431255
4173,0.00100000761449337,0.1218999968841672
4174,0.0010999792721122503,0.13310002395883203
4175,0.001100008375942707,0.1419000036548823
4176,0.0011999800335615873,0.13570001465268433
4177,0.0011999800335615873,0.14280001050792634
4178,0.001300009898841381,0.13780000153928995
4179,0.001300009898841381,0.13460000627674162
4180,0.0011999800335615873,0.13490000856108963
4181,0.0012999807950109243,0.13270002091303468
4182,0.0010999792721122503,0.13280002167448401
4183,0.001200009137392044,0.1340000017080456
4184,0.001100008375942707,0.13229998876340687
4185,0.0011999800335615873,0.13260002015158534
4186,0.0010999792721122503,0.13359999866224825
4187,0.001100008375942707,0.1328999933321029
4188,0.001200009137392044,0.13269999180920422
4189,0.0011999800335615873,0.14260000898502767
4190,0.001400010660290718,0.13869997928850353
4191,0.001200009137392044,0.1340000017080456
4192,0.0011999800335615873,0.13420000323094428
4193,0.001200009137392044,0.1346999779343605
4194,0.001100008375942707,0.13559998478740454
4195,0.001200009137392044,0.1323999895248562
4196,0.001300009898841381,0.1320999872405082
4197,0.001100008375942707,0.18400000408291817
4198,0.001400010660290718,0.14230000670067966
4199,0.0012999807950109243,0.1343000039923936
4200,0.001100008375942707,0.13559998478740454
4201,0.001200009137392044,0.1343000039923936
4202,0.001100008375942707,0.13309999485500157
4203,0.001200009137392044,0.13380000018514693
4204,0.0010999792721122503,0.142700009746477
4205,0.0012999807950109243,0.13420000323094428
4206,0.001100008375942707,0.1331999956164509
4207,0.001100008375942707,0.13169998419471085
4208,0.001100008375942707,0.12479998986236751
4209,0.001100008375942707,0.1236999814864248
4210,0.001100008375942707,0.1236999814864248
4211,0.001100008375942707,0.12229999992996454
4212,0.0012999807950109243,0.13290002243593335
4213,0.0010999792721122503,0.13390000094659626
4214,0.001200009137392044,0.13329999637790024
4215,0.0011999800335615873,0.1345000055152923
4216,0.001100008375942707,0.13349999790079892
4217,0.0010999792721122503,0.13269999180920422
4218,0.001100008375942707,0.13530001160688698
4219,0.001200009137392044,0.146100006531924
4220,0.0012999807950109243,0.13800000306218863
4221,0.001100008375942707,0.13489997945725918
4222,0.001200009137392044,0.13569998554885387
4223,0.001100008375942707,0.1362999901175499
4224,0.001200009137392044,0.13529998250305653
4225,0.001300009898841381,0.13529998250305653
4226,0.001200009137392044,0.13390000094659626
4227,0.0011999800335615873,0.13190001482143998
4228,0.001200009137392044,0.13240001862868667
4229,0.0011999800335615873,0.13270002091303468
4230,0.001200009137392044,0.12549999519251287
4231,0.001200009137392044,0.12209999840706587
4232,0.00100000761449337,0.12330000754445791
4233,0.001100008375942707,0.1221999991685152
4234,0.0009999785106629133,0.13080000644549727
4235,0.001300009898841381,0.1351999817416072
4236,0.001200009137392044,0.13249999028630555
4237,0.001200009137392044,0.1328999933321029
4238,0.0011999800335615873,0.13320002472028136
4239,0.001100008375942707,0.13339999713934958
4240,0.001200009137392044,0.13269999180920422
4241,0.0011999800335615873,0.13350002700462937
4242,0.001200009137392044,0.1320999872405082
4243,0.001100008375942707,0.13349999790079892
4244,0.001200009137392044,0.13349999790079892
4245,0.0012999807950109243,0.13339999713934958
4246,0.001200009137392044,0.13359999866224825
4247,0.0011999800335615873,0.1340000017080456
4248,0.001200009137392044,0.1416000013705343
4249,0.0013999815564602613,0.1382000045850873
4250,0.001200009137392044,0.13419997412711382
4251,0.001100008375942707,0.13219998800195754
4252,0.001200009137392044,0.13259999104775488
4253,0.001100008375942707,0.13299999409355223
4254,0.001200009137392044,0.13459997717291117
4255,0.001200009137392044,0.13329999637790024
4256,0.001100008375942707,0.1351000100839883
4257,0.001200009137392044,0.13410000246949494
4258,0.001200009137392044,0.13339999713934958
4259,0.001100008375942707,0.13359999866224825
4260,0.0011999800335615873,0.132200017105788
4261,0.0010999792721122503,0.14069999451749027
4262,0.001200009137392044,0.13589998707175255
4263,0.001100008375942707,0.13349999790079892
4264,0.001300009898841381,0.135900016175583
4265,0.0011999800335615873,0.13270002091303468
4266,0.0011999800335615873,0.1328999933321029
4267,0.001100008375942707,0.13299999409355223
4268,0.001200009137392044,0.13249999028630555
4269,0.001200009137392044,0.13149998267181218
4270,0.001200009137392044,0.1320999872405082
4271,0.001300009898841381,0.13249999028630555
4272,0.001200009137392044,0.1312999811489135
4273,0.001100008375942707,0.13259999104775488
4274,0.001200009137392044,0.13799997395835817
4275,0.001300009898841381,0.1328999933321029
4276,0.001100008375942707,0.13349999790079892
4277,0.0011999800335615873,0.13160001253709197
4278,0.0011999800335615873,0.13230001786723733
4279,0.0011999800335615873,0.13359999866224825
4280,0.001300009898841381,0.1315999834332615
4281,0.00100000761449337,0.13070000568404794
4282,0.0011999800335615873,0.13490000856108963
4283,0.001100008375942707,0.13280002167448401
4284,0.0010999792721122503,0.13299999409355223
4285,0.001100008375942707,0.1272000081371516
4286,0.0010999792721122503,0.12310000602155924
4287,0.001100008375942707,0.12849998893216252
4288,0.00100000761449337,0.12470001820474863
4289,0.0009999785106629133,0.12270000297576189
4290,0.00100000761449337,0.12310000602155924
4291,0.001200009137392044,0.12159999459981918
4292,0.00100000761449337,0.12599999899975955
4293,0.001100008375942707,0.13230001786723733
4294,0.0011999800335615873,0.13240001862868667
4295,0.0011999800335615873,0.132500019390136
4296,0.001200009137392044,0.1323999895248562
4297,0.001300009898841381,0.1320999872405082
4298,0.001200009137392044,0.13249999028630555
4299,0.001100008375942707,0.13309999485500157
4300,0.001100008375942707,0.13989998842589557
4301,0.0012999807950109243,0.13620001845993102
4302,0.0011999800335615873,0.13230001786723733
4303,0.0011999800335615873,0.13210001634433866
4304,0.001200009137392044,0.13229998876340687
4305,0.001200009137392044,0.1331999956164509
4306,0.001100008375942707,0.1309999788645655
4307,0.001200009137392044,0.1331999956164509
4308,0.001100008375942707,0.23579999106004834
4309,0.006199989002197981,0.2263000060338527
4310,0.001700012944638729,0.15330000314861536
4311,0.0012999807950109243,0.14109999756328762
4312,0.001200009137392044,0.13780000153928995
4313,0.001100008375942707,0.13500000932253897
4314,0.0011999800335615873,0.1345000055152923
4315,0.001200009137392044,0.1331999956164509
4316,0.0011999800335615873,0.13650002074427903
4317,0.001200009137392044,0.1348000077996403
4318,0.0011999800335615873,0.13620001845993102
4319,0.0011999800335615873,0.1328999933321029
4320,0.001100008375942707,0.1432000135537237
4321,0.001200009137392044,0.13550001312978566
4322,0.001100008375942707,0.13309999485500157
4323,0.001200009137392044,0.13390000094659626
4324,0.0011999800335615873,0.1314000110141933
4325,0.0011999800335615873,0.13190001482143998
4326,0.0011999800335615873,0.13320002472028136
4327,0.001100008375942707,0.12310000602155924
4328,0.0010999792721122503,0.1221999991685152
4329,0.00100000761449337,0.13020000187680125
4330,0.0011999800335615873,0.132200017105788
4331,0.0011999800335615873,0.13520001084543765
4332,0.001100008375942707,0.12349997996352613
4333,0.001100008375942707,0.12310000602155924
4334,0.0009999785106629133,0.12080001761205494
4335,0.001100008375942707,0.12400001287460327
4336,0.0009999785106629133,0.13530001160688698
4337,0.001100008375942707,0.1962000096682459
4338,0.001600012183189392,0.15709997387602925
4339,0.001600012183189392,0.17109999316744506
4340,0.001400010660290718,0.14220000593923032
4341,0.001200009137392044,0.13909998233430088
4342,0.001400010660290718,0.13569998554885387
4343,0.001200009137392044,0.13309999485500157
4344,0.001200009137392044,0.13359999866224825
4345,0.0012999807950109243,0.1328999933321029
4346,0.001200009137392044,0.1323999895248562
4347,0.001200009137392044,0.13840000610798597
4348,0.001300009898841381,0.13870000839233398
4349,0.0011999800335615873,0.13309999485500157
4350,0.001200009137392044,0.13609998859465122
4351,0.001300009898841381,0.13599998783320189
4352,0.001200009137392044,0.14089999604038894
4353,0.0013999815564602613,0.1370999962091446
4354,0.001200009137392044,0.13569998554885387
4355,0.001200009137392044,0.1354999840259552
4356,0.001300009898841381,0.13380000018514693
4357,0.0010999792721122503,0.1348000077996403
4358,0.001100008375942707,0.1343000039923936
4359,0.001300009898841381,0.1340000017080456
4360,0.001200009137392044,0.14300001203082502
4361,0.001200009137392044,0.1351999817416072
4362,0.00100000761449337,0.13299999409355223
4363,0.001200009137392044,0.1336000277660787
4364,0.001300009898841381,0.13219998800195754
4365,0.001100008375942707,0.1340000017080456
4366,0.0010999792721122503,0.13610001769848168
4367,0.0011999800335615873,0.13309999485500157
4368,0.001100008375942707,0.13299999409355223
4369,0.001100008375942707,0.13349999790079892
4370,0.0010999792721122503,0.13190001482143998
4371,0.0011999800335615873,0.13210001634433866
4372,0.0012999807950109243,0.13240001862868667
4373,0.001100008375942707,0.12879999121651053
4374,0.001100008375942707,0.13269999180920422
4375,0.001100008375942707,0.14259997988119721
4376,0.001100008375942707,0.13669999316334724
4377,0.001200009137392044,0.1343999756500125
4378,0.001200009137392044,0.12429998605512083
4379,0.001100008375942707,0.12280000373721123
4380,0.00100000761449337,0.12280000373721123
4381,0.001200009137392044,0.1230000052601099
4382,0.0010999792721122503,0.12250000145286322
4383,0.001200009137392044,0.12240000069141388
4384,0.0011999800335615873,0.12320000678300858
4385,0.001100008375942707,0.13000000035390258
4386,0.001200009137392044,0.13329999637790024
4387,0.001100008375942707,0.1340000017080456
4388,0.0011999800335615873,0.13180001405999064
4389,0.0010999792721122503,0.13200001558288932
4390,0.0010999792721122503,0.14069999451749027
4391,0.001200009137392044,0.13729999773204327
4392,0.001200009137392044,0.13550001312978566
4393,0.001200009137392044,0.1328999933321029
4394,0.0011999800335615873,0.13410000246949494
4395,0.001100008375942707,0.1351999817416072
4396,0.001300009898841381,0.30839999089948833
4397,0.0034999975468963385,0.19339998834766448
4398,0.0015999830793589354,0.15860001440159976
4399,0.0013999815564602613,0.16009999671950936
4400,0.001200009137392044,0.14449999434873462
4401,0.001200009137392044,0.13619998935610056
4402,0.001200009137392044,0.13619998935610056
4403,0.0011999800335615873,0.1343000039923936
4404,0.001200009137392044,0.1343000039923936
4405,0.001100008375942707,0.14910000027157366
4406,0.001700012944638729,0.19229997997172177
4407,0.0033999967854470015,0.2562000008765608
4408,0.0014999823179095984,0.16450000111944973
4409,0.0014999823179095984,0.1598000235389918
4410,0.0012999807950109243,0.14370001736097038
4411,0.001200009137392044,0.14479999663308263
4412,0.001300009898841381,0.13729999773204327
4413,0.0009999785106629133,0.12050001532770693
4414,0.0009999785106629133,0.12130002141930163
4415,0.00100000761449337,0.1210999907925725
4416,0.001100008375942707,0.1210999907925725
4417,0.00100000761449337,0.12290000449866056
4418,0.0009999785106629133,0.12290000449866056
4419,0.001100008375942707,0.1742999884299934
4420,0.001200009137392044,0.13679999392479658
4421,0.0011999800335615873,0.13290002243593335
4422,0.001300009898841381,0.13080000644549727
4423,0.0011999800335615873,0.13270002091303468
4424,0.0011999800335615873,0.1328999933321029
4425,0.001100008375942707,0.13070000568404794
4426,0.0010999792721122503,0.13920001219958067
4427,0.0010999792721122503,0.13230001786723733
4428,0.0010999792721122503,0.13200001558288932
4429,0.0010999792721122503,0.12820001575164497
4430,0.0009999785106629133,0.11920000542886555
4431,0.001100008375942707,0.12069998774677515
4432,0.001100008375942707,0.12009998317807913
4433,0.00100000761449337,0.12000001152046025
4434,0.001100008375942707,0.12879999121651053
4435,0.001100008375942707,0.13110000872984529
4436,0.00100000761449337,0.13020000187680125
4437,0.001200009137392044,0.4215999797452241
4438,0.0029999937396496534,0.1728000061120838
4439,0.0014999823179095984,0.1432000135537237
4440,0.001100008375942707,0.13639999087899923
4441,0.001100008375942707,0.13349999790079892
4442,0.001200009137392044,0.13149998267181218
4443,0.001100008375942707,0.13070000568404794
4444,0.001300009898841381,0.12909999350085855
4445,0.001100008375942707,0.12929999502375722
4446,0.001100008375942707,0.13199998647905886
4447,0.001200009137392044,0.1320999872405082
4448,0.001100008375942707,0.1446999958716333
4449,0.0012999807950109243,0.13279999257065356
4450,0.00100000761449337,0.13219998800195754
4451,0.001100008375942707,0.13120000949129462
4452,0.001100008375942707,0.13120000949129462
4453,0.0011999800335615873,0.1306000049225986
4454,0.001100008375942707,0.13010000111535192
4455,0.0010999792721122503,0.12890002108179033
4456,0.001100008375942707,0.12820001575164497
4457,0.001100008375942707,0.12919999426230788
4458,0.001200009137392044,0.13169998419471085
4459,0.001100008375942707,0.1303000026382506
4460,0.0011999800335615873,0.13130001025274396
4461,0.001100008375942707,0.129100022604689
4462,0.0010999792721122503,0.12870001955889165
4463,0.001100008375942707,0.13930001296103
4464,0.0011999800335615873,0.13160001253709197
4465,0.0011999800335615873,0.13120000949129462
4466,0.001200009137392044,0.1303000026382506
4467,0.001200009137392044,0.12799998512491584
4468,0.001100008375942707,0.1297999988310039
4469,0.001300009898841381,0.12989999959245324
4470,0.0010999792721122503,0.12989999959245324
4471,0.001200009137392044,0.12859998969361186
4472,0.001100008375942707,0.13059997581876814
4473,0.001100008375942707,0.1289999927394092
4474,0.001200009137392044,0.13050000416114926
4475,0.00100000761449337,0.12780001270584762
4476,0.0010999792721122503,0.12780001270584762
4477,0.0010999792721122503,0.12890002108179033
4478,0.0010999792721122503,0.13770000077784061
4479,0.001200009137392044,0.1315999834332615
4480,0.001100008375942707,0.16070000128820539
4481,0.0011999800335615873,0.13780000153928995
4482,0.001200009137392044,0.13339999713934958
4483,0.0010999792721122503,0.13160001253709197
4484,0.0011999800335615873,0.132500019390136
4485,0.0010999792721122503,0.13180001405999064
4486,0.0010999792721122503,0.1297999988310039
4487,0.001100008375942707,0.1289999927394092
4488,0.001100008375942707,0.13010000111535192
4489,0.0009999785106629133,0.13210001634433866
4490,0.0010999792721122503,0.1314000110141933
4491,0.0009999785106629133,0.12400001287460327
4492,0.001100008375942707,0.1252999936696142
4493,0.0010999792721122503,0.301499996567145
4494,0.0029999937396496534,0.20490001770667732
4495,0.001600012183189392,0.14980000560171902
4496,0.0012999807950109243,0.13920001219958067
4497,0.0010999792721122503,0.13470000703819096
4498,0.001200009137392044,0.1333000254817307
4499,0.001200009137392044,0.13359999866224825
4500,0.001200009137392044,0.1388999808114022
4501,0.001300009898841381,0.1351999817416072
4502,0.001200009137392044,0.13589998707175255
4503,0.001200009137392044,0.13279999257065356
4504,0.001200009137392044,0.13259999104775488
4505,0.001100008375942707,0.13069997658021748
4506,0.001100008375942707,0.1306000049225986
4507,0.0011999800335615873,0.13150001177564263
4508,0.0010999792721122503,0.13760000001639128
4509,0.001200009137392044,0.1320999872405082
4510,0.001200009137392044,0.13339999713934958
4511,0.001200009137392044,0.13150001177564263
4512,0.001100008375942707,0.12989999959245324
4513,0.0011999800335615873,0.13020000187680125
4514,0.001100008375942707,0.1312999811489135
4515,0.001200009137392044,0.13599998783320189
4516,0.001200009137392044,0.13380000018514693
4517,0.0010999792721122503,0.12969999806955457
4518,0.001100008375942707,0.1294999965466559
4519,0.001100008375942707,0.1328999933321029
4520,0.0010999792721122503,0.13310002395883203
4521,0.001200009137392044,0.13010000111535192
4522,0.001100008375942707,0.19269998301751912
4523,0.005499983672052622,0.3005000180564821
4524,0.001800013706088066,0.1604999997653067
4525,0.0012999807950109243,0.14459999511018395
4526,0.001200009137392044,0.1373999984934926
4527,0.0012999807950109243,0.13500000932253897
4528,0.001300009898841381,0.13329999637790024
4529,0.0010999792721122503,0.13200001558288932
4530,0.0010999792721122503,0.13200001558288932
4531,0.0010999792721122503,0.13190001482143998
4532,0.0010999792721122503,0.1351000100839883
4533,0.0010999792721122503,0.14620000729337335
4534,0.001200009137392044,0.1354999840259552
4535,0.001200009137392044,0.13329999637790024
4536,0.0009999785106629133,0.13160001253709197
4537,0.001300009898841381,0.13419997412711382
4538,0.001100008375942707,0.13110000872984529
4539,0.0010999792721122503,0.13269999180920422
4540,0.001100008375942707,0.13279999257065356
4541,0.001200009137392044,0.13070000568404794
4542,0.001100008375942707,0.12919999426230788
4543,0.001100008375942707,0.12909999350085855
4544,0.001100008375942707,0.1346999779343605
4545,0.001500011421740055,0.13609998859465122
4546,0.001100008375942707,0.12939999578520656
4547,0.0011999800335615873,0.1330000231973827
4548,0.001300009898841381,0.14029999147169292
4549,0.001100008375942707,0.13269999180920422
4550,0.001100008375942707,0.12929999502375722
4551,0.0012999807950109243,0.1283000165130943
4552,0.0009999785106629133,0.12939999578520656
4553,0.00100000761449337,0.1283999881707132
4554,0.001200009137392044,0.12939999578520656
4555,0.001100008375942707,0.13119998038746417
4556,0.001100008375942707,0.13040000339969993
4557,0.0010999792721122503,0.13610001769848168
4558,0.0011999800335615873,0.13520001084543765
4559,0.0012999807950109243,0.13890000991523266
4560,0.001100008375942707,0.13609998859465122
4561,0.001100008375942707,0.1317000132985413
4562,0.001100008375942707,0.12929999502375722
4563,0.0010999792721122503,0.13630001922138035
4564,0.00100000761449337,0.12020001304335892
4565,0.0011999800335615873,0.12500002048909664
4566,0.001100008375942707,0.13749999925494194
4567,0.001300009898841381,0.1379000023007393
4568,0.001100008375942707,0.1314000110141933
4569,0.0009999785106629133,0.13190001482143998
4570,0.0010999792721122503,0.12250000145286322
4571,0.001100008375942707,0.14489999739453197
4572,0.0011999800335615873,0.13840000610798597
4573,0.001100008375942707,0.13479997869580984
4574,0.001100008375942707,0.13329999637790024
4575,0.001100008375942707,0.13189998571760952
4576,0.00100000761449337,0.1430999836884439
4577,0.001100008375942707,0.13390000094659626
4578,0.0010999792721122503,0.13380000018514693
4579,0.001100008375942707,0.1343000039923936
4580,0.0010999792721122503,0.1331999956164509
4581,0.001100008375942707,0.13329999637790024
4582,0.001200009137392044,0.13309999485500157
4583,0.0010999792721122503,0.13380000018514693
4584,0.001100008375942707,0.1323999895248562
4585,0.001300009898841381,0.13359999866224825
4586,0.0010999792721122503,0.1331999956164509
4587,0.001200009137392044,0.13149998267181218
4588,0.001100008375942707,0.13279999257065356
4589,0.001100008375942707,0.1317999849561602
4590,0.001200009137392044,0.14069999451749027
4591,0.0011999800335615873,0.1379000023007393
4592,0.001100008375942707,0.14359998749569058
4593,0.001300009898841381,0.13649999164044857
4594,0.001100008375942707,0.1340000017080456
4595,0.001100008375942707,0.13299999409355223
4596,0.00100000761449337,0.13500000932253897
4597,0.001200009137392044,0.13390000094659626
4598,0.001100008375942707,0.13309999485500157
4599,0.0010999792721122503,0.1331999956164509
4600,0.001100008375942707,0.1320999872405082
4601,0.001200009137392044,0.1340000017080456
4602,0.0008999777492135763,0.12440001592040062
4603,0.0010999792721122503,0.13080000644549727
4604,0.001300009898841381,0.12549999519251287
4605,0.0010999792721122503,0.12240000069141388
4606,0.00100000761449337,0.1331999956164509
4607,0.001200009137392044,0.13390000094659626
4608,0.001200009137392044,0.13410000246949494
4609,0.001100008375942707,0.13229998876340687
4610,0.0011999800335615873,0.13650002074427903
4611,0.0012999807950109243,0.22119999630376697
4612,0.001800013706088066,0.15529998927377164
4613,0.0011999800335615873,0.13890000991523266
4614,0.001200009137392044,0.13539998326450586
4615,0.001200009137392044,0.1453000004403293
4616,0.001200009137392044,0.135600013891235
4617,0.0009999785106629133,0.12280000373721123
4618,0.001200009137392044,0.13089997810311615
4619,0.001200009137392044,0.13440000475384295
4620,0.0011999800335615873,0.1364000199828297
4621,0.00100000761449337,0.12340000830590725
4622,0.0009999785106629133,0.13180001405999064
4623,0.001200009137392044,0.13540001236833632
4624,0.001200009137392044,0.13589998707175255
4625,0.001200009137392044,0.13419997412711382
4626,0.001100008375942707,0.1336999994236976
4627,0.0013999815564602613,0.132200017105788
4628,0.0011999800335615873,0.1330000231973827
4629,0.001100008375942707,0.13249999028630555
4630,0.001100008375942707,0.1441999920643866
4631,0.001200009137392044,0.1354999840259552
4632,0.001200009137392044,0.17329998081550002
4633,0.001800013706088066,0.16090000281110406
4634,0.0012999807950109243,0.14059999375604093
4635,0.001200009137392044,0.1382000045850873
4636,0.0011999800335615873,0.13950001448392868
4637,0.0011999800335615873,0.13620001845993102
4638,0.001100008375942707,0.1351000100839883
4639,0.0010999792721122503,0.13500000932253897
4640,0.001100008375942707,0.13419997412711382
4641,0.001300009898841381,0.1336999994236976
4642,0.0012999807950109243,0.13260002015158534
4643,0.0011999800335615873,0.13309999485500157
4644,0.001100008375942707,0.14260000898502767
4645,0.001300009898841381,0.135600013891235
4646,0.001300009898841381,0.13390000094659626
4647,0.001100008375942707,0.13349999790079892
4648,0.0010999792721122503,0.13500000932253897
4649,0.0012999807950109243,0.13349999790079892
4650,0.001200009137392044,0.1328999933321029
4651,0.001100008375942707,0.13669999316334724
4652,0.001200009137392044,0.13869997928850353
4653,0.001300009898841381,0.14069999451749027
4654,0.0010999792721122503,0.13950001448392868
4655,0.0011999800335615873,0.1435000158380717
4656,0.0012999807950109243,0.13810000382363796
4657,0.001200009137392044,0.1336999994236976
4658,0.0012999807950109243,0.14089999604038894
4659,0.001500011421740055,0.13929998385719955
4660,0.001200009137392044,0.1340000017080456
4661,0.0011999800335615873,0.1328999933321029
4662,0.001100008375942707,0.13279999257065356
4663,0.001200009137392044,0.13249999028630555
4664,0.001100008375942707,0.13259999104775488
4665,0.001100008375942707,0.13660002150572836
4666,0.0012999807950109243,0.13669999316334724
4667,0.001400010660290718,0.13470000703819096
4668,0.0011999800335615873,0.13420000323094428
4669,0.001100008375942707,0.13229998876340687
4670,0.001200009137392044,0.1303000026382506
4671,0.001200009137392044,0.142700009746477
4672,0.001200009137392044,0.13860000763088465
4673,0.0011999800335615873,0.13240001862868667
4674,0.0010999792721122503,0.13279999257065356
4675,0.001100008375942707,0.12680000509135425
4676,0.0009999785106629133,0.12199999764561653
4677,0.00100000761449337,0.12330000754445791
4678,0.0010999792721122503,0.12260000221431255
4679,0.00100000761449337,0.12250000145286322
4680,0.0009999785106629133,0.12320000678300858
4681,0.00100000761449337,0.12349997996352613
4682,0.000900006853044033,0.13420000323094428
4683,0.0010999792721122503,0.13120000949129462
4684,0.00100000761449337,0.1331999956164509
4685,0.0012999807950109243,0.13420000323094428
4686,0.001100008375942707,0.13410000246949494
4687,0.0018999853637069464,0.139000010676682
4688,0.0010999792721122503,0.135600013891235
4689,0.0009999785106629133,0.13390000094659626
4690,0.001100008375942707,0.1336999994236976
4691,0.0010999792721122503,0.13260002015158534
4692,0.0011999800335615873,0.13269999180920422
4693,0.001100008375942707,0.13259999104775488
4694,0.001200009137392044,0.1320999872405082
4695,0.001200009137392044,0.13299999409355223
4696,0.001200009137392044,0.1331999956164509
4697,0.0010999792721122503,0.13470000703819096
4698,0.001200009137392044,0.19570000586099923
4699,0.0023999891709536314,0.21570001263171434
4700,0.001500011421740055,0.156299996888265
4701,0.001300009898841381,0.1422999775968492
4702,0.001100008375942707,0.13639999087899923
4703,0.001300009898841381,0.13329999637790024
4704,0.0012999807950109243,0.13349999790079892
4705,0.001300009898841381,0.13160001253709197
4706,0.001200009137392044,0.13329999637790024
4707,0.001200009137392044,0.13349999790079892
4708,0.0010999792721122503,0.1351000100839883
4709,0.001100008375942707,0.1320999872405082
4710,0.001200009137392044,0.1336999994236976
4711,0.001300009898841381,0.13410000246949494
4712,0.0010999792721122503,0.1330000231973827
4713,0.0011999800335615873,0.13329999637790024
4714,0.001200009137392044,0.13259999104775488
4715,0.001100008375942707,0.14099999680183828
4716,0.0011999800335615873,0.13329999637790024
4717,0.001200009137392044,0.13440000475384295
4718,0.0009999785106629133,0.12390001211315393
4719,0.0010999792721122503,0.1215000229422003
4720,0.0009999785106629133,0.1218999968841672
4721,0.001100008375942707,0.12179999612271786
4722,0.00100000761449337,0.12250000145286322
4723,0.001200009137392044,0.12430001515895128
4724,0.00100000761449337,0.12410001363605261
4725,0.0009999785106629133,0.1221999991685152
4726,0.00100000761449337,0.12209999840706587
4727,0.00100000761449337,0.12159999459981918
4728,0.0010999792721122503,0.12240000069141388
4729,0.00100000761449337,0.12250000145286322
4730,0.0011999800335615873,0.12360000982880592
4731,0.001100008375942707,0.13299999409355223
4732,0.0009999785106629133,0.12209999840706587
4733,0.00100000761449337,0.1210999907925725
4734,0.00100000761449337,0.12280000373721123
4735,0.0010999792721122503,0.12350000906735659
4736,0.001100008375942707,0.1221999991685152
4737,0.001100008375942707,0.12099999003112316
4738,0.00100000761449337,0.12320000678300858
4739,0.0009999785106629133,0.12240000069141388
4740,0.00100000761449337,0.12280000373721123
4741,0.0010999792721122503,0.12190002598799765
4742,0.001100008375942707,0.1218999968841672
4743,0.001100008375942707,0.12169999536126852
4744,0.001100008375942707,0.15630002599209547
4745,0.001500011421740055,0.13840000610798597
4746,0.0010999792721122503,0.13470000703819096
4747,0.001200009137392044,0.1351999817416072
4748,0.001200009137392044,0.13719999697059393
4749,0.0013999815564602613,0.14760001795366406
4750,0.001300009898841381,0.13150001177564263
4751,0.0010999792721122503,0.12209999840706587
4752,0.001100008375942707,0.1221999991685152
4753,0.0010999792721122503,0.12160002370364964
4754,0.0010999792721122503,0.12260000221431255
4755,0.001100008375942707,0.12319997767917812
4756,0.001100008375942707,0.12730000889860094
4757,0.0010999792721122503,0.13070000568404794
4758,0.001100008375942707,0.1312999811489135
4759,0.001100008375942707,0.13149998267181218
4760,0.001300009898841381,0.12569999671541154
4761,0.001100008375942707,0.12270000297576189
4762,0.001100008375942707,0.12310000602155924
4763,0.0009999785106629133,0.12140002218075097
4764,0.0009999785106629133,0.1230000052601099
4765,0.001200009137392044,0.1221999991685152
4766,0.00100000761449337,0.12159999459981918
4767,0.00100000761449337,0.12119999155402184
4768,0.001100008375942707,0.12019998393952847
4769,0.00100000761449337,0.12240000069141388
4770,0.00100000761449337,0.12169999536126852
4771,0.0010999792721122503,0.12140002218075097
4772,0.00100000761449337,0.12179999612271786
4773,0.001100008375942707,0.12599999899975955
4774,0.0012999807950109243,0.12470001820474863
4775,0.0009999785106629133,0.12149999383836985
4776,0.00100000761449337,0.12229999992996454
4777,0.00100000761449337,0.12280000373721123
4778,0.001100008375942707,0.12229999992996454
4779,0.001100008375942707,0.12229999992996454
4780,0.0010999792721122503,0.1230000052601099
4781,0.00100000761449337,0.12359998072497547
4782,0.00100000761449337,0.1210999907925725
4783,0.00100000761449337,0.12340000830590725
4784,0.00100000761449337,0.12450001668184996
4785,0.001100008375942707,0.12310000602155924
4786,0.00100000761449337,0.12240000069141388
4787,0.00100000761449337,0.12079998850822449
4788,0.001100008375942707,0.12330000754445791
4789,0.0010999792721122503,0.12280000373721123
4790,0.00100000761449337,0.13070000568404794
4791,0.001100008375942707,0.12879999121651053
4792,0.001100008375942707,0.1351000100839883
4793,0.001100008375942707,0.13210001634433866
4794,0.001100008375942707,0.13329999637790024
4795,0.001200009137392044,0.13309999485500157
4796,0.001200009137392044,0.13270002091303468
4797,0.0010999792721122503,0.13679999392479658
4798,0.001200009137392044,0.1379000023007393
4799,0.0011999800335615873,0.13280002167448401
4800,0.0009999785106629133,0.1230000052601099
4801,0.00100000761449337,0.1297999988310039
4802,0.0010999792721122503,0.13309999485500157
4803,0.001100008375942707,0.13890000991523266
4804,0.00100000761449337,0.12280000373721123
4805,0.00100000761449337,0.12319997767917812
4806,0.00100000761449337,0.12229999992996454
4807,0.001100008375942707,0.12159999459981918
4808,0.0009999785106629133,0.12250000145286322
4809,0.00100000761449337,0.12240000069141388
4810,0.0009999785106629133,0.12320000678300858
4811,0.00100000761449337,0.12089998926967382
4812,0.00100000761449337,0.12179999612271786
4813,0.0010999792721122503,0.12250000145286322
4814,0.001100008375942707,0.12340000830590725
4815,0.00100000761449337,0.12139999307692051
4816,0.00100000761449337,0.12049998622387648
4817,0.00100000761449337,0.12069998774677515
4818,0.00100000761449337,0.12069998774677515
4819,0.00100000761449337,0.1297999988310039
4820,0.001200009137392044,0.1880000054370612
4821,0.0024999899324029684,0.18390000332146883
4822,0.0014999823179095984,0.14110002666711807
4823,0.001200009137392044,0.1432000135537237
4824,0.001100008375942707,0.1362999901175499
4825,0.001200009137392044,0.13589998707175255
4826,0.001300009898841381,0.13490000856108963
4827,0.001200009137392044,0.135600013891235
4828,0.00100000761449337,0.13570001465268433
4829,0.0011999800335615873,0.13490000856108963
4830,0.0010999792721122503,0.13530001160688698
4831,0.001200009137392044,0.1370999962091446
4832,0.0011999800335615873,0.14519999967887998
4833,0.001300009898841381,0.1391999830957502
4834,0.001100008375942707,0.13410000246949494
4835,0.0011999800335615873,0.13299999409355223
4836,0.001100008375942707,0.13359999866224825
4837,0.0011999800335615873,0.1333000254817307
4838,0.001200009137392044,0.1331999956164509
4839,0.001100008375942707,0.1328999933321029
4840,0.001100008375942707,0.13449997641146183
4841,0.001200009137392044,0.13359999866224825
4842,0.001100008375942707,0.1336000277660787
4843,0.001200009137392044,0.13229998876340687
4844,0.001100008375942707,0.13490000856108963
4845,0.0010999792721122503,0.13240001862868667
4846,0.001200009137392044,0.13339999713934958
4847,0.001200009137392044,0.14359998749569058
4848,0.001300009898841381,0.13359999866224825
4849,0.0010999792721122503,0.132500019390136
4850,0.001100008375942707,0.13339999713934958
4851,0.001100008375942707,0.13269999180920422
4852,0.001100008375942707,0.13180001405999064
4853,0.001200009137392044,0.13279999257065356
4854,0.0010999792721122503,0.13329999637790024
4855,0.001100008375942707,0.1343000039923936
4856,0.0011999800335615873,0.1309000072069466
4857,0.001200009137392044,0.13219998800195754
4858,0.001200009137392044,0.13390000094659626
4859,0.001100008375942707,0.1773000112734735
4860,0.001400010660290718,0.13870000839233398
4861,0.0009999785106629133,0.12430001515895128
4862,0.00100000761449337,0.12330000754445791
4863,0.001200009137392044,0.12290000449866056
4864,0.00100000761449337,0.1221999991685152
4865,0.001100008375942707,0.12270000297576189
4866,0.0010999792721122503,0.12119999155402184
4867,0.001100008375942707,0.12539999443106353
4868,0.001200009137392044,0.13329999637790024
4869,0.0010999792721122503,0.1330000231973827
4870,0.001100008375942707,0.13299999409355223
4871,0.001200009137392044,0.13299999409355223
4872,0.001200009137392044,0.13149998267181218
4873,0.001100008375942707,0.1446999958716333
4874,0.0011999800335615873,0.13490000856108963
4875,0.001100008375942707,0.13309999485500157
4876,0.0010999792721122503,0.13470000703819096
4877,0.001100008375942707,0.13380000018514693
4878,0.0011999800335615873,0.1328999933321029
4879,0.001200009137392044,0.1348000077996403
4880,0.0010999792721122503,0.13390000094659626
4881,0.001200009137392044,0.13649999164044857
4882,0.0011999800335615873,0.13530001160688698
4883,0.001200009137392044,0.1346999779343605
4884,0.001100008375942707,0.13410000246949494
4885,0.0011999800335615873,0.13650002074427903
4886,0.001200009137392044,0.13380000018514693
4887,0.001200009137392044,0.13229998876340687
4888,0.00100000761449337,0.1412999990861863
4889,0.001100008375942707,0.13530001160688698
4890,0.0011999800335615873,0.13540001236833632
4891,0.0010999792721122503,0.1348000077996403
4892,0.001100008375942707,0.13339999713934958
4893,0.0010999792721122503,0.13380000018514693
4894,0.001100008375942707,0.1328999933321029
4895,0.001100008375942707,0.13380000018514693
4896,0.001300009898841381,0.13229998876340687
4897,0.001100008375942707,0.12660000356845558
4898,0.0009999785106629133,0.12320000678300858
4899,0.00100000761449337,0.12250000145286322
4900,0.00100000761449337,0.12290000449866056
4901,0.00100000761449337,0.13089997810311615
4902,0.001200009137392044,0.12270000297576189
4903,0.0010999792721122503,0.13070000568404794
4904,0.001100008375942707,0.13249999028630555
4905,0.001100008375942707,0.13309999485500157
4906,0.0010999792721122503,0.13500000932253897
4907,0.001100008375942707,0.13329999637790024
4908,0.001100008375942707,0.13359999866224825
4909,0.001200009137392044,0.13440000475384295
4910,0.001100008375942707,0.13600001693703234
4911,0.001200009137392044,0.13380000018514693
4912,0.001200009137392044,0.1336999994236976
4913,0.001100008375942707,0.13269999180920422
4914,0.001100008375942707,0.12010001228190958
4915,0.00100000761449337,0.12260000221431255
4916,0.001100008375942707,0.1286999904550612
4917,0.0010999792721122503,0.12420001439750195
4918,0.001100008375942707,0.12309997691772878
4919,0.001100008375942707,0.13130001025274396
4920,0.001200009137392044,0.13979998766444623
4921,0.001400010660290718,0.13460000627674162
4922,0.0011999800335615873,0.13280002167448401
4923,0.001100008375942707,0.13190001482143998
4924,0.001200009137392044,0.1331999956164509
4925,0.001100008375942707,0.13420000323094428
4926,0.0011999800335615873,0.13669999316334724
4927,0.001200009137392044,0.13440000475384295
4928,0.0009999785106629133,0.1348000077996403
4929,0.001200009137392044,0.13219998800195754
4930,0.001200009137392044,0.13119998038746417
4931,0.001100008375942707,0.14019999071024358
4932,0.001100008375942707,0.13399997260421515
4933,0.001100008375942707,0.13120000949129462
4934,0.0010999792721122503,0.1351000100839883
4935,0.0012999807950109243,0.13600001693703234
4936,0.0010999792721122503,0.1379000023007393
4937,0.001100008375942707,0.13589998707175255
4938,0.001200009137392044,0.13449997641146183
4939,0.001300009898841381,0.13520001084543765
4940,0.001200009137392044,0.13359999866224825
4941,0.001200009137392044,0.13299999409355223
4942,0.0011999800335615873,0.13620001845993102
4943,0.0010999792721122503,0.14000001829117537
4944,0.0013999815564602613,0.1370999962091446
4945,0.001200009137392044,0.13259999104775488
4946,0.001100008375942707,0.1343999756500125
4947,0.001100008375942707,0.1343000039923936
4948,0.0011999800335615873,0.132500019390136
4949,0.0010999792721122503,0.13100000796839595
4950,0.001100008375942707,0.13279999257065356
4951,0.0011999800335615873,0.13310002395883203
4952,0.001100008375942707,0.13470000703819096
4953,0.0010999792721122503,0.1336999994236976
4954,0.001100008375942707,0.13259999104775488
4955,0.001100008375942707,0.13279999257065356
4956,0.001200009137392044,0.13879998004995286
4957,0.001200009137392044,0.1351999817416072
4958,0.001100008375942707,0.13309999485500157
4959,0.001100008375942707,0.1346999779343605
4960,0.001100008375942707,0.1354999840259552
4961,0.001200009137392044,0.13309999485500157
4962,0.001100008375942707,0.13489997945725918
4963,0.001200009137392044,0.1354999840259552
4964,0.001100008375942707,0.13150001177564263
4965,0.00100000761449337,0.1348000077996403
4966,0.0011999800335615873,0.13310002395883203
4967,0.001200009137392044,0.1832999987527728
4968,0.001500011421740055,0.14409999130293727
4969,0.0012999807950109243,0.14650000957772136
4970,0.001200009137392044,0.13760000001639128
4971,0.001200009137392044,0.1357999863103032
4972,0.001200009137392044,0.13679999392479658
4973,0.001200009137392044,0.1346999779343605
4974,0.001300009898841381,0.13440000475384295
4975,0.0012999807950109243,0.13359999866224825
4976,0.001200009137392044,0.13440000475384295
4977,0.0009999785106629133,0.12630000128410757
4978,0.001100008375942707,0.13339999713934958
4979,0.0012999807950109243,0.13470000703819096
4980,0.001100008375942707,0.12719997903332114
4981,0.001200009137392044,0.12199999764561653
4982,0.001100008375942707,0.12089998926967382
4983,0.001100008375942707,0.12499999138526618
4984,0.0015999830793589354,0.1365999924018979
4985,0.001100008375942707,0.13599998783320189
4986,0.001100008375942707,0.13100000796839595
4987,0.0010999792721122503,0.1314000110141933
4988,0.0012999807950109243,0.1345000055152923
4989,0.001100008375942707,0.1331999956164509
4990,0.0011999800335615873,0.13190001482143998
4991,0.0011999800335615873,0.13210001634433866
4992,0.0010999792721122503,0.1333000254817307
4993,0.001200009137392044,0.1328999933321029
4994,0.001100008375942707,0.1320999872405082
4995,0.001200009137392044,0.1320999872405082
4996,0.001200009137392044,0.1336999994236976
4997,0.0011999800335615873,0.13380000018514693
4998,0.001100008375942707,0.13879998004995286
4999,0.001400010660290718,0.13770000077784061
5000,0.0010999792721122503,0.13310002395883203
5001,0.001100008375942707,0.13200001558288932
5002,0.0010999792721122503,0.13130001025274396
5003,0.0010999792721122503,0.13280002167448401
5004,0.0010999792721122503,0.13329999637790024
5005,0.001100008375942707,0.1323999895248562
5006,0.001200009137392044,0.1323999895248562
5007,0.001200009137392044,0.1317999849561602
5008,0.001200009137392044,0.13139998191036284
5009,0.001100008375942707,0.1328999933321029
5010,0.001100008375942707,0.13109997962601483
5011,0.001100008375942707,0.13830000534653664
5012,0.001200009137392044,0.13550001312978566
5013,0.0011999800335615873,0.13339999713934958
5014,0.001200009137392044,0.13199998647905886
5015,0.001300009898841381,0.13509998098015785
5016,0.001200009137392044,0.1345000055152923
5017,0.0010999792721122503,0.13490000856108963
5018,0.0011999800335615873,0.13359999866224825
5019,0.001100008375942707,0.13080000644549727
5020,0.0010999792721122503,0.13420000323094428
5021,0.001100008375942707,0.12229999992996454
5022,0.0010999792721122503,0.12080001761205494
5023,0.0010999792721122503,0.12310000602155924
5024,0.00100000761449337,0.12199999764561653
5025,0.0010999792721122503,0.12200002674944699
5026,0.00100000761449337,0.12599999899975955
5027,0.001500011421740055,0.12579999747686088
5028,0.0009999785106629133,0.12340000830590725
5029,0.00100000761449337,0.12199999764561653
5030,0.00100000761449337,0.12229999992996454
5031,0.001100008375942707,0.1218999968841672
5032,0.0010999792721122503,0.12240000069141388
5033,0.001100008375942707,0.12250000145286322
5034,0.001100008375942707,0.12240000069141388
5035,0.00100000761449337,0.12159999459981918
5036,0.001100008375942707,0.12139999307692051
5037,0.001100008375942707,0.12169999536126852
5038,0.0010999792721122503,0.1215000229422003
5039,0.00100000761449337,0.12270000297576189
5040,0.00100000761449337,0.12469998910091817
5041,0.0013999815564602613,0.12730000889860094
5042,0.001100008375942707,0.12149999383836985
5043,0.001100008375942707,0.1215000229422003
5044,0.0009999785106629133,0.12209999840706587
5045,0.00100000761449337,0.1230000052601099
5046,0.0009999785106629133,0.1230000052601099
5047,0.00100000761449337,0.12139999307692051
5048,0.0009999785106629133,0.17240000306628644
5049,0.001800013706088066,0.17040001694113016
5050,0.0011999800335615873,0.14509999891743064
5051,0.001300009898841381,0.1345000055152923
5052,0.0011999800335615873,0.13540001236833632
5053,0.0011999800335615873,0.14790002023801208
5054,0.001100008375942707,0.13619998935610056
5055,0.001200009137392044,0.13410000246949494
5056,0.0011999800335615873,0.13310002395883203
5057,0.001100008375942707,0.1340000017080456
5058,0.001200009137392044,0.13539998326450586
5059,0.001300009898841381,0.13409997336566448
5060,0.001200009137392044,0.13669999316334724
5061,0.001300009898841381,0.13589998707175255
5062,0.001100008375942707,0.13539998326450586
5063,0.001200009137392044,0.13489997945725918
5064,0.001100008375942707,0.13329999637790024
5065,0.001200009137392044,0.1331999956164509
5066,0.0011999800335615873,0.13270002091303468
5067,0.001200009137392044,0.13329999637790024
5068,0.001100008375942707,0.14119999832473695
5069,0.0013999815564602613,0.13359999866224825
5070,0.001200009137392044,0.13359999866224825
5071,0.0010999792721122503,0.1340000017080456
5072,0.001100008375942707,0.1328999933321029
5073,0.001200009137392044,0.1320999872405082
5074,0.001100008375942707,0.13199998647905886
5075,0.001100008375942707,0.13309999485500157
5076,0.0011999800335615873,0.1846000086516142
5077,0.0013999815564602613,0.14940000255592167
5078,0.001200009137392044,0.13689999468624592
5079,0.001200009137392044,0.13649999164044857
5080,0.0010999792721122503,0.14440002269111574
5081,0.001200009137392044,0.13599998783320189
5082,0.001100008375942707,0.13669999316334724
5083,0.001100008375942707,0.13929998385719955
5084,0.001100008375942707,0.1357999863103032
5085,0.001100008375942707,0.13589998707175255
5086,0.001200009137392044,0.1328999933321029
5087,0.001100008375942707,0.13299999409355223
5088,0.0010999792721122503,0.12350000906735659
5089,0.001100008375942707,0.12339997920207679
5090,0.00100000761449337,0.12439998681657016
5091,0.00100000761449337,0.12399998377077281
5092,0.001100008375942707,0.12079998850822449
5093,0.001100008375942707,0.1275000104214996
5094,0.001100008375942707,0.13420000323094428
5095,0.001100008375942707,0.13339999713934958
5096,0.0010999792721122503,0.13440000475384295
5097,0.00100000761449337,0.13359999866224825
5098,0.0010999792721122503,0.13380000018514693
5099,0.001200009137392044,0.1306000049225986
5100,0.001200009137392044,0.13100000796839595
5101,0.0011999800335615873,0.13190001482143998
5102,0.0011999800335615873,0.1336999994236976
5103,0.001200009137392044,0.13249999028630555
5104,0.001100008375942707,0.13329999637790024
5105,0.0010999792721122503,0.13110000872984529
5106,0.001200009137392044,0.1430999836884439
5107,0.001300009898841381,0.13719999697059393
5108,0.0010999792721122503,0.13160001253709197
5109,0.0010999792721122503,0.13260002015158534
5110,0.0011999800335615873,0.13230001786723733
5111,0.001200009137392044,0.13329999637790024
5112,0.001300009898841381,0.13349999790079892
5113,0.0011999800335615873,0.132500019390136
5114,0.0010999792721122503,0.13299999409355223
5115,0.001200009137392044,0.13249999028630555
5116,0.001100008375942707,0.1388999808114022
5117,0.001100008375942707,0.13410000246949494
5118,0.0010999792721122503,0.1340000017080456
5119,0.001200009137392044,0.13420000323094428
5120,0.0011999800335615873,0.13460000627674162
5121,0.001200009137392044,0.14259997988119721
5122,0.001300009898841381,0.1336999994236976
5123,0.0011999800335615873,0.13580001541413367
5124,0.0010999792721122503,0.1314000110141933
5125,0.001100008375942707,0.12360000982880592
5126,0.001100008375942707,0.12250000145286322
5127,0.0010999792721122503,0.12139999307692051
5128,0.001100008375942707,0.12330000754445791
5129,0.0009999785106629133,0.12199999764561653
5130,0.00100000761449337,0.1272000081371516
5131,0.0010999792721122503,0.13180001405999064
5132,0.0010999792721122503,0.13460000627674162
5133,0.001100008375942707,0.13329999637790024
5134,0.0011999800335615873,0.13830000534653664
5135,0.001200009137392044,0.13729999773204327
5136,0.0011999800335615873,0.13380000018514693
5137,0.001200009137392044,0.1340000017080456
5138,0.0010999792721122503,0.1348000077996403
5139,0.001200009137392044,0.1317000132985413
5140,0.001200009137392044,0.1309999788645655
5141,0.001100008375942707,0.12939999578520656
5142,0.001100008375942707,0.1218999968841672
5143,0.00100000761449337,0.12310000602155924
5144,0.00100000761449337,0.13139998191036284
5145,0.00100000761449337,0.12159999459981918
5146,0.0010999792721122503,0.12320000678300858
5147,0.001100008375942707,0.13619998935610056
5148,0.001200009137392044,0.13599998783320189
5149,0.001100008375942707,0.13419997412711382
5150,0.001200009137392044,0.1348000077996403
5151,0.0010999792721122503,0.18190001719631255
5152,0.001900014467537403,0.169299979461357
5153,0.001200009137392044,0.14260000898502767
5154,0.0010999792721122503,0.13719999697059393
5155,0.001200009137392044,0.13470000703819096
5156,0.001100008375942707,0.1351000100839883
5157,0.0012999807950109243,0.1336999994236976
5158,0.001300009898841381,0.13440000475384295
5159,0.0011999800335615873,0.14099999680183828
5160,0.001300009898841381,0.1393999846186489
5161,0.001200009137392044,0.13380000018514693
5162,0.0011999800335615873,0.13410000246949494
5163,0.00100000761449337,0.13339999713934958
5164,0.0011999800335615873,0.13380000018514693
5165,0.001100008375942707,0.1348000077996403
5166,0.0010999792721122503,0.13689999468624592
5167,0.001200009137392044,0.1323999895248562
5168,0.001100008375942707,0.1315999834332615
5169,0.001100008375942707,0.13139998191036284
5170,0.001100008375942707,0.13410000246949494
5171,0.0010999792721122503,0.13270002091303468
5172,0.0011999800335615873,0.1317000132985413
5173,0.0010999792721122503,0.13390000094659626
5174,0.001300009898841381,0.1416000013705343
5175,0.0011999800335615873,0.13540001236833632
5176,0.0010999792721122503,0.13359999866224825
5177,0.001200009137392044,0.1323999895248562
5178,0.001100008375942707,0.13679999392479658
5179,0.0010999792721122503,0.13460000627674162
5180,0.001100008375942707,0.13269999180920422
5181,0.001100008375942707,0.13249999028630555
5182,0.0010999792721122503,0.1330000231973827
5183,0.001100008375942707,0.13390000094659626
5184,0.001100008375942707,0.13339999713934958
5185,0.0010999792721122503,0.13380000018514693
5186,0.001100008375942707,0.1345000055152923
5187,0.001300009898841381,0.13940001372247934
5188,0.001100008375942707,0.17710000975057483
5189,0.0012999807950109243,0.13530001160688698
5190,0.0010999792721122503,0.132500019390136
5191,0.0011999800335615873,0.13390000094659626
5192,0.001100008375942707,0.13199998647905886
5193,0.001200009137392044,0.1328999933321029
5194,0.0011999800335615873,0.13270002091303468
5195,0.0010999792721122503,0.13240001862868667
5196,0.001200009137392044,0.13259999104775488
5197,0.001200009137392044,0.13249999028630555
5198,0.001200009137392044,0.1340000017080456
5199,0.0012999807950109243,0.1407999952789396
5200,0.001400010660290718,0.14039999223314226
5201,0.001100008375942707,0.1320999872405082
5202,0.001100008375942707,0.12389998300932348
5203,0.001100008375942707,0.13149998267181218
5204,0.001200009137392044,0.13259999104775488
5205,0.001100008375942707,0.12829998740926385
5206,0.001100008375942707,0.12199999764561653
5207,0.0009999785106629133,0.12290000449866056
5208,0.001100008375942707,0.12149999383836985
5209,0.00100000761449337,0.1309999788645655
5210,0.001200009137392044,0.1331999956164509
5211,0.0011999800335615873,0.1333000254817307
5212,0.001100008375942707,0.13150001177564263
5213,0.0010999792721122503,0.13309999485500157
5214,0.001200009137392044,0.13860000763088465
5215,0.001400010660290718,0.13699999544769526
5216,0.001200009137392044,0.1317999849561602
5217,0.001100008375942707,0.13169998419471085
5218,0.001200009137392044,0.13189998571760952
5219,0.001200009137392044,0.13169998419471085
5220,0.001200009137392044,0.13040000339969993
5221,0.0010999792721122503,0.1309000072069466
5222,0.001100008375942707,0.13339999713934958
5223,0.0010999792721122503,0.13420000323094428
5224,0.001200009137392044,0.1343000039923936
5225,0.001100008375942707,0.13410000246949494
5226,0.001100008375942707,0.1331999956164509
5227,0.0010999792721122503,0.13339999713934958
5228,0.001100008375942707,0.13339999713934958
5229,0.001100008375942707,0.13810000382363796
5230,0.001300009898841381,0.13539998326450586
5231,0.001100008375942707,0.13349999790079892
5232,0.001100008375942707,0.13149998267181218
5233,0.001200009137392044,0.13329999637790024
5234,0.0011999800335615873,0.13240001862868667
5235,0.0010999792721122503,0.13200001558288932
5236,0.0010999792721122503,0.13279999257065356
5237,0.00100000761449337,0.1345000055152923
5238,0.0011999800335615873,0.13270002091303468
5239,0.0011999800335615873,0.13380000018514693
5240,0.001100008375942707,0.16080000204965472
5241,0.001300009898841381,0.1362999901175499
5242,0.001300009898841381,0.1331999956164509
5243,0.001100008375942707,0.13349999790079892
5244,0.0010999792721122503,0.14380001812241971
5245,0.001200009137392044,0.13649999164044857
5246,0.001300009898841381,0.1297999988310039
5247,0.00100000761449337,0.12330000754445791
5248,0.001100008375942707,0.12139999307692051
5249,0.00100000761449337,0.12099999003112316
5250,0.001100008375942707,0.12070001685060561
5251,0.00100000761449337,0.1221999991685152
5252,0.001100008375942707,0.12149999383836985
5253,0.001100008375942707,0.1221999991685152
5254,0.0009999785106629133,0.12350000906735659
5255,0.00100000761449337,0.12240000069141388
5256,0.0009999785106629133,0.12229999992996454
5257,0.001100008375942707,0.152900000102818
5258,0.0012999807950109243,0.1297999988310039
5259,0.001100008375942707,0.12399998377077281
5260,0.00100000761449337,0.12350000906735659
5261,0.0010999792721122503,0.12229999992996454
5262,0.001100008375942707,0.12240000069141388
5263,0.0010999792721122503,0.12250000145286322
5264,0.001100008375942707,0.1218999968841672
5265,0.001100008375942707,0.12229999992996454
5266,0.00100000761449337,0.12469998910091817
5267,0.001100008375942707,0.12199999764561653
5268,0.00100000761449337,0.12319997767917812
5269,0.001100008375942707,0.12240000069141388
5270,0.00100000761449337,0.12209999840706587
5271,0.00100000761449337,0.12740000966005027
5272,0.0010999792721122503,0.12810001499019563
5273,0.0010999792721122503,0.12400001287460327
5274,0.001100008375942707,0.12430001515895128
5275,0.00100000761449337,0.12199999764561653
5276,0.0009999785106629133,0.12229999992996454
5277,0.00100000761449337,0.12159999459981918
5278,0.001100008375942707,0.12159999459981918
5279,0.0009999785106629133,0.12280000373721123
5280,0.00100000761449337,0.12270000297576189
5281,0.0009999785106629133,0.12290000449866056
5282,0.000900006853044033,0.12260000221431255
5283,0.00100000761449337,0.12400001287460327
5284,0.0010999792721122503,0.1218999968841672
5285,0.00100000761449337,0.12889999197795987
5286,0.001100008375942707,0.12479998986236751
5287,0.00100000761449337,0.13189998571760952
5288,0.001100008375942707,0.13440000475384295
5289,0.001200009137392044,0.13460000627674162
5290,0.0012999807950109243,0.13329999637790024
5291,0.001100008375942707,0.13390000094659626
5292,0.001200009137392044,0.1340000017080456
5293,0.001200009137392044,0.1345000055152923
5294,0.0010999792721122503,0.13309999485500157
5295,0.001200009137392044,0.13359999866224825
5296,0.001100008375942707,0.1323999895248562
5297,0.0011999800335615873,0.1330000231973827
5298,0.0011999800335615873,0.1328999933321029
5299,0.001100008375942707,0.1320999872405082
5300,0.001200009137392044,0.14099999680183828
5301,0.001400010660290718,0.13569998554885387
5302,0.001200009137392044,0.169299979461357
5303,0.001600012183189392,0.14739998732693493
5304,0.001200009137392044,0.12849998893216252
5305,0.001100008375942707,0.12469998910091817
5306,0.001100008375942707,0.12450001668184996
5307,0.0010999792721122503,0.12450001668184996
5308,0.0010999792721122503,0.12280000373721123
5309,0.001200009137392044,0.12340000830590725
5310,0.00100000761449337,0.12340000830590725
5311,0.0010999792721122503,0.12400001287460327
5312,0.00100000761449337,0.1218999968841672
5313,0.0011999800335615873,0.1289999927394092
5314,0.001100008375942707,0.12390001211315393
5315,0.00100000761449337,0.12149999383836985
5316,0.001100008375942707,0.12149999383836985
5317,0.001100008375942707,0.12209999840706587
5318,0.0010999792721122503,0.12270000297576189
5319,0.00100000761449337,0.12139999307692051
5320,0.001100008375942707,0.12139999307692051
5321,0.0010999792721122503,0.12120002065785229
5322,0.0009999785106629133,0.12350000906735659
5323,0.001100008375942707,0.12310000602155924
5324,0.00100000761449337,0.12149999383836985
5325,0.001100008375942707,0.12299997615627944
5326,0.00100000761449337,0.1218999968841672
5327,0.001100008375942707,0.13069997658021748
5328,0.001200009137392044,0.1238000113517046
5329,0.00100000761449337,0.12260000221431255
5330,0.001100008375942707,0.12179999612271786
5331,0.0010999792721122503,0.12340000830590725
5332,0.001100008375942707,0.12169999536126852
5333,0.0009999785106629133,0.12120002065785229
5334,0.001100008375942707,0.13550001312978566
5335,0.0011999800335615873,0.1336999994236976
5336,0.001100008375942707,0.13380000018514693
5337,0.0010999792721122503,0.12989999959245324
5338,0.00100000761449337,0.12849998893216252
5339,0.001100008375942707,0.12469998910091817
5340,0.00100000761449337,0.13010000111535192
5341,0.0010999792721122503,0.14210000517778099
5342,0.001300009898841381,0.13020000187680125
5343,0.001100008375942707,0.1230000052601099
5344,0.0009999785106629133,0.12330000754445791
5345,0.00100000761449337,0.12379998224787414
5346,0.001100008375942707,0.12439998681657016
5347,0.00100000761449337,0.12280000373721123
5348,0.0009999785106629133,0.12260000221431255
5349,0.001100008375942707,0.12169999536126852
5350,0.00100000761449337,0.1218999968841672
5351,0.0009999785106629133,0.12090001837350428
5352,0.00100000761449337,0.12179999612271786
5353,0.001100008375942707,0.12149999383836985
5354,0.00100000761449337,0.12179999612271786
5355,0.0010999792721122503,0.12250000145286322
5356,0.00100000761449337,0.1218999968841672
5357,0.00100000761449337,0.1312999811489135
5358,0.001100008375942707,0.37560000782832503
5359,0.0042000028770416975,0.20439998479560018
5360,0.001500011421740055,0.16110000433400273
5361,0.001400010660290718,0.14360001659952104
5362,0.001100008375942707,0.1297999988310039
5363,0.001300009898841381,0.1346999779343605
5364,0.001100008375942707,0.12660000356845558
5365,0.0010999792721122503,0.12700000661425292
5366,0.00100000761449337,0.12929999502375722
5367,0.0010999792721122503,0.13420000323094428
5368,0.001200009137392044,0.17109999316744506
5369,0.0020999868866056204,0.1697000116109848
5370,0.0010999792721122503,0.13260002015158534
5371,0.00100000761449337,0.12660000356845558
5372,0.00100000761449337,0.12459998833946884
5373,0.001100008375942707,0.1244999875780195
5374,0.001100008375942707,0.12289997539483011
5375,0.00100000761449337,0.12310000602155924
5376,0.0010999792721122503,0.12290000449866056
5377,0.00100000761449337,0.12779998360201716
5378,0.001100008375942707,0.1357999863103032
5379,0.001100008375942707,0.13219998800195754
5380,0.001200009137392044,0.13299999409355223
5381,0.001200009137392044,0.14210000517778099
5382,0.001200009137392044,0.12409998453222215
5383,0.00100000761449337,0.12099999003112316
5384,0.001100008375942707,0.12260000221431255
5385,0.0010999792721122503,0.1252999936696142
5386,0.001100008375942707,0.12549999519251287
5387,0.001100008375942707,0.12209999840706587
5388,0.0009999785106629133,0.1221999991685152
5389,0.001100008375942707,0.12340000830590725
5390,0.00100000761449337,0.12320000678300858
5391,0.001100008375942707,0.12199999764561653
5392,0.00100000761449337,0.12159999459981918
5393,0.00100000761449337,0.12059998698532581
5394,0.001100008375942707,0.12099999003112316
5395,0.00100000761449337,0.12889999197795987
5396,0.001100008375942707,0.12539999443106353
5397,0.0009999785106629133,0.1215000229422003
5398,0.0010999792721122503,0.12290000449866056
5399,0.00100000761449337,0.1218999968841672
5400,0.0010999792721122503,0.12260000221431255
5401,0.00100000761449337,0.12209999840706587
5402,0.0010999792721122503,0.12280000373721123
5403,0.001100008375942707,0.12199999764561653
5404,0.00100000761449337,0.12199999764561653
5405,0.001100008375942707,0.12169999536126852
5406,0.001100008375942707,0.12270000297576189
5407,0.0009999785106629133,0.12170002446509898
5408,0.00100000761449337,0.1230000052601099
5409,0.0010999792721122503,0.12229999992996454
5410,0.00100000761449337,0.12229999992996454
5411,0.00100000761449337,0.13169998419471085
5412,0.001200009137392044,0.12620000052265823
5413,0.0011999800335615873,0.12240000069141388
5414,0.001200009137392044,0.12059998698532581
5415,0.001100008375942707,0.12229999992996454
5416,0.0009999785106629133,0.12360000982880592
5417,0.001100008375942707,0.12240000069141388
5418,0.00100000761449337,0.17970000044442713
5419,0.0015999830793589354,0.14780001947656274
5420,0.0011999800335615873,0.12589999823831022
5421,0.001100008375942707,0.12439998681657016
5422,0.001100008375942707,0.12829998740926385
5423,0.00100000761449337,0.12399998377077281
5424,0.001100008375942707,0.13689999468624592
5425,0.001300009898841381,0.16070000128820539
5426,0.001200009137392044,0.15889998758211732
5427,0.001400010660290718,0.13500000932253897
5428,0.001100008375942707,0.12790001346729696
5429,0.000900006853044033,0.12159999459981918
5430,0.001100008375942707,0.12809998588636518
5431,0.001200009137392044,0.12089998926967382
5432,0.00100000761449337,0.12459998833946884
5433,0.001100008375942707,0.12479998986236751
5434,0.00100000761449337,0.12379998224787414
5435,0.001100008375942707,0.12169999536126852
5436,0.001100008375942707,0.1221999991685152
5437,0.0010999792721122503,0.128800020320341
5438,0.0011999800335615873,0.13349999790079892
5439,0.001200009137392044,0.13729999773204327
5440,0.0010999792721122503,0.13230001786723733
5441,0.0010999792721122503,0.12400001287460327
5442,0.0009999785106629133,0.12320000678300858
5443,0.00100000761449337,0.12309997691772878
5444,0.001100008375942707,0.1230000052601099
5445,0.00100000761449337,0.12240000069141388
5446,0.001100008375942707,0.14849999570287764
5447,0.001100008375942707,0.13420000323094428
5448,0.001100008375942707,0.1340000017080456
5449,0.001100008375942707,0.13279999257065356
5450,0.0010999792721122503,0.12650000280700624
5451,0.001200009137392044,0.12229999992996454
5452,0.0010999792721122503,0.12390001211315393
5453,0.0010999792721122503,0.129400024889037
5454,0.001200009137392044,0.12400001287460327
5455,0.0010999792721122503,0.12360000982880592
5456,0.00100000761449337,0.12399998377077281
5457,0.001100008375942707,0.12409998453222215
5458,0.001100008375942707,0.12149999383836985
5459,0.00100000761449337,0.12210002751089633
5460,0.00100000761449337,0.12240000069141388
5461,0.001100008375942707,0.12270000297576189
5462,0.00100000761449337,0.1218999968841672
5463,0.001100008375942707,0.12169999536126852
5464,0.00100000761449337,0.12120002065785229
5465,0.0009999785106629133,0.1218999968841672
5466,0.001100008375942707,0.12059998698532581
5467,0.00100000761449337,0.12069998774677515
5468,0.00100000761449337,0.12350000906735659
5469,0.0009999785106629133,0.3096000000368804
5470,0.0028999929782003164,0.1917000045068562
5471,0.0014999823179095984,0.34290002076886594
5472,0.0025999906938523054,0.21779999951831996
5473,0.001600012183189392,0.15139998868107796
5474,0.001300009898841381,0.13929998385719955
5475,0.001200009137392044,0.13719999697059393
5476,0.0010999792721122503,0.1272000081371516
5477,0.001200009137392044,0.13649999164044857
5478,0.001200009137392044,0.13310002395883203
5479,0.0010999792721122503,0.13269999180920422
5480,0.001200009137392044,0.12620000052265823
5481,0.001100008375942707,0.12639997294172645
5482,0.00100000761449337,0.20099998801015317
5483,0.0026999914553016424,0.19079999765381217
5484,0.001400010660290718,0.14699998428113759
5485,0.001200009137392044,0.13599998783320189
5486,0.001200009137392044,0.13849997776560485
5487,0.001400010660290718,0.1340000017080456
5488,0.0011999800335615873,0.1280000142287463
5489,0.001100008375942707,0.1246000174432993
5490,0.001100008375942707,0.12410001363605261
5491,0.00100000761449337,0.1255999959539622
5492,0.0010999792721122503,0.1275000104214996
5493,0.001100008375942707,0.12439998681657016
5494,0.00100000761449337,0.13079997734166682
5495,0.001400010660290718,0.12939999578520656
5496,0.001100008375942707,0.1225999731104821
5497,0.001100008375942707,0.12240000069141388
5498,0.00100000761449337,0.12389998300932348
5499,0.00100000761449337,0.12290000449866056
5500,0.00100000761449337,0.1238000113517046
5501,0.0010999792721122503,0.12270000297576189
5502,0.001100008375942707,0.12149999383836985
5503,0.00100000761449337,0.12250000145286322
5504,0.001100008375942707,0.1221999991685152
5505,0.00100000761449337,0.12129999231547117
5506,0.001100008375942707,0.12309997691772878
5507,0.001100008375942707,0.12139999307692051
5508,0.001200009137392044,0.12309997691772878
5509,0.00100000761449337,0.12350000906735659
5510,0.0010999792721122503,0.13130001025274396
5511,0.0013999815564602613,0.12820001575164497
5512,0.0010999792721122503,0.12229999992996454
5513,0.001100008375942707,0.12939999578520656
5514,0.001200009137392044,0.1328999933321029
5515,0.0011999800335615873,0.13160001253709197
5516,0.0010999792721122503,0.1238000113517046
5517,0.001100008375942707,0.12309997691772878
5518,0.00100000761449337,0.12320000678300858
5519,0.0009999785106629133,0.12120002065785229
5520,0.001100008375942707,0.12169999536126852
5521,0.00100000761449337,0.12240000069141388
5522,0.0010999792721122503,0.12360000982880592
5523,0.001200009137392044,0.12699997751042247
5524,0.001100008375942707,0.1306000049225986
5525,0.0010999792721122503,0.12370001059025526
5526,0.001100008375942707,0.12179999612271786
5527,0.0009999785106629133,0.12320000678300858
5528,0.001100008375942707,0.12269997387193143
5529,0.00100000761449337,0.12199999764561653
5530,0.001100008375942707,0.15889998758211732
5531,0.001100008375942707,0.1275999820791185
5532,0.00100000761449337,0.12429998605512083
5533,0.001200009137392044,0.12340000830590725
5534,0.001100008375942707,0.12209999840706587
5535,0.00100000761449337,0.12320000678300858
5536,0.00100000761449337,0.12519999290816486
5537,0.001100008375942707,0.12079998850822449
5538,0.00100000761449337,0.1289999927394092
5539,0.001100008375942707,0.12260000221431255
5540,0.0009999785106629133,0.12390001211315393
5541,0.0010999792721122503,0.12260000221431255
5542,0.00100000761449337,0.1221999991685152
5543,0.0009999785106629133,0.12140002218075097
5544,0.0009999785106629133,0.12370001059025526
5545,0.0009999785106629133,0.12260000221431255
5546,0.000900006853044033,0.12229999992996454
5547,0.001100008375942707,0.12200002674944699
5548,0.00100000761449337,0.12090001837350428
5549,0.001100008375942707,0.12159999459981918
5550,0.00100000761449337,0.12409998453222215
5551,0.001100008375942707,0.12199999764561653
5552,0.001100008375942707,0.12279997463338077
5553,0.00100000761449337,0.12159999459981918
5554,0.001100008375942707,0.13050000416114926
5555,0.001300009898841381,0.12330000754445791
5556,0.0009999785106629133,0.12270000297576189
5557,0.001100008375942707,0.12519999290816486
5558,0.00100000761449337,0.12260000221431255
5559,0.00100000761449337,0.13100000796839595
5560,0.0011999800335615873,0.1343000039923936
5561,0.001100008375942707,0.13139998191036284
5562,0.001100008375942707,0.2545999886933714
5563,0.0028999929782003164,0.24250001297332346
5564,0.001600012183189392,0.15249999705702066
5565,0.001300009898841381,0.1419000036548823
5566,0.001200009137392044,0.13679999392479658
5567,0.001200009137392044,0.13349999790079892
5568,0.0010999792721122503,0.13000000035390258
5569,0.00100000761449337,0.12939999578520656
5570,0.00100000761449337,0.12590002734214067
5571,0.001100008375942707,0.12509999214671552
5572,0.001100008375942707,0.12620000052265823
5573,0.0010999792721122503,0.19910000264644623
5574,0.001200009137392044,0.12989999959245324
5575,0.0009999785106629133,0.12320000678300858
5576,0.00100000761449337,0.12089998926967382
5577,0.00100000761449337,0.12199999764561653
5578,0.0010999792721122503,0.11950000771321356
5579,0.00100000761449337,0.13359999866224825
5580,0.001700012944638729,0.13380000018514693
5581,0.001100008375942707,0.1340000017080456
5582,0.001100008375942707,0.13349999790079892
5583,0.001200009137392044,0.1294999965466559
5584,0.0010999792721122503,0.12270000297576189
5585,0.001100008375942707,0.12389998300932348
5586,0.001100008375942707,0.1312999811489135
5587,0.001100008375942707,0.12989999959245324
5588,0.001200009137392044,0.12569999671541154
5589,0.0011999800335615873,0.12290000449866056
5590,0.001100008375942707,0.12229999992996454
5591,0.0009999785106629133,0.12050001532770693
5592,0.0010999792721122503,0.12250000145286322
5593,0.001100008375942707,0.12139999307692051
5594,0.001100008375942707,0.12229999992996454
5595,0.00100000761449337,0.12090001837350428
5596,0.00100000761449337,0.1218999968841672
5597,0.00100000761449337,0.12340000830590725
5598,0.001100008375942707,0.12240000069141388
5599,0.001100008375942707,0.12169999536126852
5600,0.0009999785106629133,0.12160002370364964
5601,0.001100008375942707,0.1221999991685152
5602,0.00100000761449337,0.12919999426230788
5603,0.0012999807950109243,0.1272000081371516
5604,0.001200009137392044,0.12429998605512083
5605,0.001200009137392044,0.12689997674897313
5606,0.001100008375942707,0.13569998554885387
5607,0.001100008375942707,0.2986000035889447
5608,0.006199989002197981,0.2628999936860055
5609,0.001700012944638729,0.15300000086426735
5610,0.0014999823179095984,0.1412999990861863
5611,0.001200009137392044,0.12739998055621982
5612,0.001100008375942707,0.1345000055152923
5613,0.0011999800335615873,0.12539999443106353
5614,0.00100000761449337,0.12240000069141388
5615,0.0010999792721122503,0.12130002141930163
5616,0.0010999792721122503,0.12169999536126852
5617,0.00100000761449337,0.12340000830590725
5618,0.0010999792721122503,0.12320000678300858
5619,0.00100000761449337,0.12119999155402184
5620,0.0009999785106629133,0.12740000966005027
5621,0.00100000761449337,0.1218999968841672
5622,0.0009999785106629133,0.1215000229422003
5623,0.001100008375942707,0.1210999907925725
5624,0.00100000761449337,0.12250000145286322
5625,0.001100008375942707,0.12279997463338077
5626,0.001100008375942707,0.11940000695176423
5627,0.0009999785106629133,0.11920000542886555
5628,0.001100008375942707,0.12630000128410757
5629,0.00100000761449337,0.1221999991685152
5630,0.001100008375942707,0.12049998622387648
5631,0.001100008375942707,0.11829999857582152
5632,0.0010999792721122503,0.12030001380480826
5633,0.001100008375942707,0.12199999764561653
5634,0.0009999785106629133,0.12090001837350428
5635,0.001100008375942707,0.12129999231547117
5636,0.001100008375942707,0.18020000425167382
5637,0.0013999815564602613,0.13689999468624592
5638,0.001100008375942707,0.12360000982880592
5639,0.0011999800335615873,0.12290000449866056
5640,0.00100000761449337,0.11979998089373112
5641,0.00100000761449337,0.12630000128410757
5642,0.00100000761449337,0.12090001837350428
5643,0.0009999785106629133,0.1275000104214996
5644,0.001200009137392044,0.1283999881707132
5645,0.00100000761449337,0.12089998926967382
5646,0.001100008375942707,0.12050001532770693
5647,0.001100008375942707,0.1225999731104821
5648,0.00100000761449337,0.12010001228190958
5649,0.00100000761449337,0.12169999536126852
5650,0.00100000761449337,0.12620000052265823
5651,0.0009999785106629133,0.1990000018849969
5652,0.0023999891709536314,0.17270000535063446
5653,0.001400010660290718,0.13390000094659626
5654,0.001200009137392044,0.12650000280700624
5655,0.001300009898841381,0.12860001879744232
5656,0.0010999792721122503,0.12190002598799765
5657,0.00100000761449337,0.12400001287460327
5658,0.0011999800335615873,0.12450001668184996
5659,0.00100000761449337,0.12290000449866056
5660,0.00100000761449337,0.12079998850822449
5661,0.00100000761449337,0.12089998926967382
5662,0.00100000761449337,0.12020001304335892
5663,0.00100000761449337,0.12089998926967382
5664,0.00100000761449337,0.13000000035390258
5665,0.001100008375942707,0.12350000906735659
5666,0.0010999792721122503,0.12030001380480826
5667,0.0009999785106629133,0.1204000145662576
5668,0.00100000761449337,0.12149999383836985
5669,0.0009999785106629133,0.11980000999756157
5670,0.001100008375942707,0.1202999847009778
5671,0.00100000761449337,0.11959997937083244
5672,0.00100000761449337,0.12099999003112316
5673,0.00100000761449337,0.12059998698532581
5674,0.001100008375942707,0.1188000023830682
5675,0.0010999792721122503,0.11970000923611224
5676,0.00100000761449337,0.12049998622387648
5677,0.001100008375942707,0.12019998393952847
5678,0.001100008375942707,0.12350000906735659
5679,0.001200009137392044,0.12270000297576189
5680,0.00100000761449337,0.12669997522607446
5681,0.001200009137392044,0.12250000145286322
5682,0.0010999792721122503,0.12050001532770693
5683,0.0010999792721122503,0.11910000466741621
5684,0.000900006853044033,0.11900000390596688
5685,0.0009999785106629133,0.11940000695176423
5686,0.001200009137392044,0.12209999840706587
5687,0.0010999792721122503,0.1221999991685152
5688,0.00100000761449337,0.1221999991685152
5689,0.0010999792721122503,0.12200002674944699
5690,0.00100000761449337,0.1210999907925725
5691,0.001100008375942707,0.12139999307692051
5692,0.00100000761449337,0.12389998300932348
5693,0.001100008375942707,0.12229999992996454
5694,0.001100008375942707,0.12509999214671552
5695,0.0009999785106629133,0.12310000602155924
5696,0.001100008375942707,0.12630000128410757
5697,0.0014999823179095984,0.12569999671541154
5698,0.001100008375942707,0.13509998098015785
5699,0.001100008375942707,0.18199998885393143
5700,0.001700012944638729,0.16029999824240804
5701,0.0011999800335615873,0.14020001981407404
5702,0.001100008375942707,0.14799999189563096
5703,0.001200009137392044,0.15869998605921865
5704,0.00100000761449337,0.14540000120177865
5705,0.0011999800335615873,0.14119999832473695
5706,0.001100008375942707,0.13420000323094428
5707,0.0012999807950109243,0.14869999722577631
5708,0.001400010660290718,0.1399999891873449
5709,0.001200009137392044,0.1370999962091446
5710,0.0011999800335615873,0.15750000602565706
5711,0.001400010660290718,0.1475999888498336
5712,0.00100000761449337,0.13109997962601483
5713,0.001100008375942707,0.14260000898502767
5714,0.001100008375942707,0.13210001634433866
5715,0.001200009137392044,0.17869999282993376
5716,0.005099980626255274,0.27310001314617693
5717,0.0017999846022576094,0.1644000003580004
5718,0.001400010660290718,0.14969997573643923
5719,0.001300009898841381,0.15320000238716602
5720,0.0013999815564602613,0.1477000187151134
5721,0.001200009137392044,0.13550001312978566
5722,0.0011999800335615873,0.13230001786723733
5723,0.001100008375942707,0.13070000568404794
5724,0.0010999792721122503,0.13130001025274396
5725,0.001200009137392044,0.13059997581876814
5726,0.001100008375942707,0.1309000072069466
5727,0.0011999800335615873,0.13840000610798597
5728,0.001200009137392044,0.1315999834332615
5729,0.001100008375942707,0.13169998419471085
5730,0.001100008375942707,0.13040000339969993
5731,0.0010999792721122503,0.13100000796839595
5732,0.001100008375942707,0.12950002565048635
5733,0.00100000761449337,0.13080000644549727
5734,0.001200009137392044,0.13710002531297505
5735,0.001200009137392044,0.13130001025274396
5736,0.0011999800335615873,0.12780001270584762
5737,0.0010999792721122503,0.12840001727454364
5738,0.0010999792721122503,0.13040000339969993
5739,0.001200009137392044,0.1297999988310039
5740,0.0009999785106629133,0.285400019492954
5741,0.002200016751885414,0.1632999919820577
5742,0.0012999807950109243,0.14600000577047467
5743,0.001100008375942707,0.13020000187680125
5744,0.001200009137392044,0.1272000081371516
5745,0.0011999800335615873,0.1272000081371516
5746,0.001100008375942707,0.12689997674897313
5747,0.001900014467537403,0.13299999409355223
5748,0.001200009137392044,0.18929998623207211
5749,0.0035999983083456755,0.14960000407882035
5750,0.001300009898841381,0.23370000417344272
5751,0.0023999891709536314,0.17330000991933048
5752,0.001500011421740055,0.14680001186206937
5753,0.001300009898841381,0.142700009746477
5754,0.0014999823179095984,0.13749999925494194
5755,0.001400010660290718,0.1315999834332615
5756,0.001100008375942707,0.13229998876340687
5757,0.001100008375942707,0.13269999180920422
5758,0.0010999792721122503,0.1309000072069466
5759,0.001200009137392044,0.13459997717291117
5760,0.001100008375942707,0.1328999933321029
5761,0.001200009137392044,0.14200000441633165
5762,0.001200009137392044,0.1320999872405082
5763,0.001100008375942707,0.1297999988310039
5764,0.001100008375942707,0.1309999788645655
5765,0.001300009898841381,0.13199998647905886
5766,0.001100008375942707,0.13299999409355223
5767,0.001100008375942707,0.13010000111535192
5768,0.001100008375942707,0.13719999697059393
5769,0.001400010660290718,0.1323999895248562
5770,0.001100008375942707,0.13219998800195754
5771,0.001200009137392044,0.13240001862868667
5772,0.0011999800335615873,0.132200017105788
5773,0.0010999792721122503,0.1314000110141933
5774,0.0010999792721122503,0.1297999988310039
5775,0.001100008375942707,0.12849998893216252
5776,0.001100008375942707,0.12780001270584762
5777,0.001100008375942707,0.12240000069141388
5778,0.00100000761449337,0.12009998317807913
5779,0.00100000761449337,0.11940000695176423
5780,0.00100000761449337,0.11940000695176423
5781,0.00100000761449337,0.1238000113517046
5782,0.00100000761449337,0.2075999800581485
5783,0.0026999914553016424,0.21920001017861068
5784,0.0015999830793589354,0.1537000061944127
5785,0.0012999807950109243,0.14220000593923032
5786,0.001200009137392044,0.1354999840259552
5787,0.001100008375942707,0.13699999544769526
5788,0.0012999807950109243,0.13680002302862704
5789,0.001200009137392044,0.13269999180920422
5790,0.001200009137392044,0.1320999872405082
5791,0.001200009137392044,0.13050000416114926
5792,0.0011999800335615873,0.13120000949129462
5793,0.0011999800335615873,0.129400024889037
5794,0.001100008375942707,0.14300001203082502
5795,0.0011999800335615873,0.1331999956164509
5796,0.001100008375942707,0.1244999875780195
5797,0.00100000761449337,0.12439998681657016
5798,0.001100008375942707,0.1297999988310039
5799,0.0010999792721122503,0.132500019390136
5800,0.0011999800335615873,0.13130001025274396
5801,0.001200009137392044,0.1317000132985413
5802,0.001200009137392044,0.1301999727729708
5803,0.001100008375942707,0.1297999988310039
5804,0.001200009137392044,0.12889999197795987
5805,0.0009999785106629133,0.18480001017451286
5806,0.001200009137392044,0.13479997869580984
5807,0.001100008375942707,0.1312999811489135
5808,0.001100008375942707,0.1385000068694353
5809,0.0011999800335615873,0.1379000023007393
5810,0.001100008375942707,0.13199998647905886
5811,0.001200009137392044,0.12989999959245324
5812,0.0011999800335615873,0.1309000072069466
5813,0.001100008375942707,0.13089997810311615
5814,0.00100000761449337,0.13040000339969993
5815,0.0009999785106629133,0.12959999730810523
5816,0.001200009137392044,0.13040000339969993
5817,0.0010999792721122503,0.12870001955889165
5818,0.001100008375942707,0.12850001803599298
5819,0.001200009137392044,0.1317000132985413
5820,0.001200009137392044,0.1289999927394092
5821,0.001200009137392044,0.13020000187680125
5822,0.0010999792721122503,0.13080000644549727
5823,0.001100008375942707,0.13760000001639128
5824,0.0013999815564602613,0.28440001187846065
5825,0.002300017513334751,0.16870000399649143
5826,0.001500011421740055,0.14650000957772136
5827,0.001400010660290718,0.13749999925494194
5828,0.001200009137392044,0.1441999920643866
5829,0.0011999800335615873,0.13460000627674162
5830,0.001200009137392044,0.1331999956164509
5831,0.0011999800335615873,0.132500019390136
5832,0.001100008375942707,0.13440000475384295
5833,0.001300009898841381,0.1343999756500125
5834,0.001200009137392044,0.13279999257065356
5835,0.001100008375942707,0.1399999891873449
5836,0.001200009137392044,0.1338999718427658
5837,0.001200009137392044,0.13130001025274396
5838,0.0009999785106629133,0.13240001862868667
5839,0.001100008375942707,0.13070000568404794
5840,0.0010999792721122503,0.13260002015158534
5841,0.0010999792721122503,0.13000000035390258
5842,0.001100008375942707,0.13440000475384295
5843,0.001300009898841381,0.135600013891235
5844,0.001200009137392044,0.13040000339969993
5845,0.001300009898841381,0.1297999988310039
5846,0.001100008375942707,0.13180001405999064
5847,0.0010999792721122503,0.12919999426230788
5848,0.00100000761449337,0.1264000020455569
5849,0.0010999792721122503,0.12920002336613834
5850,0.0010999792721122503,0.1365999924018979
5851,0.001200009137392044,0.1317999849561602
5852,0.001100008375942707,0.13249999028630555
5853,0.00100000761449337,0.12089998926967382
5854,0.00100000761449337,0.1210999907925725
5855,0.001300009898841381,0.12009998317807913
5856,0.00100000761449337,0.11950000771321356
5857,0.00100000761449337,0.1196000084746629
5858,0.0010999792721122503,0.15100001473911107
5859,0.001100008375942707,0.13240001862868667
5860,0.0011999800335615873,0.13190001482143998
5861,0.0010999792721122503,0.1296000264119357
5862,0.001100008375942707,0.13180001405999064
5863,0.001200009137392044,0.1331999956164509
5864,0.001100008375942707,0.13199998647905886
5865,0.001100008375942707,0.13800000306218863
5866,0.0011999800335615873,0.13279999257065356
5867,0.001100008375942707,0.1320999872405082
5868,0.001100008375942707,0.13229998876340687
5869,0.001100008375942707,0.22590000298805535
5870,0.002700020559132099,0.18079997971653938
5871,0.001500011421740055,0.14669998199678957
5872,0.001200009137392044,0.13760000001639128
5873,0.0010999792721122503,0.13240001862868667
5874,0.0010999792721122503,0.13230001786723733
5875,0.001200009137392044,0.13309999485500157
5876,0.001200009137392044,0.1328999933321029
5877,0.001100008375942707,0.12959999730810523
5878,0.0011999800335615873,0.1309000072069466
5879,0.001100008375942707,0.129400024889037
5880,0.0010999792721122503,0.17529999604448676
5881,0.0035999983083456755,0.21920001017861068
5882,0.001800013706088066,0.166199984960258
5883,0.001500011421740055,0.15269999857991934
5884,0.0012999807950109243,0.14540000120177865
5885,0.001300009898841381,0.14779999037273228
5886,0.001200009137392044,0.13349999790079892
5887,0.0010999792721122503,0.13299999409355223
5888,0.001100008375942707,0.13130001025274396
5889,0.001100008375942707,0.1317000132985413
5890,0.001100008375942707,0.1328999933321029
5891,0.001100008375942707,0.13120000949129462
5892,0.001100008375942707,0.14019999071024358
5893,0.001300009898841381,0.13830000534653664
5894,0.0010999792721122503,0.13180001405999064
5895,0.0010999792721122503,0.13120000949129462
5896,0.001200009137392044,0.1309999788645655
5897,0.001100008375942707,0.12250000145286322
5898,0.0009999785106629133,0.12170002446509898
5899,0.00100000761449337,0.11829999857582152
5900,0.00100000761449337,0.12710000737570226
5901,0.00100000761449337,0.12280000373721123
5902,0.00100000761449337,0.12240000069141388
5903,0.001100008375942707,0.1303000026382506
5904,0.001100008375942707,0.13130001025274396
5905,0.001200009137392044,0.1309999788645655
5906,0.001100008375942707,0.13120000949129462
5907,0.001100008375942707,0.13840000610798597
5908,0.0012999807950109243,0.13230001786723733
5909,0.0010999792721122503,0.13010000111535192
5910,0.001200009137392044,0.13010000111535192
5911,0.0010999792721122503,0.33530002110637724
5912,0.0026999914553016424,0.27650000993162394
5913,0.0040000013541430235,0.2671999973244965
5914,0.001600012183189392,0.1576000067871064
5915,0.0012999807950109243,0.1416000013705343
5916,0.001200009137392044,0.13559998478740454
5917,0.001200009137392044,0.13309999485500157
5918,0.0012999807950109243,0.1343000039923936
5919,0.001100008375942707,0.13249999028630555
5920,0.00100000761449337,0.1336999994236976
5921,0.001100008375942707,0.13190001482143998
5922,0.001300009898841381,0.13100000796839595
5923,0.0011999800335615873,0.12959999730810523
5924,0.001100008375942707,0.13669999316334724
5925,0.001300009898841381,0.1286999904550612
5926,0.00100000761449337,0.12179999612271786
5927,0.0010999792721122503,0.13200001558288932
5928,0.0011999800335615873,0.13100000796839595
5929,0.001100008375942707,0.13109997962601483
5930,0.001100008375942707,0.13020000187680125
5931,0.0010999792721122503,0.12989999959245324
5932,0.001200009137392044,0.13110000872984529
5933,0.001100008375942707,0.13050000416114926
5934,0.001100008375942707,0.12989999959245324
5935,0.001200009137392044,0.12959999730810523
5936,0.001100008375942707,0.13020000187680125
5937,0.0010999792721122503,0.14039999223314226
5938,0.001200009137392044,0.1306000049225986
5939,0.0010999792721122503,0.13080000644549727
5940,0.001100008375942707,0.13089997810311615
5941,0.001100008375942707,0.12429998605512083
5942,0.000900006853044033,0.11940000695176423
5943,0.0009999785106629133,0.1260999997612089
5944,0.001100008375942707,0.13100000796839595
5945,0.0010999792721122503,0.13000000035390258
5946,0.001100008375942707,0.1297999988310039
5947,0.0009999785106629133,0.13359999866224825
5948,0.001200009137392044,0.13420000323094428
5949,0.0010999792721122503,0.13200001558288932
5950,0.0011999800335615873,0.1330000231973827
5951,0.001100008375942707,0.13229998876340687
5952,0.001200009137392044,0.14109999756328762
5953,0.001100008375942707,0.13570001465268433
5954,0.001100008375942707,0.16299998969770968
5955,0.0012999807950109243,0.1370999962091446
5956,0.001100008375942707,0.13100000796839595
5957,0.0009999785106629133,0.12270000297576189
5958,0.001100008375942707,0.12229999992996454
5959,0.0010999792721122503,0.12770001194439828
5960,0.0010999792721122503,0.17680000746622682
5961,0.001600012183189392,0.15159999020397663
5962,0.0011999800335615873,0.13690002379007638
5963,0.001100008375942707,0.1351000100839883
5964,0.0011999800335615873,0.1407999952789396
5965,0.001500011421740055,0.13929998385719955
5966,0.001200009137392044,0.13299999409355223
5967,0.001200009137392044,0.1323999895248562
5968,0.001100008375942707,0.1346999779343605
5969,0.001200009137392044,0.1328999933321029
5970,0.001100008375942707,0.12439998681657016
5971,0.00100000761449337,0.12349997996352613
5972,0.00100000761449337,0.12250000145286322
5973,0.0010999792721122503,0.12030001380480826
5974,0.001100008375942707,0.12889999197795987
5975,0.0010999792721122503,0.13210001634433866
5976,0.0011999800335615873,0.13210001634433866
5977,0.0011999800335615873,0.13910001143813133
5978,0.0010999792721122503,0.13280002167448401
5979,0.001200009137392044,0.1365999924018979
5980,0.001400010660290718,0.13699999544769526
5981,0.001200009137392044,0.1338999718427658
5982,0.001100008375942707,0.13380000018514693
5983,0.001200009137392044,0.13149998267181218
5984,0.001200009137392044,0.13189998571760952
5985,0.001100008375942707,0.12699997751042247
5986,0.00100000761449337,0.12390001211315393
5987,0.001100008375942707,0.12119999155402184
5988,0.001100008375942707,0.1221999991685152
5989,0.001200009137392044,0.12749998131766915
5990,0.001200009137392044,0.13219998800195754
5991,0.001200009137392044,0.13309999485500157
5992,0.0010999792721122503,0.13100000796839595
5993,0.001300009898841381,0.1331999956164509
5994,0.0010999792721122503,0.13329999637790024
5995,0.001200009137392044,0.1432000135537237
5996,0.001200009137392044,0.1336999994236976
5997,0.001200009137392044,0.1331999956164509
5998,0.0010999792721122503,0.1331999956164509
5999,0.001200009137392044,0.1336999994236976
6000,0.0010999792721122503,0.1330000231973827
6001,0.0010999792721122503,0.132200017105788
6002,0.001100008375942707,0.12159999459981918
6003,0.001100008375942707,0.12209999840706587
6004,0.001100008375942707,0.12179999612271786
6005,0.0010999792721122503,0.12870001955889165
6006,0.0011999800335615873,0.13309999485500157
6007,0.001200009137392044,0.13349999790079892
6008,0.001200009137392044,0.1351999817416072
6009,0.001100008375942707,0.13259999104775488
6010,0.001100008375942707,0.14329998521134257
6011,0.001200009137392044,0.1343999756500125
6012,0.001100008375942707,0.13349999790079892
6013,0.001100008375942707,0.1317999849561602
6014,0.001100008375942707,0.13040000339969993
6015,0.001200009137392044,0.13200001558288932
6016,0.001100008375942707,0.12700000661425292
6017,0.0010999792721122503,0.12140002218075097
6018,0.00100000761449337,0.12240000069141388
6019,0.001100008375942707,0.1218999968841672
6020,0.0010999792721122503,0.12110001989640296
6021,0.0009999785106629133,0.3462000167928636
6022,0.005700014298781753,0.1976999919861555
6023,0.0016999838408082724,0.15540001913905144
6024,0.001300009898841381,0.14180000289343297
6025,0.0012999807950109243,0.14560000272467732
6026,0.001400010660290718,0.14200000441633165
6027,0.001200009137392044,0.13530001160688698
6028,0.0010999792721122503,0.1343000039923936
6029,0.001300009898841381,0.12589999823831022
6030,0.001100008375942707,0.12340000830590725
6031,0.0010999792721122503,0.12180002522654831
6032,0.001100008375942707,0.12020001304335892
6033,0.0010999792721122503,0.13270002091303468
6034,0.001300009898841381,0.1280000142287463
6035,0.001100008375942707,0.14379998901858926
6036,0.001100008375942707,0.12390001211315393
6037,0.001100008375942707,0.12250000145286322
6038,0.00100000761449337,0.12089998926967382
6039,0.001100008375942707,0.12129999231547117
6040,0.00100000761449337,0.12080001761205494
6041,0.0009999785106629133,0.28130001737736166
6042,0.002600019797682762,0.21739999647252262
6043,0.0015999830793589354,0.15259999781847
6044,0.001200009137392044,0.14739998732693493
6045,0.001200009137392044,0.13539998326450586
6046,0.001100008375942707,0.1331999956164509
6047,0.001200009137392044,0.1336999994236976
6048,0.00100000761449337,0.12889999197795987
6049,0.001100008375942707,0.12650000280700624
6050,0.0010999792721122503,0.1272000081371516
6051,0.001200009137392044,0.12650000280700624
6052,0.001300009898841381,0.33740000799298286
6053,0.002600019797682762,0.17649997607804835
6054,0.001600012183189392,0.1441999920643866
6055,0.001400010660290718,0.13100000796839595
6056,0.001100008375942707,0.12599999899975955
6057,0.0010999792721122503,0.12199999764561653
6058,0.00100000761449337,0.12010001228190958
6059,0.00100000761449337,0.12080001761205494
6060,0.001100008375942707,0.12060001608915627
6061,0.00100000761449337,0.12199999764561653
6062,0.001100008375942707,0.12179999612271786
6063,0.00100000761449337,0.1286999904550612
6064,0.0012999807950109243,0.12520002201199532
6065,0.00100000761449337,0.11950000771321356
6066,0.0009999785106629133,0.12140002218075097
6067,0.0009999785106629133,0.12120002065785229
6068,0.00100000761449337,0.12340000830590725
6069,0.0010999792721122503,0.1576000067871064
6070,0.001100008375942707,0.12509999214671552
6071,0.00100000761449337,0.12469998910091817
6072,0.001100008375942707,0.12320000678300858
6073,0.00100000761449337,0.12229999992996454
6074,0.0010999792721122503,0.12350000906735659
6075,0.00100000761449337,0.12399998377077281
6076,0.001100008375942707,0.12329997844062746
6077,0.001100008375942707,0.13130001025274396
6078,0.0009999785106629133,0.12270000297576189
6079,0.001200009137392044,0.13070000568404794
6080,0.001100008375942707,0.12270000297576189
6081,0.00100000761449337,0.12350000906735659
6082,0.00100000761449337,0.12389998300932348
6083,0.00100000761449337,0.12049998622387648
6084,0.00100000761449337,0.12539999443106353
6085,0.001100008375942707,0.13329999637790024
6086,0.0011999800335615873,0.13210001634433866
6087,0.0010999792721122503,0.1317000132985413
6088,0.0011999800335615873,0.12599999899975955
6089,0.001100008375942707,0.1278999843634665
6090,0.001200009137392044,0.1314000110141933
6091,0.001100008375942707,0.13150001177564263
6092,0.0010999792721122503,0.13180001405999064
6093,0.0010999792721122503,0.12100001913495362
6094,0.0010999792721122503,0.13150001177564263
6095,0.0011999800335615873,0.1435000158380717
6096,0.0012999807950109243,0.13299999409355223
6097,0.001100008375942707,0.12310000602155924
6098,0.0009999785106629133,0.12410001363605261
6099,0.00100000761449337,0.12100001913495362
6100,0.0010999792721122503,0.12190002598799765
6101,0.00100000761449337,0.1238000113517046
6102,0.0010999792721122503,0.12120002065785229
6103,0.00100000761449337,0.1210999907925725
6104,0.001100008375942707,0.1218999968841672
6105,0.001100008375942707,0.12139999307692051
6106,0.00100000761449337,0.12240000069141388
6107,0.001100008375942707,0.1218999968841672
6108,0.001100008375942707,0.12859998969361186
6109,0.001100008375942707,0.12649997370317578
6110,0.001100008375942707,0.12410001363605261
6111,0.001100008375942707,0.12199999764561653
6112,0.00100000761449337,0.1221999991685152
6113,0.0009999785106629133,0.12050001532770693
6114,0.0010999792721122503,0.12200002674944699
6115,0.001100008375942707,0.12270000297576189
6116,0.00100000761449337,0.12329997844062746
6117,0.00100000761449337,0.12290000449866056
6118,0.0010999792721122503,0.12140002218075097
6119,0.001100008375942707,0.12280000373721123
6120,0.001100008375942707,0.12199999764561653
6121,0.00100000761449337,0.12139999307692051
6122,0.001100008375942707,0.12149999383836985
6123,0.001100008375942707,0.12169999536126852
6124,0.0010999792721122503,0.12900002184323967
6125,0.0012999807950109243,0.12770001194439828
6126,0.0009999785106629133,0.12280000373721123
6127,0.00100000761449337,0.12209999840706587
6128,0.0009999785106629133,0.12270000297576189
6129,0.00100000761449337,0.12129999231547117
6130,0.001100008375942707,0.12179999612271786
6131,0.0009999785106629133,0.12240000069141388
6132,0.001100008375942707,0.1585999852977693
6133,0.001900014467537403,0.23969999165274203
6134,0.0016999838408082724,0.15100001473911107
6135,0.0011999800335615873,0.13910001143813133
6136,0.0011999800335615873,0.13660002150572836
6137,0.001100008375942707,0.15090001397766173
6138,0.001200009137392044,0.1365999924018979
6139,0.001100008375942707,0.13139998191036284
6140,0.00100000761449337,0.1331999956164509
6141,0.001100008375942707,0.13729999773204327
6142,0.0009999785106629133,0.13410000246949494
6143,0.001200009137392044,0.13050000416114926
6144,0.0010999792721122503,0.1221999991685152
6145,0.00100000761449337,0.12260000221431255
6146,0.0009999785106629133,0.12280000373721123
6147,0.00100000761449337,0.12129999231547117
6148,0.001100008375942707,0.1244999875780195
6149,0.00100000761449337,0.12309997691772878
6150,0.00100000761449337,0.1218999968841672
6151,0.001100008375942707,0.12270000297576189
6152,0.001100008375942707,0.1306000049225986
6153,0.0010999792721122503,0.12550002429634333
6154,0.00100000761449337,0.13719999697059393
6155,0.001200009137392044,0.12340000830590725
6156,0.00100000761449337,0.12410001363605261
6157,0.0009999785106629133,0.1230000052601099
6158,0.001100008375942707,0.12329997844062746
6159,0.001100008375942707,0.12330000754445791
6160,0.0009999785106629133,0.12390001211315393
6161,0.0009999785106629133,0.12260000221431255
6162,0.001100008375942707,0.1221999991685152
6163,0.00100000761449337,0.12140002218075097
6164,0.0010999792721122503,0.12320000678300858
6165,0.00100000761449337,0.12139999307692051
6166,0.0010999792721122503,0.13150001177564263
6167,0.001100008375942707,0.12439998681657016
6168,0.00100000761449337,0.12229999992996454
6169,0.0008999777492135763,0.12410001363605261
6170,0.0009999785106629133,0.12209999840706587
6171,0.00100000761449337,0.12360000982880592
6172,0.0010999792721122503,0.12169999536126852
6173,0.001100008375942707,0.12240000069141388
6174,0.00100000761449337,0.1230000052601099
6175,0.00100000761449337,0.12270000297576189
6176,0.0009999785106629133,0.1221999991685152
6177,0.001200009137392044,0.12139999307692051
6178,0.001100008375942707,0.14119999832473695
6179,0.0010999792721122503,0.2714000002015382
6180,0.0026999914553016424,0.1951000012923032
6181,0.0014999823179095984,0.1534000039100647
6182,0.001300009898841381,0.13669999316334724
6183,0.001300009898841381,0.13410000246949494
6184,0.001100008375942707,0.17949999892152846
6185,0.0013999815564602613,0.15360000543296337
6186,0.001200009137392044,0.14319998444989324
6187,0.001100008375942707,0.13479997869580984
6188,0.001100008375942707,0.1230000052601099
6189,0.0009999785106629133,0.12010001228190958
6190,0.00100000761449337,0.12049998622387648
6191,0.00100000761449337,0.12539999443106353
6192,0.0012999807950109243,0.12440001592040062
6193,0.0009999785106629133,0.12020001304335892
6194,0.0010999792721122503,0.12050001532770693
6195,0.00100000761449337,0.12020001304335892
6196,0.00100000761449337,0.11929997708648443
6197,0.001100008375942707,0.11990001075901091
6198,0.00100000761449337,0.12159999459981918
6199,0.001100008375942707,0.12280000373721123
6200,0.0009999785106629133,0.12770001194439828
6201,0.00100000761449337,0.11999998241662979
6202,0.001100008375942707,0.12019998393952847
6203,0.00100000761449337,0.12039998546242714
6204,0.00100000761449337,0.12129999231547117
6205,0.001100008375942707,0.1202999847009778
6206,0.001100008375942707,0.11979998089373112
6207,0.001100008375942707,0.12089998926967382
6208,0.00100000761449337,0.1255999959539622
6209,0.001100008375942707,0.12039998546242714
6210,0.00100000761449337,0.11940000695176423
6211,0.00100000761449337,0.11900000390596688
6212,0.00100000761449337,0.11809999705292284
6213,0.0009999785106629133,0.11950000771321356
6214,0.001100008375942707,0.11899997480213642
6215,0.00100000761449337,0.12010001228190958
6216,0.001100008375942707,0.12680000509135425
6217,0.001100008375942707,0.12160002370364964
6218,0.0009999785106629133,0.12010001228190958
6219,0.0009999785106629133,0.11970000923611224
6220,0.001100008375942707,0.11969998013228178
6221,0.001100008375942707,0.11910000466741621
6222,0.0010999792721122503,0.12140002218075097
6223,0.00100000761449337,0.12169999536126852
6224,0.00100000761449337,0.1875000016298145
6225,0.0020999868866056204,0.17210000078193843
6226,0.0012999807950109243,0.14280001050792634
6227,0.001200009137392044,0.13489997945725918
6228,0.00100000761449337,0.1218999968841672
6229,0.0010999792721122503,0.12160002370364964
6230,0.00100000761449337,0.12129999231547117
6231,0.001100008375942707,0.12240000069141388
6232,0.001100008375942707,0.1202999847009778
6233,0.001100008375942707,0.1210999907925725
6234,0.00100000761449337,0.12049998622387648
6235,0.001100008375942707,0.12059998698532581
6236,0.00100000761449337,0.12099999003112316
6237,0.001200009137392044,0.13089997810311615
6238,0.001100008375942707,0.12289997539483011
6239,0.00100000761449337,0.12099999003112316
6240,0.00100000761449337,0.12350000906735659
6241,0.00100000761449337,0.12099999003112316
6242,0.001100008375942707,0.12099999003112316
6243,0.00100000761449337,0.12020001304335892
6244,0.00100000761449337,0.11980000999756157
6245,0.0009999785106629133,0.12120002065785229
6246,0.0009999785106629133,0.12149999383836985
6247,0.001100008375942707,0.11990001075901091
6248,0.0009999785106629133,0.11910000466741621
6249,0.00100000761449337,0.152299995534122
6250,0.0015999830793589354,0.20119998953305185
6251,0.001900014467537403,0.19609997980296612
6252,0.001800013706088066,0.2264999784529209
6253,0.001700012944638729,0.20549999317154288
6254,0.0013999815564602613,0.15350000467151403
6255,0.001300009898841381,0.1370999962091446
6256,0.0010999792721122503,0.12760001118294895
6257,0.0010999792721122503,0.12710000737570226
6258,0.001200009137392044,0.12589999823831022
6259,0.0011999800335615873,0.1264000020455569
6260,0.00100000761449337,0.12549999519251287
6261,0.001100008375942707,0.12479998986236751
6262,0.0012999807950109243,0.12730000889860094
6263,0.001200009137392044,0.1270999782718718
6264,0.001400010660290718,0.12849998893216252
6265,0.001100008375942707,0.1351999817416072
6266,0.001400010660290718,0.13390000094659626
6267,0.0010999792721122503,0.1297999988310039
6268,0.001100008375942707,0.1404999929945916
6269,0.001500011421740055,0.22539999918080866
6270,0.0029999937396496534,0.24540000595152378
6271,0.0019999861251562834,0.16830000095069408
6272,0.001400010660290718,0.13359999866224825
6273,0.0011999800335615873,0.12939999578520656
6274,0.001100008375942707,0.1244999875780195
6275,0.001100008375942707,0.1365999924018979
6276,0.001100008375942707,0.1252999936696142
6277,0.0009999785106629133,0.12280000373721123
6278,0.00100000761449337,0.12290000449866056
6279,0.0010999792721122503,0.12110001989640296
6280,0.0011999800335615873,0.12209999840706587
6281,0.00100000761449337,0.12039998546242714
6282,0.00100000761449337,0.12059998698532581
6283,0.001100008375942707,0.1281999866478145
6284,0.001100008375942707,0.12290000449866056
6285,0.0009999785106629133,0.14390001888386905
6286,0.001200009137392044,0.12240000069141388
6287,0.001100008375942707,0.1202999847009778
6288,0.00100000761449337,0.1317999849561602
6289,0.001100008375942707,0.13199998647905886
6290,0.001100008375942707,0.13800000306218863
6291,0.0011999800335615873,0.1306000049225986
6292,0.00100000761449337,0.128800020320341
6293,0.0009999785106629133,0.12650000280700624
6294,0.001200009137392044,0.17809998826123774
6295,0.001200009137392044,0.1303000026382506
6296,0.001200009137392044,0.14349998673424125
6297,0.001100008375942707,0.13130001025274396
6298,0.001100008375942707,0.1269000058528036
6299,0.0010999792721122503,0.1317000132985413
6300,0.000900006853044033,0.15249999705702066
6301,0.0013999815564602613,0.14449999434873462
6302,0.001300009898841381,0.1351999817416072
6303,0.001100008375942707,0.12799998512491584
6304,0.00100000761449337,0.13679999392479658
6305,0.001100008375942707,0.13299999409355223
6306,0.001100008375942707,0.12489999062381685
6307,0.00100000761449337,0.12070001685060561
6308,0.00100000761449337,0.1303000026382506
6309,0.001100008375942707,0.1275000104214996
6310,0.00100000761449337,0.12090001837350428
6311,0.001100008375942707,0.1210999907925725
6312,0.00100000761449337,0.13189998571760952
6313,0.001100008375942707,0.2449000021442771
6314,0.002700020559132099,0.22139999782666564
6315,0.0014999823179095984,0.15320000238716602
6316,0.001300009898841381,0.13639999087899923
6317,0.0011999800335615873,0.12740000966005027
6318,0.001100008375942707,0.12299997615627944
6319,0.001100008375942707,0.12250000145286322
6320,0.00100000761449337,0.1218999968841672
6321,0.0012999807950109243,0.12149999383836985
6322,0.001100008375942707,0.12209999840706587
6323,0.00100000761449337,0.12059998698532581
6324,0.000900006853044033,0.1202999847009778
6325,0.001100008375942707,0.13069997658021748
6326,0.001100008375942707,0.1238000113517046
6327,0.0010999792721122503,0.12199999764561653
6328,0.00100000761449337,0.12129999231547117
6329,0.00100000761449337,0.12250000145286322
6330,0.0010999792721122503,0.12169999536126852
6331,0.00100000761449337,0.12089998926967382
6332,0.00100000761449337,0.11930000619031489
6333,0.0011999800335615873,0.11910000466741621
6334,0.001100008375942707,0.11899997480213642
6335,0.00100000761449337,0.1188000023830682
6336,0.00100000761449337,0.12119999155402184
6337,0.0009999785106629133,0.12160002370364964
6338,0.00100000761449337,0.1218999968841672
6339,0.001100008375942707,0.12179999612271786
6340,0.00100000761449337,0.12220002827234566
6341,0.001100008375942707,0.12939999578520656
6342,0.001200009137392044,0.1236999814864248
6343,0.00100000761449337,0.12119999155402184
6344,0.001100008375942707,0.12280000373721123
6345,0.0010999792721122503,0.12030001380480826
6346,0.0010999792721122503,0.12270000297576189
6347,0.00100000761449337,0.12169999536126852
6348,0.001100008375942707,0.12119999155402184
6349,0.0010999792721122503,0.1218999968841672
6350,0.001200009137392044,0.12089998926967382
6351,0.001100008375942707,0.1210999907925725
6352,0.001200009137392044,0.12179999612271786
6353,0.001100008375942707,0.12139999307692051
6354,0.0009999785106629133,0.12199999764561653
6355,0.00100000761449337,0.12139999307692051
6356,0.001100008375942707,0.12439998681657016
6357,0.00100000761449337,0.1278999843634665
6358,0.001300009898841381,0.12710000737570226
6359,0.001100008375942707,0.2510999911464751
6360,0.006599992047995329,0.16399999731220305
6361,0.001200009137392044,0.13390000094659626
6362,0.0010999792721122503,0.12599999899975955
6363,0.001100008375942707,0.13130001025274396
6364,0.001100008375942707,0.1238000113517046
6365,0.0010999792721122503,0.12290000449866056
6366,0.00100000761449337,0.1278999843634665
6367,0.001200009137392044,0.12509999214671552
6368,0.00100000761449337,0.12229999992996454
6369,0.001100008375942707,0.12290000449866056
6370,0.000900006853044033,0.12459998833946884
6371,0.001100008375942707,0.13229998876340687
6372,0.001300009898841381,0.12719997903332114
6373,0.001100008375942707,0.12079998850822449
6374,0.00100000761449337,0.12240000069141388
6375,0.0009999785106629133,0.12060001608915627
6376,0.0009999785106629133,0.12080001761205494
6377,0.0010999792721122503,0.12250000145286322
6378,0.001100008375942707,0.12250000145286322
6379,0.0009999785106629133,0.12710000737570226
6380,0.001200009137392044,0.12139999307692051
6381,0.0009999785106629133,0.12120002065785229
6382,0.0009999785106629133,0.12139999307692051
6383,0.001100008375942707,0.12199999764561653
6384,0.00100000761449337,0.1221999991685152
6385,0.0010999792721122503,0.12159999459981918
6386,0.00100000761449337,0.12340000830590725
6387,0.0011999800335615873,0.1221999991685152
6388,0.001100008375942707,0.13150001177564263
6389,0.00100000761449337,0.12099999003112316
6390,0.001200009137392044,0.1204000145662576
6391,0.00100000761449337,0.12089998926967382
6392,0.000900006853044033,0.12260000221431255
6393,0.001100008375942707,0.1221999991685152
6394,0.001100008375942707,0.12250000145286322
6395,0.00100000761449337,0.12169999536126852
6396,0.0010999792721122503,0.12250000145286322
6397,0.00100000761449337,0.12059998698532581
6398,0.00100000761449337,0.12270000297576189
6399,0.0010999792721122503,0.14220000593923032
6400,0.001500011421740055,0.16039999900385737
6401,0.001200009137392044,0.13940001372247934
6402,0.001200009137392044,0.13570001465268433
6403,0.001200009137392044,0.13609998859465122
6404,0.001100008375942707,0.1723000023048371
6405,0.0020999868866056204,0.2564000023994595
6406,0.0019999861251562834,0.1508000132162124
6407,0.0011999800335615873,0.13130001025274396
6408,0.0010999792721122503,0.1343000039923936
6409,0.001100008375942707,0.12429998605512083
6410,0.00100000761449337,0.12419998529367149
6411,0.00100000761449337,0.1230000052601099
6412,0.0010999792721122503,0.12270000297576189
6413,0.00100000761449337,0.12939999578520656
6414,0.0011999800335615873,0.12620000052265823
6415,0.00100000761449337,0.12199999764561653
6416,0.00100000761449337,0.12489999062381685
6417,0.0009999785106629133,0.1340000017080456
6418,0.001100008375942707,0.1255999959539622
6419,0.00100000761449337,0.12179999612271786
6420,0.0010999792721122503,0.1215000229422003
6421,0.00100000761449337,0.12209999840706587
6422,0.00100000761449337,0.12769998284056783
6423,0.001200009137392044,0.12179999612271786
6424,0.00100000761449337,0.12129999231547117
6425,0.0010999792721122503,0.1221999991685152
6426,0.001200009137392044,0.12280000373721123
6427,0.0010999792721122503,0.12160002370364964
6428,0.001100008375942707,0.12310000602155924
6429,0.00100000761449337,0.12199999764561653
6430,0.00100000761449337,0.12100001913495362
6431,0.00100000761449337,0.1221999991685152
6432,0.001200009137392044,0.12349997996352613
6433,0.001100008375942707,0.1315999834332615
6434,0.001100008375942707,0.1252999936696142
6435,0.001100008375942707,0.12139999307692051
6436,0.001100008375942707,0.12229999992996454
6437,0.001200009137392044,0.12179999612271786
6438,0.001100008375942707,0.12099999003112316
6439,0.001100008375942707,0.12089998926967382
6440,0.00100000761449337,0.12250000145286322
6441,0.001100008375942707,0.12270000297576189
6442,0.001100008375942707,0.12270000297576189
6443,0.001100008375942707,0.12159999459981918
6444,0.001100008375942707,0.12209999840706587
6445,0.0011999800335615873,0.12240000069141388
6446,0.001100008375942707,0.12330000754445791
6447,0.0009999785106629133,0.12070001685060561
6448,0.0010999792721122503,0.12320000678300858
6449,0.001100008375942707,0.13149998267181218
6450,0.001100008375942707,0.12519999290816486
6451,0.001100008375942707,0.1990000018849969
6452,0.002200016751885414,0.2789999998640269
6453,0.002500019036233425,0.17319998005405068
6454,0.001600012183189392,0.14540000120177865
6455,0.001300009898841381,0.13530001160688698
6456,0.001200009137392044,0.12820001575164497
6457,0.00100000761449337,0.13580001541413367
6458,0.001200009137392044,0.12599999899975955
6459,0.001100008375942707,0.12379998224787414
6460,0.00100000761449337,0.12519999290816486
6461,0.001100008375942707,0.12469998910091817
6462,0.001100008375942707,0.12399998377077281
6463,0.001100008375942707,0.12079998850822449
6464,0.00100000761449337,0.1218999968841672
6465,0.0010999792721122503,0.12810001499019563
6466,0.0010999792721122503,0.12250000145286322
6467,0.00100000761449337,0.12240000069141388
6468,0.0011999800335615873,0.12180002522654831
6469,0.00100000761449337,0.12199999764561653
6470,0.00100000761449337,0.11950000771321356
6471,0.00100000761449337,0.12159999459981918
6472,0.00100000761449337,0.1210999907925725
6473,0.00100000761449337,0.3387999895494431
6474,0.0022999884095042944,0.18210001871921122
6475,0.001400010660290718,0.14709998504258692
6476,0.001200009137392044,0.13840000610798597
6477,0.0012999807950109243,0.13729999773204327
6478,0.001200009137392044,0.13929998385719955
6479,0.001400010660290718,0.13830000534653664
6480,0.001100008375942707,0.135900016175583
6481,0.001200009137392044,0.13530001160688698
6482,0.0010999792721122503,0.13080000644549727
6483,0.001100008375942707,0.1202999847009778
6484,0.001100008375942707,0.12049998622387648
6485,0.001100008375942707,0.12129999231547117
6486,0.00100000761449337,0.12870001955889165
6487,0.0010999792721122503,0.12390001211315393
6488,0.00100000761449337,0.12139999307692051
6489,0.0010999792721122503,0.1204000145662576
6490,0.0011999800335615873,0.11910000466741621
6491,0.00100000761449337,0.12009998317807913
6492,0.00100000761449337,0.11890000314451754
6493,0.0009999785106629133,0.11870000162161887
6494,0.001100008375942707,0.13649999164044857
6495,0.001500011421740055,0.13309999485500157
6496,0.0010999792721122503,0.13040000339969993
6497,0.001200009137392044,0.13089997810311615
6498,0.001100008375942707,0.12169999536126852
6499,0.00100000761449337,0.12099999003112316
6500,0.00100000761449337,0.12139999307692051
6501,0.00100000761449337,0.11790002463385463
6502,0.0009999785106629133,0.12660000356845558
6503,0.001200009137392044,0.13299999409355223
6504,0.0010999792721122503,0.129100022604689
6505,0.001200009137392044,0.12909999350085855
6506,0.001100008375942707,0.1294999965466559
6507,0.001200009137392044,0.12060001608915627
6508,0.001100008375942707,0.1191999763250351
6509,0.00100000761449337,0.12099999003112316
6510,0.00100000761449337,0.13870000839233398
6511,0.001200009137392044,0.13189998571760952
6512,0.001100008375942707,0.13020000187680125
6513,0.00100000761449337,0.11899997480213642
6514,0.00100000761449337,0.11900000390596688
6515,0.0008999777492135763,0.11850000009872019
6516,0.001100008375942707,0.11940000695176423
6517,0.0011999800335615873,0.11950000771321356
6518,0.00100000761449337,0.18279999494552612
6519,0.0014999823179095984,0.135900016175583
6520,0.0010999792721122503,0.1246000174432993
6521,0.0009999785106629133,0.12179999612271786
6522,0.001100008375942707,0.1202999847009778
6523,0.00100000761449337,0.12079998850822449
6524,0.001100008375942707,0.11829999857582152
6525,0.00100000761449337,0.12669997522607446
6526,0.001100008375942707,0.12489999062381685
6527,0.00100000761449337,0.12099999003112316
6528,0.001100008375942707,0.1202999847009778
6529,0.001100008375942707,0.12009998317807913
6530,0.00100000761449337,0.1210999907925725
6531,0.001100008375942707,0.1202999847009778
6532,0.00100000761449337,0.12010001228190958
6533,0.0010999792721122503,0.12420001439750195
6534,0.0011999800335615873,0.1218999968841672
6535,0.00100000761449337,0.12089998926967382
6536,0.001100008375942707,0.11950000771321356
6537,0.001100008375942707,0.11900000390596688
6538,0.00100000761449337,0.11909997556358576
6539,0.00100000761449337,0.12000001152046025
6540,0.00100000761449337,0.12159999459981918
6541,0.00100000761449337,0.12760001118294895
6542,0.001400010660290718,0.1351000100839883
6543,0.0011999800335615873,0.12889999197795987
6544,0.001100008375942707,0.11970000923611224
6545,0.0010999792721122503,0.11910000466741621
6546,0.001100008375942707,0.11999998241662979
6547,0.00100000761449337,0.12119999155402184
6548,0.00100000761449337,0.12280000373721123
6549,0.001100008375942707,0.12670000432990491
6550,0.001300009898841381,0.12649997370317578
6551,0.00100000761449337,0.12429998605512083
6552,0.001100008375942707,0.12209999840706587
6553,0.001200009137392044,0.12209999840706587
6554,0.0009999785106629133,0.12290000449866056
6555,0.001200009137392044,0.12139999307692051
6556,0.0009999785106629133,0.12160002370364964
6557,0.001100008375942707,0.12620000052265823
6558,0.001200009137392044,0.12829998740926385
6559,0.001100008375942707,0.12339997920207679
6560,0.001100008375942707,0.12229999992996454
6561,0.001100008375942707,0.12430001515895128
6562,0.00100000761449337,0.12099999003112316
6563,0.0009999785106629133,0.12250000145286322
6564,0.00100000761449337,0.12340000830590725
6565,0.0010999792721122503,0.12500002048909664
6566,0.001100008375942707,0.12969999806955457
6567,0.001100008375942707,0.12379998224787414
6568,0.001200009137392044,0.12310000602155924
6569,0.0010999792721122503,0.12290000449866056
6570,0.001100008375942707,0.12270000297576189
6571,0.001100008375942707,0.12250000145286322
6572,0.001100008375942707,0.12280000373721123
6573,0.001100008375942707,0.13190001482143998
6574,0.001100008375942707,0.1379000023007393
6575,0.00100000761449337,0.12269997387193143
6576,0.001100008375942707,0.12129999231547117
6577,0.001100008375942707,0.12149999383836985
6578,0.00100000761449337,0.12119999155402184
6579,0.00100000761449337,0.11969998013228178
6580,0.00100000761449337,0.12119999155402184
6581,0.001100008375942707,0.1275999820791185
6582,0.001100008375942707,0.12340000830590725
6583,0.00100000761449337,0.12360000982880592
6584,0.0010999792721122503,0.12350000906735659
6585,0.001100008375942707,0.12349997996352613
6586,0.001100008375942707,0.12379998224787414
6587,0.001200009137392044,0.12320000678300858
6588,0.0009999785106629133,0.12410001363605261
6589,0.0010999792721122503,0.1303000026382506
6590,0.001100008375942707,0.13010000111535192
6591,0.0011999800335615873,0.13410000246949494
6592,0.001200009137392044,0.13699999544769526
6593,0.001100008375942707,0.12410001363605261
6594,0.00100000761449337,0.12209999840706587
6595,0.0010999792721122503,0.12139999307692051
6596,0.001100008375942707,0.12250000145286322
6597,0.001100008375942707,0.4298999847378582
6598,0.0023999891709536314,0.1728000061120838
6599,0.0013999815564602613,0.14930000179447234
6600,0.001300009898841381,0.1343999756500125
6601,0.001100008375942707,0.12569999671541154
6602,0.001100008375942707,0.13249999028630555
6603,0.001100008375942707,0.1267999759875238
6604,0.001200009137392044,0.12730000889860094
6605,0.001100008375942707,0.12390001211315393
6606,0.0010999792721122503,0.12410001363605261
6607,0.0009999785106629133,0.12390001211315393
6608,0.001100008375942707,0.12510002125054598
6609,0.0010999792721122503,0.12420001439750195
6610,0.0015999830793589354,0.12710000737570226
6611,0.001100008375942707,0.12439998681657016
6612,0.00100000761449337,0.12309997691772878
6613,0.001100008375942707,0.1238000113517046
6614,0.001100008375942707,0.12280000373721123
6615,0.001100008375942707,0.1221999991685152
6616,0.00100000761449337,0.12390001211315393
6617,0.0010999792721122503,0.12710000737570226
6618,0.001300009898841381,0.12519999290816486
6619,0.0009999785106629133,0.12440001592040062
6620,0.0010999792721122503,0.12270000297576189
6621,0.001100008375942707,0.12330000754445791
6622,0.00100000761449337,0.12159999459981918
6623,0.00100000761449337,0.12459998833946884
6624,0.001100008375942707,0.12310000602155924
6625,0.0009999785106629133,0.12579999747686088
6626,0.001300009898841381,0.12650000280700624
6627,0.0010999792721122503,0.12280000373721123
6628,0.001100008375942707,0.12260000221431255
6629,0.0009999785106629133,0.12260000221431255
6630,0.001100008375942707,0.12329997844062746
6631,0.00100000761449337,0.12179999612271786
6632,0.001100008375942707,0.12129999231547117
6633,0.001100008375942707,0.1714999962132424
6634,0.0016999838408082724,0.16090000281110406
6635,0.0011999800335615873,0.1401000190526247
6636,0.0010999792721122503,0.142700009746477
6637,0.0011999800335615873,0.13460000627674162
6638,0.001100008375942707,0.12250000145286322
6639,0.0010999792721122503,0.12209999840706587
6640,0.001100008375942707,0.1286999904550612
6641,0.001200009137392044,0.12589999823831022
6642,0.0010999792721122503,0.1238000113517046
6643,0.001200009137392044,0.12409998453222215
6644,0.00100000761449337,0.12250000145286322
6645,0.001100008375942707,0.12440001592040062
6646,0.001100008375942707,0.12250000145286322
6647,0.001100008375942707,0.12399998377077281
6648,0.001100008375942707,0.1272000081371516
6649,0.001200009137392044,0.12519999290816486
6650,0.00100000761449337,0.12250000145286322
6651,0.0009999785106629133,0.1238000113517046
6652,0.001100008375942707,0.12329997844062746
6653,0.001100008375942707,0.12330000754445791
6654,0.0010999792721122503,0.12310000602155924
6655,0.001200009137392044,0.12240000069141388
6656,0.001100008375942707,0.13460000627674162
6657,0.0011999800335615873,0.12440001592040062
6658,0.0010999792721122503,0.12320000678300858
6659,0.001100008375942707,0.12250000145286322
6660,0.001100008375942707,0.12199999764561653
6661,0.00100000761449337,0.12359998072497547
6662,0.00100000761449337,0.12390001211315393
6663,0.0010999792721122503,0.12360000982880592
6664,0.0010999792721122503,0.1370000245515257
6665,0.001200009137392044,0.1373999984934926
6666,0.001100008375942707,0.13679999392479658
6667,0.0011999800335615873,0.13660002150572836
6668,0.001400010660290718,0.15249999705702066
6669,0.001300009898841381,0.14089999604038894
6670,0.0010999792721122503,0.1367000222671777
6671,0.001100008375942707,0.14990000636316836
6672,0.0011999800335615873,0.1537000061944127
6673,0.001200009137392044,0.12699997751042247
6674,0.00100000761449337,0.12370001059025526
6675,0.00100000761449337,0.1345000055152923
6676,0.0011999800335615873,0.12650000280700624
6677,0.00100000761449337,0.12409998453222215
6678,0.00100000761449337,0.12360000982880592
6679,0.0009999785106629133,0.13990001752972603
6680,0.0011999800335615873,0.13689999468624592
6681,0.001200009137392044,0.2734999870881438
6682,0.0031999952625483274,0.16950001008808613
6683,0.001300009898841381,0.1385000068694353
6684,0.0012999807950109243,0.13130001025274396
6685,0.001100008375942707,0.1275000104214996
6686,0.001100008375942707,0.13639999087899923
6687,0.001200009137392044,0.135600013891235
6688,0.001200009137392044,0.13259999104775488
6689,0.0010999792721122503,0.12870001955889165
6690,0.0011999800335615873,0.12129999231547117
6691,0.00100000761449337,0.12079998850822449
6692,0.001100008375942707,0.2592999953776598
6693,0.0024999899324029684,0.16650001634843647
6694,0.001300009898841381,0.139000010676682
6695,0.001200009137392044,0.1272000081371516
6696,0.0010999792721122503,0.13800000306218863
6697,0.001200009137392044,0.12660000356845558
6698,0.001200009137392044,0.12589999823831022
6699,0.001100008375942707,0.12149999383836985
6700,0.001100008375942707,0.135600013891235
6701,0.001100008375942707,0.12240000069141388
6702,0.00100000761449337,0.12089998926967382
6703,0.00100000761449337,0.12199999764561653
6704,0.001100008375942707,0.37299998803064227
6705,0.0028999929782003164,0.17660000594332814
6706,0.001300009898841381,0.2339000056963414
6707,0.0023999891709536314,0.17129999469034374
6708,0.0013999815564602613,0.14790002023801208
6709,0.0012999807950109243,0.13940001372247934
6710,0.0011999800335615873,0.13880000915378332
6711,0.0012999807950109243,0.1367000222671777
6712,0.0010999792721122503,0.12470001820474863
6713,0.001100008375942707,0.1289999927394092
6714,0.001100008375942707,0.12919999426230788
6715,0.001100008375942707,0.13249999028630555
6716,0.001200009137392044,0.12459998833946884
6717,0.00100000761449337,0.13669999316334724
6718,0.0015999830793589354,0.14560000272467732
6719,0.001200009137392044,0.13380000018514693
6720,0.001200009137392044,0.13100000796839595
6721,0.0010999792721122503,0.13070000568404794
6722,0.001100008375942707,0.13010000111535192
6723,0.0011999800335615873,0.12770001194439828
6724,0.0010999792721122503,0.11940000695176423
6725,0.001100008375942707,0.12879999121651053
6726,0.001100008375942707,0.13169998419471085
6727,0.001100008375942707,0.12939999578520656
6728,0.0010999792721122503,0.12530002277344465
6729,0.001100008375942707,0.12929999502375722
6730,0.001100008375942707,0.13120000949129462
6731,0.001200009137392044,0.12959999730810523
6732,0.001100008375942707,0.11939997784793377
6733,0.00100000761449337,0.1343000039923936
6734,0.0011999800335615873,0.1309000072069466
6735,0.001100008375942707,0.12959999730810523
6736,0.0011999800335615873,0.1204000145662576
6737,0.0010999792721122503,0.12310000602155924
6738,0.001100008375942707,0.13000000035390258
6739,0.0010999792721122503,0.128800020320341
6740,0.0012999807950109243,0.12820001575164497
6741,0.001200009137392044,0.14869999722577631
6742,0.001300009898841381,0.13819997548125684
6743,0.001200009137392044,0.13189998571760952
6744,0.002200016751885414,0.12199999764561653
6745,0.0011999800335615873,0.12090001837350428
6746,0.0009999785106629133,0.11940000695176423
6747,0.00100000761449337,0.1191999763250351
6748,0.001100008375942707,0.11910000466741621
6749,0.0010999792721122503,0.13040000339969993
6750,0.00100000761449337,0.12119999155402184
6751,0.00100000761449337,0.11999998241662979
6752,0.00100000761449337,0.1196000084746629
6753,0.0009999785106629133,0.1196000084746629
6754,0.001200009137392044,0.11889997404068708
6755,0.001100008375942707,0.1188000023830682
6756,0.0010999792721122503,0.11890000314451754
6757,0.00100000761449337,0.11799999629147351
6758,0.00100000761449337,0.11860000086016953
6759,0.0010999792721122503,0.11900000390596688
6760,0.00100000761449337,0.11890000314451754
6761,0.00100000761449337,0.11950000771321356
6762,0.0009999785106629133,0.11970000923611224
6763,0.001100008375942707,0.11989998165518045
6764,0.00100000761449337,0.11910000466741621
6765,0.0009999785106629133,0.12650000280700624
6766,0.001100008375942707,0.12139999307692051
6767,0.00100000761449337,0.1283999881707132
6768,0.001100008375942707,0.22149999858811498
6769,0.002700020559132099,0.1907000259961933
6770,0.001400010660290718,0.14869999722577631
6771,0.001300009898841381,0.14029999147169292
6772,0.0011999800335615873,0.1294999965466559
6773,0.001100008375942707,0.13359999866224825
6774,0.001200009137392044,0.12850001803599298
6775,0.0011999800335615873,0.13110000872984529
6776,0.001100008375942707,0.13069997658021748
6777,0.00100000761449337,0.12630000128410757
6778,0.001100008375942707,0.27889999910257757
6779,0.0042000028770416975,0.20370000856928527
6780,0.0013999815564602613,0.14200000441633165
6781,0.0011999800335615873,0.12780001270584762
6782,0.001100008375942707,0.12849998893216252
6783,0.001100008375942707,0.12140002218075097
6784,0.0009999785106629133,0.1204000145662576
6785,0.0009999785106629133,0.12870001955889165
6786,0.0011999800335615873,0.12680000509135425
6787,0.001100008375942707,0.12399998377077281
6788,0.001200009137392044,0.1202999847009778
6789,0.00100000761449337,0.12240000069141388
6790,0.0009999785106629133,0.1204000145662576
6791,0.0009999785106629133,0.12180002522654831
6792,0.00100000761449337,0.1221999991685152
6793,0.001100008375942707,0.12419998529367149
6794,0.001300009898841381,0.12240000069141388
6795,0.0009999785106629133,0.12080001761205494
6796,0.0009999785106629133,0.12000001152046025
6797,0.0009999785106629133,0.11910000466741621
6798,0.00100000761449337,0.12049998622387648
6799,0.00100000761449337,0.11870000162161887
6800,0.0009999785106629133,0.11980000999756157
6801,0.00100000761449337,0.11989998165518045
6802,0.00100000761449337,0.12769998284056783
6803,0.00100000761449337,0.12039998546242714
6804,0.001100008375942707,0.12030001380480826
6805,0.001100008375942707,0.12060001608915627
6806,0.000900006853044033,0.12229999992996454
6807,0.001100008375942707,0.11959997937083244
6808,0.00100000761449337,0.11910000466741621
6809,0.0010999792721122503,0.11819999781437218
6810,0.00100000761449337,0.12770001194439828
6811,0.001100008375942707,0.1218999968841672
6812,0.00100000761449337,0.17549999756738544
6813,0.003600027412176132,0.38040001527406275
6814,0.002900022082030773,0.2046999870799482
6815,0.0014999823179095984,0.1508000132162124
6816,0.001200009137392044,0.13910001143813133
6817,0.001200009137392044,0.13479997869580984
6818,0.001200009137392044,0.1345000055152923
6819,0.0010999792721122503,0.13309999485500157
6820,0.001200009137392044,0.1314000110141933
6821,0.001100008375942707,0.13130001025274396
6822,0.0010999792721122503,0.1269000058528036
6823,0.001200009137392044,0.34020000020973384
6824,0.002700020559132099,0.17749998369254172
6825,0.001300009898841381,0.13599998783320189
6826,0.001100008375942707,0.12730000889860094
6827,0.001300009898841381,0.1275999820791185
6828,0.00100000761449337,0.12179999612271786
6829,0.001100008375942707,0.1225999731104821
6830,0.001200009137392044,0.12089998926967382
6831,0.00100000761449337,0.12929999502375722
6832,0.001100008375942707,0.1221999991685152
6833,0.0009999785106629133,0.12050001532770693
6834,0.0009999785106629133,0.12209999840706587
6835,0.001100008375942707,0.12310000602155924
6836,0.0009999785106629133,0.1215000229422003
6837,0.00100000761449337,0.12099999003112316
6838,0.00100000761449337,0.12099999003112316
6839,0.00100000761449337,0.12700000661425292
6840,0.0010999792721122503,0.12280000373721123
6841,0.001100008375942707,0.11959997937083244
6842,0.00100000761449337,0.12000001152046025
6843,0.000900006853044033,0.12260000221431255
6844,0.00100000761449337,0.11890000314451754
6845,0.00100000761449337,0.11970000923611224
6846,0.0009999785106629133,0.12250000145286322
6847,0.001200009137392044,0.1303000026382506
6848,0.0011999800335615873,0.12440001592040062
6849,0.0009999785106629133,0.1218999968841672
6850,0.00100000761449337,0.1210999907925725
6851,0.00100000761449337,0.12229999992996454
6852,0.001100008375942707,0.12199999764561653
6853,0.00100000761449337,0.12370001059025526
6854,0.0010999792721122503,0.12350000906735659
6855,0.001100008375942707,0.32229998032562435
6856,0.0024999899324029684,0.18060000729747117
6857,0.0012999807950109243,0.14519999967887998
6858,0.001200009137392044,0.13500000932253897
6859,0.001300009898841381,0.13040000339969993
6860,0.0010999792721122503,0.129400024889037
6861,0.001100008375942707,0.12929999502375722
6862,0.001100008375942707,0.12889999197795987
6863,0.001100008375942707,0.12469998910091817
6864,0.001100008375942707,0.12499999138526618
6865,0.0009999785106629133,0.12410001363605261
6866,0.001100008375942707,0.1252999936696142
6867,0.0010999792721122503,0.37140000495128334
6868,0.0023999891709536314,0.15929999062791467
6869,0.001300009898841381,0.13500000932253897
6870,0.00100000761449337,0.12710000737570226
6871,0.0010999792721122503,0.12420001439750195
6872,0.0010999792721122503,0.12090001837350428
6873,0.0009999785106629133,0.1221999991685152
6874,0.00100000761449337,0.13540001236833632
6875,0.001100008375942707,0.12790001346729696
6876,0.00100000761449337,0.13040000339969993
6877,0.001200009137392044,0.12919999426230788
6878,0.0010999792721122503,0.13860000763088465
6879,0.001300009898841381,0.13329999637790024
6880,0.0010999792721122503,0.13190001482143998
6881,0.0009999785106629133,0.12020001304335892
6882,0.00100000761449337,0.11920000542886555
6883,0.00100000761449337,0.12039998546242714
6884,0.00100000761449337,0.12179999612271786
6885,0.00100000761449337,0.12009998317807913
6886,0.001100008375942707,0.12749998131766915
6887,0.001100008375942707,0.12229999992996454
6888,0.001100008375942707,0.12349997996352613
6889,0.001100008375942707,0.12290000449866056
6890,0.00100000761449337,0.12470001820474863
6891,0.001100008375942707,0.12290000449866056
6892,0.001100008375942707,0.12249997234903276
6893,0.001200009137392044,0.1210999907925725
6894,0.001100008375942707,0.12859998969361186
6895,0.001200009137392044,0.12379998224787414
6896,0.00100000761449337,0.12429998605512083
6897,0.000900006853044033,0.12209999840706587
6898,0.00100000761449337,0.17949999892152846
6899,0.0035999983083456755,0.27439999394118786
6900,0.001500011421740055,0.16179998056031764
6901,0.001300009898841381,0.1430999836884439
6902,0.001200009137392044,0.13959998614154756
6903,0.001100008375942707,0.139000010676682
6904,0.001100008375942707,0.13440000475384295
6905,0.001200009137392044,0.13320002472028136
6906,0.0010999792721122503,0.12630000128410757
6907,0.00100000761449337,0.12589999823831022
6908,0.0011999800335615873,0.12710000737570226
6909,0.001200009137392044,0.28119998751208186
6910,0.0021999876480549574,0.15949999215081334
6911,0.001400010660290718,0.14369998825713992
6912,0.001300009898841381,0.13479997869580984
6913,0.001100008375942707,0.14280001050792634
6914,0.001400010660290718,0.13160001253709197
6915,0.001100008375942707,0.12370001059025526
6916,0.0009999785106629133,0.12159999459981918
6917,0.00100000761449337,0.12149999383836985
6918,0.00100000761449337,0.12509999214671552
6919,0.001200009137392044,0.12429998605512083
6920,0.001200009137392044,0.12079998850822449
6921,0.001100008375942707,0.12139999307692051
6922,0.0009999785106629133,0.12340000830590725
6923,0.001100008375942707,0.12439998681657016
6924,0.00100000761449337,0.12379998224787414
6925,0.001100008375942707,0.12119999155402184
6926,0.00100000761449337,0.12969999806955457
6927,0.0013999815564602613,0.12660000356845558
6928,0.000900006853044033,0.12620000052265823
6929,0.0010999792721122503,0.13020000187680125
6930,0.00100000761449337,0.12209999840706587
6931,0.0009999785106629133,0.125400023534894
6932,0.001100008375942707,0.12420001439750195
6933,0.00100000761449337,0.12370001059025526
6934,0.0010999792721122503,0.12620000052265823
6935,0.001100008375942707,0.1252999936696142
6936,0.001100008375942707,0.12270000297576189
6937,0.00100000761449337,0.12340000830590725
6938,0.0009999785106629133,0.1221999991685152
6939,0.001100008375942707,0.12139999307692051
6940,0.001100008375942707,0.12270000297576189
6941,0.0011999800335615873,0.1249000197276473
6942,0.0013999815564602613,0.4107000131625682
6943,0.005299982149153948,0.3173000004608184
6944,0.001700012944638729,0.15159999020397663
6945,0.0012999807950109243,0.13390000094659626
6946,0.001100008375942707,0.12909999350085855
6947,0.001100008375942707,0.1317999849561602
6948,0.001100008375942707,0.13089997810311615
6949,0.001100008375942707,0.12599999899975955
6950,0.001100008375942707,0.1270999782718718
6951,0.001100008375942707,0.2538000117056072
6952,0.002100015990436077,0.15049998182803392
6953,0.001200009137392044,0.1373999984934926
6954,0.0010999792721122503,0.12660000356845558
6955,0.001100008375942707,0.12339997920207679
6956,0.001100008375942707,0.12179999612271786
6957,0.00100000761449337,0.1202999847009778
6958,0.001100008375942707,0.11979998089373112
6959,0.00100000761449337,0.12089998926967382
6960,0.001100008375942707,0.12169999536126852
6961,0.001100008375942707,0.18169998656958342
6962,0.001400010660290718,0.1301999727729708
6963,0.001100008375942707,0.12229999992996454
6964,0.00100000761449337,0.1202999847009778
6965,0.001100008375942707,0.12019998393952847
6966,0.001100008375942707,0.1202999847009778
6967,0.00100000761449337,0.12149999383836985
6968,0.00100000761449337,0.12969999806955457
6969,0.0011999800335615873,0.12520002201199532
6970,0.00100000761449337,0.12290000449866056
6971,0.00100000761449337,0.1215000229422003
6972,0.0010999792721122503,0.12350000906735659
6973,0.00100000761449337,0.12069998774677515
6974,0.00100000761449337,0.12279997463338077
6975,0.00100000761449337,0.12139999307692051
6976,0.00100000761449337,0.12849998893216252
6977,0.001100008375942707,0.12329997844062746
6978,0.00100000761449337,0.1221999991685152
6979,0.00100000761449337,0.12329997844062746
6980,0.001100008375942707,0.12119999155402184
6981,0.00100000761449337,0.12399998377077281
6982,0.00100000761449337,0.12260000221431255
6983,0.0010999792721122503,0.1314000110141933
6984,0.001100008375942707,0.22079999325796962
6985,0.002700020559132099,0.20260000019334257
6986,0.001400010660290718,0.145800004247576
6987,0.0011999800335615873,0.1343000039923936
6988,0.001200009137392044,0.14819999341852963
6989,0.0013999815564602613,0.12870001955889165
6990,0.0010999792721122503,0.1294999965466559
6991,0.001200009137392044,0.12549999519251287
6992,0.001100008375942707,0.12359998072497547
6993,0.001100008375942707,0.12169999536126852
6994,0.001100008375942707,0.12969999806955457
6995,0.0011999800335615873,0.1238000113517046
6996,0.0009999785106629133,0.12030001380480826
6997,0.001100008375942707,0.12209999840706587
6998,0.00100000761449337,0.12070001685060561
6999,0.001100008375942707,0.12410001363605261
7000,0.0010999792721122503,0.12310000602155924
7001,0.001100008375942707,0.12099999003112316
7002,0.001100008375942707,0.12020001304335892
7003,0.00100000761449337,0.12199999764561653
7004,0.0009999785106629133,0.12010001228190958
7005,0.0010999792721122503,0.12120002065785229
7006,0.0010999792721122503,0.12060001608915627
7007,0.0009999785106629133,0.14260000898502767
7008,0.0012999807950109243,0.18500001169741154
7009,0.0015999830793589354,0.148899998748675
7010,0.001200009137392044,0.14849999570287764
7011,0.0011999800335615873,0.13930001296103
7012,0.001100008375942707,0.13040000339969993
7013,0.001200009137392044,0.13189998571760952
7014,0.001200009137392044,0.13050000416114926
7015,0.0010999792721122503,0.13210001634433866
7016,0.0011999800335615873,0.13329999637790024
7017,0.001300009898841381,0.1345000055152923
7018,0.0010999792721122503,0.13180001405999064
7019,0.0010999792721122503,0.13200001558288932
7020,0.0011999800335615873,0.13260002015158534
7021,0.001100008375942707,0.1328999933321029
7022,0.001100008375942707,0.13949998538009822
7023,0.001300009898841381,0.14990000636316836
7024,0.0010999792721122503,0.13600001693703234
7025,0.001200009137392044,0.13570001465268433
7026,0.001100008375942707,0.13610001769848168
7027,0.001100008375942707,0.14300001203082502
7028,0.001400010660290718,0.13639999087899923
7029,0.001200009137392044,0.1331999956164509
7030,0.001200009137392044,0.13390000094659626
7031,0.001200009137392044,0.13120000949129462
7032,0.0010999792721122503,0.1303000026382506
7033,0.001200009137392044,0.1283999881707132
7034,0.00100000761449337,0.12039998546242714
7035,0.00100000761449337,0.12769998284056783
7036,0.001100008375942707,0.1230000052601099
7037,0.0011999800335615873,0.12159999459981918
7038,0.00100000761449337,0.12079998850822449
7039,0.00100000761449337,0.11900000390596688
7040,0.0009999785106629133,0.13230001786723733
7041,0.0011999800335615873,0.12989999959245324
7042,0.00100000761449337,0.12929999502375722
7043,0.001100008375942707,0.12479998986236751
7044,0.0009999785106629133,0.1215000229422003
7045,0.0009999785106629133,0.11910000466741621
7046,0.00100000761449337,0.12089998926967382
7047,0.000900006853044033,0.12169999536126852
7048,0.0009999785106629133,0.12110001989640296
7049,0.0009999785106629133,0.12680000509135425
7050,0.001100008375942707,0.12119999155402184
7051,0.001100008375942707,0.1210999907925725
7052,0.0009999785106629133,0.12000001152046025
7053,0.00100000761449337,0.11969998013228178
7054,0.001100008375942707,0.12069998774677515
7055,0.00100000761449337,0.12169999536126852
7056,0.00100000761449337,0.12090001837350428
7057,0.0009999785106629133,0.12000001152046025
7058,0.00100000761449337,0.11959997937083244
7059,0.001100008375942707,0.12059998698532581
7060,0.00100000761449337,0.12000001152046025
7061,0.00100000761449337,0.11890000314451754
7062,0.001100008375942707,0.11860000086016953
7063,0.00100000761449337,0.12810001499019563
7064,0.001100008375942707,0.12149999383836985
7065,0.00100000761449337,0.11839999933727086
7066,0.00100000761449337,0.12059998698532581
7067,0.00100000761449337,0.11889997404068708
7068,0.001100008375942707,0.12159999459981918
7069,0.00100000761449337,0.12079998850822449
7070,0.001100008375942707,0.12019998393952847
7071,0.00100000761449337,0.11920000542886555
7072,0.0010999792721122503,0.11839999933727086
7073,0.00100000761449337,0.20249999943189323
7074,0.0019999861251562834,0.16399999731220305
7075,0.001400010660290718,0.15809998149052262
7076,0.001400010660290718,0.13119998038746417
7077,0.000900006853044033,0.12280000373721123
7078,0.0009999785106629133,0.13620001845993102
7079,0.0012999807950109243,0.12430001515895128
7080,0.0009999785106629133,0.12510002125054598
7081,0.00100000761449337,0.12270000297576189
7082,0.00100000761449337,0.12280000373721123
7083,0.00100000761449337,0.12199999764561653
7084,0.001100008375942707,0.12349997996352613
7085,0.00100000761449337,0.1238000113517046
7086,0.0009999785106629133,0.12320000678300858
7087,0.00100000761449337,0.12359998072497547
7088,0.001100008375942707,0.12330000754445791
7089,0.001100008375942707,0.12330000754445791
7090,0.0010999792721122503,0.1215000229422003
7091,0.0010999792721122503,0.12070001685060561
7092,0.0010999792721122503,0.12240000069141388
7093,0.001100008375942707,0.12399998377077281
7094,0.00100000761449337,0.13339999713934958
7095,0.001200009137392044,0.12649997370317578
7096,0.001100008375942707,0.12320000678300858
7097,0.0009999785106629133,0.1230000052601099
7098,0.001200009137392044,0.12250000145286322
7099,0.0009999785106629133,0.12260000221431255
7100,0.001100008375942707,0.12270000297576189
7101,0.001300009898841381,0.12240000069141388
7102,0.001100008375942707,0.12240000069141388
7103,0.0010999792721122503,0.1246000174432993
7104,0.001100008375942707,0.13100000796839595
7105,0.0010999792721122503,0.12240000069141388
7106,0.00100000761449337,0.12069998774677515
7107,0.001100008375942707,0.1218999968841672
7108,0.001100008375942707,0.12119999155402184
7109,0.00100000761449337,0.12119999155402184
7110,0.0010999792721122503,0.12920002336613834
7111,0.001200009137392044,0.12450001668184996
7112,0.001100008375942707,0.12310000602155924
7113,0.0010999792721122503,0.12210002751089633
7114,0.00100000761449337,0.12280000373721123
7115,0.00100000761449337,0.12100001913495362
7116,0.0010999792721122503,0.12320000678300858
7117,0.00100000761449337,0.12179999612271786
7118,0.0009999785106629133,0.12400001287460327
7119,0.001100008375942707,0.12139999307692051
7120,0.0010999792721122503,0.1215000229422003
7121,0.00100000761449337,0.12149999383836985
7122,0.001100008375942707,0.1221999991685152
7123,0.001100008375942707,0.14500002725981176
7124,0.001200009137392044,0.13840000610798597
7125,0.0010999792721122503,0.13150001177564263
7126,0.001100008375942707,0.13029997353442013
7127,0.001100008375942707,0.12280000373721123
7128,0.0009999785106629133,0.1218999968841672
7129,0.00100000761449337,0.12199999764561653
7130,0.001100008375942707,0.12209999840706587
7131,0.0010999792721122503,0.14940000255592167
7132,0.001500011421740055,0.2835999766830355
7133,0.0040000013541430235,0.28849998489022255
7134,0.001700012944638729,0.17669997760094702
7135,0.001400010660290718,0.15139998868107796
7136,0.001100008375942707,0.1370999962091446
7137,0.0010999792721122503,0.13910001143813133
7138,0.001100008375942707,0.1269000058528036
7139,0.001100008375942707,0.1236999814864248
7140,0.00100000761449337,0.12420001439750195
7141,0.001100008375942707,0.12240000069141388
7142,0.00100000761449337,0.12969999806955457
7143,0.0010999792721122503,0.12209999840706587
7144,0.001200009137392044,0.12290000449866056
7145,0.0010999792721122503,0.12110001989640296
7146,0.00100000761449337,0.11990001075901091
7147,0.0009999785106629133,0.1196000084746629
7148,0.000900006853044033,0.12039998546242714
7149,0.00100000761449337,0.1294999965466559
7150,0.0011999800335615873,0.13970001600682735
7151,0.0011999800335615873,0.13890000991523266
7152,0.0011999800335615873,0.12810001499019563
7153,0.00100000761449337,0.12139999307692051
7154,0.0010999792721122503,0.12410001363605261
7155,0.0010999792721122503,0.12670000432990491
7156,0.001300009898841381,0.1357999863103032
7157,0.0050000089686363935,0.12779998360201716
7158,0.001100008375942707,0.12670000432990491
7159,0.0009999785106629133,0.12850001803599298
7160,0.00100000761449337,0.12850001803599298
7161,0.001200009137392044,0.12599999899975955
7162,0.001100008375942707,0.14379998901858926
7163,0.001200009137392044,0.12779998360201716
7164,0.000900006853044033,0.12129999231547117
7165,0.00100000761449337,0.12650000280700624
7166,0.001100008375942707,0.13010000111535192
7167,0.0011999800335615873,0.3136000013910234
7168,0.0022999884095042944,0.1640999980736524
7169,0.001300009898841381,0.13800000306218863
7170,0.0011999800335615873,0.1314000110141933
7171,0.0011999800335615873,0.12780001270584762
7172,0.00100000761449337,0.12729997979477048
7173,0.00100000761449337,0.12660000356845558
7174,0.0009999785106629133,0.1283000165130943
7175,0.0010999792721122503,0.12760001118294895
7176,0.0009999785106629133,0.1255999959539622
7177,0.001200009137392044,0.2673999988473952
7178,0.0013999815564602613,0.13100000796839595
7179,0.00100000761449337,0.1745999907143414
7180,0.0012999807950109243,0.14380001812241971
7181,0.0010999792721122503,0.13320002472028136
7182,0.00100000761449337,0.12260000221431255
7183,0.00100000761449337,0.12179999612271786
7184,0.0010999792721122503,0.12100001913495362
7185,0.0009999785106629133,0.12179999612271786
7186,0.001100008375942707,0.12059998698532581
7187,0.00100000761449337,0.12760001118294895
7188,0.001100008375942707,0.12169999536126852
7189,0.001200009137392044,0.12139999307692051
7190,0.001100008375942707,0.12229999992996454
7191,0.00100000761449337,0.11970000923611224
7192,0.0009999785106629133,0.12090001837350428
7193,0.0009999785106629133,0.11930000619031489
7194,0.00100000761449337,0.12039998546242714
7195,0.00100000761449337,0.1252999936696142
7196,0.00100000761449337,0.12139999307692051
7197,0.0009999785106629133,0.1215000229422003
7198,0.0009999785106629133,0.12959999730810523
7199,0.00100000761449337,0.12159999459981918
7200,0.001100008375942707,0.12099999003112316
7201,0.00100000761449337,0.12049998622387648
7202,0.00100000761449337,0.11850000009872019
7203,0.00100000761449337,0.12509999214671552
7204,0.001100008375942707,0.1210999907925725
7205,0.001100008375942707,0.11950000771321356
7206,0.0009999785106629133,0.12139999307692051
7207,0.00100000761449337,0.11980000999756157
7208,0.0009999785106629133,0.11970000923611224
7209,0.001100008375942707,0.11929997708648443
7210,0.00100000761449337,0.11990001075901091
7211,0.001100008375942707,0.28199999360367656
7212,0.0023999891709536314,0.17400001524947584
7213,0.0014999823179095984,0.1441999920643866
7214,0.001300009898841381,0.1328999933321029
7215,0.001100008375942707,0.13569998554885387
7216,0.001100008375942707,0.12809998588636518
7217,0.001200009137392044,0.12620000052265823
7218,0.0009999785106629133,0.13040000339969993
7219,0.001100008375942707,0.13050000416114926
7220,0.001100008375942707,0.12650000280700624
7221,0.001100008375942707,0.12519999290816486
7222,0.0010999792721122503,0.30750001315027475
7223,0.0021999876480549574,0.1601999974809587
7224,0.001400010660290718,0.13539998326450586
7225,0.001200009137392044,0.13109997962601483
7226,0.00100000761449337,0.12650000280700624
7227,0.0010999792721122503,0.12440001592040062
7228,0.0009999785106629133,0.1215000229422003
7229,0.001100008375942707,0.12010001228190958
7230,0.0009999785106629133,0.12110001989640296
7231,0.001100008375942707,0.12740000966005027
7232,0.0011999800335615873,0.12250000145286322
7233,0.001100008375942707,0.12069998774677515
7234,0.00100000761449337,0.12119999155402184
7235,0.00100000761449337,0.11839999933727086
7236,0.0008999777492135763,0.11950000771321356
7237,0.00100000761449337,0.11969998013228178
7238,0.00100000761449337,0.11950000771321356
7239,0.0009999785106629133,0.12650000280700624
7240,0.001100008375942707,0.12429998605512083
7241,0.00100000761449337,0.12209999840706587
7242,0.00100000761449337,0.12089998926967382
7243,0.0009999785106629133,0.12110001989640296
7244,0.0009999785106629133,0.1204000145662576
7245,0.0009999785106629133,0.12010001228190958
7246,0.001100008375942707,0.12039998546242714
7247,0.00100000761449337,0.4655999946407974
7248,0.00300002284348011,0.42359999497421086
7249,0.002700020559132099,0.17610000213608146
7250,0.001500011421740055,0.15440001152455807
7251,0.001400010660290718,0.14280001050792634
7252,0.001200009137392044,0.13830000534653664
7253,0.0013999815564602613,0.1443000219296664
7254,0.0010999792721122503,0.14039999223314226
7255,0.001200009137392044,0.1385000068694353
7256,0.0012999807950109243,0.13580001541413367
7257,0.0010999792721122503,0.1351000100839883
7258,0.0010999792721122503,0.1348000077996403
7259,0.001200009137392044,0.14239997835829854
7260,0.001300009898841381,0.1331999956164509
7261,0.001100008375942707,0.13069997658021748
7262,0.00100000761449337,0.1303000026382506
7263,0.0010999792721122503,0.13000000035390258
7264,0.001200009137392044,0.13169998419471085
7265,0.001200009137392044,0.13169998419471085
7266,0.001100008375942707,0.13490000856108963
7267,0.0011999800335615873,0.14390001888386905
7268,0.001100008375942707,0.12969999806955457
7269,0.001200009137392044,0.13279999257065356
7270,0.001100008375942707,0.1301999727729708
7271,0.001300009898841381,0.13279999257065356
7272,0.001100008375942707,0.13109997962601483
7273,0.001100008375942707,0.1320999872405082
7274,0.001200009137392044,0.1404999929945916
7275,0.001200009137392044,0.13070000568404794
7276,0.001100008375942707,0.13150001177564263
7277,0.0010999792721122503,0.13050000416114926
7278,0.001200009137392044,0.13089997810311615
7279,0.001100008375942707,0.1314000110141933
7280,0.001200009137392044,0.1289999927394092
7281,0.001100008375942707,0.12919999426230788
7282,0.001200009137392044,0.1309999788645655
7283,0.001200009137392044,0.12879999121651053
7284,0.001200009137392044,0.12620000052265823
7285,0.001100008375942707,0.12929999502375722
7286,0.001100008375942707,0.1294999965466559
7287,0.001100008375942707,0.1373999984934926
7288,0.001200009137392044,0.1309000072069466
7289,0.0009999785106629133,0.1188000023830682
7290,0.001100008375942707,0.17290000687353313
7291,0.001300009898841381,0.1343000039923936
7292,0.001100008375942707,0.12410001363605261
7293,0.001100008375942707,0.12630000128410757
7294,0.001100008375942707,0.1336999994236976
7295,0.001100008375942707,0.1396999869029969
7296,0.001500011421740055,0.15630002599209547
7297,0.00200001522898674,0.15320000238716602
7298,0.001300009898841381,0.14409999130293727
7299,0.001300009898841381,0.1317999849561602
7300,0.001100008375942707,0.13309999485500157
7301,0.001100008375942707,0.1385999785270542
7302,0.001200009137392044,0.13359999866224825
7303,0.0010999792721122503,0.1309000072069466
7304,0.001100008375942707,0.13040000339969993
7305,0.001100008375942707,0.13130001025274396
7306,0.0011999800335615873,0.13390000094659626
7307,0.001200009137392044,0.1320999872405082
7308,0.001100008375942707,0.13050000416114926
7309,0.001100008375942707,0.13120000949129462
7310,0.0011999800335615873,0.13280002167448401
7311,0.001100008375942707,0.13120000949129462
7312,0.0012999807950109243,0.129100022604689
7313,0.001200009137392044,0.13070000568404794
7314,0.0011999800335615873,0.13150001177564263
7315,0.001100008375942707,0.13059997581876814
7316,0.001100008375942707,0.13770000077784061
7317,0.0011999800335615873,0.23330000112764537
7318,0.0027999922167509794,0.3556000010576099
7319,0.0024999899324029684,0.1900999923236668
7320,0.001500011421740055,0.15159999020397663
7321,0.0014999823179095984,0.1364000199828297
7322,0.0011999800335615873,0.13329999637790024
7323,0.001200009137392044,0.1323999895248562
7324,0.001100008375942707,0.12719997903332114
7325,0.001100008375942707,0.1204000145662576
7326,0.001100008375942707,0.12050001532770693
7327,0.001100008375942707,0.11990001075901091
7328,0.0009999785106629133,0.12120002065785229
7329,0.00100000761449337,0.1297999988310039
7330,0.001100008375942707,0.1419000036548823
7331,0.001200009137392044,0.13269999180920422
7332,0.001100008375942707,0.12859998969361186
7333,0.001100008375942707,0.13189998571760952
7334,0.001100008375942707,0.13050000416114926
7335,0.0010999792721122503,0.35340001340955496
7336,0.005900015821680427,0.21719999494962394
7337,0.0013999815564602613,0.3735000209417194
7338,0.0033999967854470015,0.21349999587982893
7339,0.001600012183189392,0.1531000016257167
7340,0.001300009898841381,0.13830000534653664
7341,0.0011999800335615873,0.1336999994236976
7342,0.001100008375942707,0.13490000856108963
7343,0.0010999792721122503,0.13110000872984529
7344,0.0010999792721122503,0.2919000107795
7345,0.0025999906938523054,0.25340000865980983
7346,0.0050000089686363935,0.2682000049389899
7347,0.002500019036233425,0.17059998936019838
7348,0.0014999823179095984,0.14640000881627202
7349,0.0013999815564602613,0.13760000001639128
7350,0.001200009137392044,0.13359999866224825
7351,0.001200009137392044,0.13190001482143998
7352,0.0013999815564602613,0.12430001515895128
7353,0.001100008375942707,0.12160002370364964
7354,0.0009999785106629133,0.12130002141930163
7355,0.001100008375942707,0.13010000111535192
7356,0.001100008375942707,0.13059997581876814
7357,0.001100008375942707,0.13000000035390258
7358,0.001100008375942707,0.13949998538009822
7359,0.001300009898841381,0.1314000110141933
7360,0.001100008375942707,0.1315999834332615
7361,0.001100008375942707,0.1315999834332615
7362,0.001200009137392044,0.1297999988310039
7363,0.0009999785106629133,0.1296000264119357
7364,0.001100008375942707,0.1314000110141933
7365,0.0010999792721122503,0.1297999988310039
7366,0.001200009137392044,0.12879999121651053
7367,0.001200009137392044,0.1317999849561602
7368,0.001100008375942707,0.1303000026382506
7369,0.0011999800335615873,0.13000000035390258
7370,0.001200009137392044,0.1315999834332615
7371,0.001200009137392044,0.13070000568404794
7372,0.0010999792721122503,0.12989999959245324
7373,0.00100000761449337,0.13830000534653664
7374,0.001200009137392044,0.13180001405999064
7375,0.001100008375942707,0.12929999502375722
7376,0.00100000761449337,0.13109997962601483
7377,0.00100000761449337,0.12919999426230788
7378,0.00100000761449337,0.12909999350085855
7379,0.001100008375942707,0.13039997429586947
7380,0.001200009137392044,0.12879999121651053
7381,0.001100008375942707,0.1289999927394092
7382,0.001200009137392044,0.13039997429586947
7383,0.001200009137392044,0.1306000049225986
7384,0.0011999800335615873,0.12929999502375722
7385,0.001100008375942707,0.13070000568404794
7386,0.0010999792721122503,0.13130001025274396
7387,0.001200009137392044,0.1297999988310039
7388,0.001200009137392044,0.1815000141505152
7389,0.001400010660290718,0.14600000577047467
7390,0.0011999800335615873,0.13339999713934958
7391,0.001100008375942707,0.1309000072069466
7392,0.0010999792721122503,0.1306000049225986
7393,0.001200009137392044,0.12959999730810523
7394,0.001100008375942707,0.13150001177564263
7395,0.0010999792721122503,0.13240001862868667
7396,0.001200009137392044,0.1314000110141933
7397,0.0010999792721122503,0.1289999927394092
7398,0.001100008375942707,0.13020000187680125
7399,0.001100008375942707,0.13089997810311615
7400,0.001100008375942707,0.13020000187680125
7401,0.0011999800335615873,0.1294999965466559
7402,0.001200009137392044,0.1297999988310039
7403,0.001200009137392044,0.14219997683539987
7404,0.001100008375942707,0.13249999028630555
7405,0.001200009137392044,0.12519999290816486
7406,0.001100008375942707,0.13020000187680125
7407,0.001100008375942707,0.12879999121651053
7408,0.001200009137392044,0.12889999197795987
7409,0.00100000761449337,0.12829998740926385
7410,0.00100000761449337,0.12059998698532581
7411,0.001100008375942707,0.12169999536126852
7412,0.0010999792721122503,0.12170002446509898
7413,0.001100008375942707,0.12119999155402184
7414,0.00100000761449337,0.1218999968841672
7415,0.001100008375942707,0.12149999383836985
7416,0.0010999792721122503,0.12310000602155924
7417,0.001200009137392044,0.13169998419471085
7418,0.001200009137392044,0.14099999680183828
7419,0.0012999807950109243,0.16830000095069408
7420,0.001200009137392044,0.1419000036548823
7421,0.0011999800335615873,0.13460000627674162
7422,0.0011999800335615873,0.1364000199828297
7423,0.0010999792721122503,0.1348000077996403
7424,0.001100008375942707,0.13249999028630555
7425,0.0011999800335615873,0.13210001634433866
7426,0.0010999792721122503,0.13180001405999064
7427,0.001100008375942707,0.13149998267181218
7428,0.001100008375942707,0.13329999637790024
7429,0.0011999800335615873,0.13410000246949494
7430,0.001100008375942707,0.13249999028630555
7431,0.001100008375942707,0.1323999895248562
7432,0.001200009137392044,0.13119998038746417
7433,0.001100008375942707,0.14009998994879425
7434,0.001200009137392044,0.13139998191036284
7435,0.001100008375942707,0.12939999578520656
7436,0.00100000761449337,0.12809998588636518
7437,0.001100008375942707,0.12969999806955457
7438,0.001100008375942707,0.132200017105788
7439,0.001200009137392044,0.13199998647905886
7440,0.001100008375942707,0.13199998647905886
7441,0.001200009137392044,0.2133999951183796
7442,0.001400010660290718,0.146100006531924
7443,0.001200009137392044,0.14119999832473695
7444,0.0011999800335615873,0.1385000068694353
7445,0.001200009137392044,0.14459999511018395
7446,0.0012999807950109243,0.13540001236833632
7447,0.0011999800335615873,0.13329999637790024
7448,0.001200009137392044,0.13440000475384295
7449,0.0011999800335615873,0.13380000018514693
7450,0.001200009137392044,0.13299999409355223
7451,0.001200009137392044,0.13010000111535192
7452,0.00100000761449337,0.12070001685060561
7453,0.00100000761449337,0.12090001837350428
7454,0.001100008375942707,0.12159999459981918
7455,0.001100008375942707,0.12149999383836985
7456,0.001100008375942707,0.12179999612271786
7457,0.0009999785106629133,0.12060001608915627
7458,0.0009999785106629133,0.1221999991685152
7459,0.00100000761449337,0.12139999307692051
7460,0.00100000761449337,0.12579999747686088
7461,0.0013999815564602613,0.13010000111535192
7462,0.001100008375942707,0.12469998910091817
7463,0.001100008375942707,0.13329999637790024
7464,0.0013999815564602613,0.13470000703819096
7465,0.001300009898841381,0.13259999104775488
7466,0.001100008375942707,0.1330000231973827
7467,0.0011999800335615873,0.12630000128410757
7468,0.001100008375942707,0.12139999307692051
7469,0.00100000761449337,0.12129999231547117
7470,0.0010999792721122503,0.1218999968841672
7471,0.00100000761449337,0.12030001380480826
7472,0.001100008375942707,0.12199999764561653
7473,0.001100008375942707,0.12179999612271786
7474,0.00100000761449337,0.12269997387193143
7475,0.00100000761449337,0.12119999155402184
7476,0.001200009137392044,0.12879999121651053
7477,0.001100008375942707,0.12409998453222215
7478,0.00100000761449337,0.12310000602155924
7479,0.001100008375942707,0.12250000145286322
7480,0.001100008375942707,0.12260000221431255
7481,0.00100000761449337,0.12310000602155924
7482,0.00100000761449337,0.12329997844062746
7483,0.001100008375942707,0.12179999612271786
7484,0.00100000761449337,0.12179999612271786
7485,0.0010999792721122503,0.12080001761205494
7486,0.001100008375942707,0.12260000221431255
7487,0.001100008375942707,0.12089998926967382
7488,0.001100008375942707,0.12240000069141388
7489,0.00100000761449337,0.12240000069141388
7490,0.00100000761449337,0.12179999612271786
7491,0.0009999785106629133,0.12260000221431255
7492,0.00100000761449337,0.12670000432990491
7493,0.0010999792721122503,0.12350000906735659
7494,0.00100000761449337,0.12229999992996454
7495,0.00100000761449337,0.1221999991685152
7496,0.00100000761449337,0.12179999612271786
7497,0.0010999792721122503,0.1230000052601099
7498,0.00100000761449337,0.12129999231547117
7499,0.001100008375942707,0.12149999383836985
7500,0.0009999785106629133,0.11990001075901091
7501,0.00100000761449337,0.12170002446509898
7502,0.0012999807950109243,0.12169999536126852
7503,0.001100008375942707,0.12270000297576189
7504,0.0009999785106629133,0.15999999595806003
7505,0.001100008375942707,0.12519999290816486
7506,0.00100000761449337,0.12280000373721123
7507,0.0009999785106629133,0.12260000221431255
7508,0.001100008375942707,0.12879999121651053
7509,0.001100008375942707,0.12309997691772878
7510,0.001200009137392044,0.12139999307692051
7511,0.001300009898841381,0.1370999962091446
7512,0.0012999807950109243,0.13669999316334724
7513,0.001200009137392044,0.13189998571760952
7514,0.001200009137392044,0.13299999409355223
7515,0.00100000761449337,0.12129999231547117
7516,0.0009999785106629133,0.12810001499019563
7517,0.0011999800335615873,0.128800020320341
7518,0.0011999800335615873,0.12710000737570226
7519,0.001100008375942707,0.1297999988310039
7520,0.0010999792721122503,0.13110000872984529
7521,0.001100008375942707,0.1398000167682767
7522,0.0011999800335615873,0.13470000703819096
7523,0.001200009137392044,0.12469998910091817
7524,0.001100008375942707,0.1210999907925725
7525,0.0009999785106629133,0.12930002412758768
7526,0.001300009898841381,0.13010000111535192
7527,0.001100008375942707,0.12169999536126852
7528,0.0010999792721122503,0.11970000923611224
7529,0.001100008375942707,0.12099999003112316
7530,0.00100000761449337,0.12089998926967382
7531,0.0010999792721122503,0.12130002141930163
7532,0.0009999785106629133,0.12120002065785229
7533,0.001200009137392044,0.12159999459981918
7534,0.001100008375942707,0.12149999383836985
7535,0.00100000761449337,0.12149999383836985
7536,0.0009999785106629133,0.12450001668184996
7537,0.0010999792721122503,0.12890002108179033
7538,0.001100008375942707,0.1246000174432993
7539,0.001100008375942707,0.12260000221431255
7540,0.001100008375942707,0.12169999536126852
7541,0.001300009898841381,0.12310000602155924
7542,0.00100000761449337,0.12250000145286322
7543,0.001100008375942707,0.12169999536126852
7544,0.0010999792721122503,0.12360000982880592
7545,0.001100008375942707,0.12129999231547117
7546,0.0010999792721122503,0.12070001685060561
7547,0.0010999792721122503,0.12110001989640296
7548,0.0010999792721122503,0.12209999840706587
7549,0.001100008375942707,0.12039998546242714
7550,0.001100008375942707,0.1204000145662576
7551,0.00100000761449337,0.12770001194439828
7552,0.001200009137392044,0.12280000373721123
7553,0.001100008375942707,0.11989998165518045
7554,0.00100000761449337,0.12069998774677515
7555,0.00100000761449337,0.12149999383836985
7556,0.00100000761449337,0.12289997539483011
7557,0.001100008375942707,0.1221999991685152
7558,0.00100000761449337,0.1221999991685152
7559,0.001100008375942707,0.17720001051202416
7560,0.0016999838408082724,0.16840000171214342
7561,0.0012999807950109243,0.13990001752972603
7562,0.0011999800335615873,0.13800000306218863
7563,0.001200009137392044,0.13979998766444623
7564,0.001200009137392044,0.1427999814040959
7565,0.001200009137392044,0.13390000094659626
7566,0.0011999800335615873,0.13309999485500157
7567,0.001200009137392044,0.13269999180920422
7568,0.001100008375942707,0.13299999409355223
7569,0.001100008375942707,0.13119998038746417
7570,0.001100008375942707,0.13380000018514693
7571,0.0010999792721122503,0.12270000297576189
7572,0.00100000761449337,0.1210999907925725
7573,0.001100008375942707,0.12199999764561653
7574,0.0010999792721122503,0.12160002370364964
7575,0.001200009137392044,0.12290000449866056
7576,0.00100000761449337,0.12200002674944699
7577,0.001100008375942707,0.12810001499019563
7578,0.001100008375942707,0.12440001592040062
7579,0.00100000761449337,0.12149999383836985
7580,0.00100000761449337,0.12159999459981918
7581,0.001100008375942707,0.12379998224787414
7582,0.001100008375942707,0.12199999764561653
7583,0.00100000761449337,0.12149999383836985
7584,0.0009999785106629133,0.12060001608915627
7585,0.0009999785106629133,0.12250000145286322
7586,0.00100000761449337,0.12139999307692051
7587,0.001100008375942707,0.12149999383836985
7588,0.0010999792721122503,0.12130002141930163
7589,0.0009999785106629133,0.12070001685060561
7590,0.0010999792721122503,0.12209999840706587
7591,0.00100000761449337,0.1269000058528036
7592,0.001200009137392044,0.12360000982880592
7593,0.0010999792721122503,0.12180002522654831
7594,0.00100000761449337,0.1210999907925725
7595,0.00100000761449337,0.12099999003112316
7596,0.00100000761449337,0.12290000449866056
7597,0.0009999785106629133,0.12199999764561653
7598,0.001100008375942707,0.12229999992996454
7599,0.001100008375942707,0.12120002065785229
7600,0.0009999785106629133,0.12080001761205494
7601,0.0010999792721122503,0.12020001304335892
7602,0.00100000761449337,0.12130002141930163
7603,0.0009999785106629133,0.1204000145662576
7604,0.0010999792721122503,0.12180002522654831
7605,0.001100008375942707,0.1283999881707132
7606,0.001200009137392044,0.14089999604038894
7607,0.001300009898841381,0.1362999901175499
7608,0.0011999800335615873,0.13200001558288932
7609,0.0011999800335615873,0.13390000094659626
7610,0.001100008375942707,0.12409998453222215
7611,0.001100008375942707,0.12250000145286322
7612,0.001100008375942707,0.12089998926967382
7613,0.001100008375942707,0.12090001837350428
7614,0.0011999800335615873,0.12170002446509898
7615,0.00100000761449337,0.12159999459981918
7616,0.001100008375942707,0.12290000449866056
7617,0.0009999785106629133,0.12209999840706587
7618,0.00100000761449337,0.12119999155402184
7619,0.00100000761449337,0.12159999459981918
7620,0.00100000761449337,0.12069998774677515
7621,0.001100008375942707,0.1275999820791185
7622,0.001100008375942707,0.12359998072497547
7623,0.00100000761449337,0.15899998834356666
7624,0.001100008375942707,0.12429998605512083
7625,0.00100000761449337,0.12270000297576189
7626,0.0010999792721122503,0.12250000145286322
7627,0.001100008375942707,0.12260000221431255
7628,0.0009999785106629133,0.12320000678300858
7629,0.00100000761449337,0.12250000145286322
7630,0.0009999785106629133,0.12280000373721123
7631,0.00100000761449337,0.12270000297576189
7632,0.001100008375942707,0.12929999502375722
7633,0.001100008375942707,0.12799998512491584
7634,0.00100000761449337,0.12240000069141388
7635,0.0009999785106629133,0.12160002370364964
7636,0.0010999792721122503,0.12320000678300858
7637,0.001100008375942707,0.13029997353442013
7638,0.001100008375942707,0.1238000113517046
7639,0.001100008375942707,0.12670000432990491
7640,0.001200009137392044,0.13429997488856316
7641,0.001100008375942707,0.12209999840706587
7642,0.001100008375942707,0.12279997463338077
7643,0.001100008375942707,0.12159999459981918
7644,0.001100008375942707,0.12079998850822449
7645,0.00100000761449337,0.12260000221431255
7646,0.00100000761449337,0.12199999764561653
7647,0.001100008375942707,0.12340000830590725
7648,0.001100008375942707,0.12169999536126852
7649,0.001100008375942707,0.12240000069141388
7650,0.0009999785106629133,0.12140002218075097
7651,0.00100000761449337,0.12420001439750195
7652,0.0010999792721122503,0.12209999840706587
7653,0.001100008375942707,0.12989999959245324
7654,0.0010999792721122503,0.1283000165130943
7655,0.0012999807950109243,0.13420000323094428
7656,0.001200009137392044,0.13329999637790024
7657,0.0009999785106629133,0.12480001896619797
7658,0.0010999792721122503,0.12179999612271786
7659,0.001100008375942707,0.12270000297576189
7660,0.0009999785106629133,0.12110001989640296
7661,0.0010999792721122503,0.12209999840706587
7662,0.00100000761449337,0.11999998241662979
7663,0.00100000761449337,0.1238000113517046
7664,0.0009999785106629133,0.12240000069141388
7665,0.001100008375942707,0.12159999459981918
7666,0.001100008375942707,0.12089998926967382
7667,0.00100000761449337,0.12050001532770693
7668,0.00100000761449337,0.12749998131766915
7669,0.001300009898841381,0.12630000128410757
7670,0.0009999785106629133,0.12290000449866056
7671,0.001100008375942707,0.12139999307692051
7672,0.0009999785106629133,0.12130002141930163
7673,0.0010999792721122503,0.12130002141930163
7674,0.00100000761449337,0.12079998850822449
7675,0.00100000761449337,0.12129999231547117
7676,0.001100008375942707,0.12149999383836985
7677,0.001100008375942707,0.12409998453222215
7678,0.00100000761449337,0.1218999968841672
7679,0.001100008375942707,0.12240000069141388
7680,0.001100008375942707,0.18679999629966915
7681,0.0023999891709536314,0.17660000594332814
7682,0.0014999823179095984,0.1441999920643866
7683,0.001300009898841381,0.14369998825713992
7684,0.001200009137392044,0.1315999834332615
7685,0.00100000761449337,0.1238000113517046
7686,0.00100000761449337,0.12330000754445791
7687,0.0009999785106629133,0.12270000297576189
7688,0.001100008375942707,0.12320000678300858
7689,0.00100000761449337,0.12240000069141388
7690,0.00100000761449337,0.12240000069141388
7691,0.0009999785106629133,0.12169999536126852
7692,0.001100008375942707,0.12290000449866056
7693,0.0010999792721122503,0.12199999764561653
7694,0.00100000761449337,0.12250000145286322
7695,0.001100008375942707,0.1210999907925725
7696,0.0009999785106629133,0.12160002370364964
7697,0.001100008375942707,0.12159999459981918
7698,0.001200009137392044,0.12350000906735659
7699,0.001100008375942707,0.13130001025274396
7700,0.0010999792721122503,0.12420001439750195
7701,0.0010999792721122503,0.12350000906735659
7702,0.001200009137392044,0.13459997717291117
7703,0.001200009137392044,0.1396999869029969
7704,0.001100008375942707,0.1221999991685152
7705,0.0009999785106629133,0.12250000145286322
7706,0.001100008375942707,0.12139999307692051
7707,0.00100000761449337,0.12309997691772878
7708,0.001100008375942707,0.12260000221431255
7709,0.001100008375942707,0.12319997767917812
7710,0.00100000761449337,0.12360000982880592
7711,0.001100008375942707,0.12270000297576189
7712,0.00100000761449337,0.12199999764561653
7713,0.00100000761449337,0.12260000221431255
7714,0.001100008375942707,0.12270000297576189
7715,0.00100000761449337,0.12860001879744232
7716,0.00100000761449337,0.12519999290816486
7717,0.00100000761449337,0.1218999968841672
7718,0.0012999807950109243,0.12160002370364964
7719,0.0010999792721122503,0.12199999764561653
7720,0.001100008375942707,0.12159999459981918
7721,0.001100008375942707,0.12260000221431255
7722,0.001100008375942707,0.1221999991685152
7723,0.001100008375942707,0.12209999840706587
7724,0.0009999785106629133,0.12179999612271786
7725,0.00100000761449337,0.12179999612271786
7726,0.00100000761449337,0.12270000297576189
7727,0.0010999792721122503,0.12120002065785229
7728,0.00100000761449337,0.12260000221431255
7729,0.00100000761449337,0.12739998055621982
7730,0.001200009137392044,0.1252999936696142
7731,0.00100000761449337,0.12209999840706587
7732,0.0009999785106629133,0.12100001913495362
7733,0.001100008375942707,0.12060001608915627
7734,0.001100008375942707,0.12020001304335892
7735,0.0009999785106629133,0.11950000771321356
7736,0.00100000761449337,0.12309997691772878
7737,0.00100000761449337,0.12139999307692051
7738,0.001100008375942707,0.12199999764561653
7739,0.0009999785106629133,0.12180002522654831
7740,0.001100008375942707,0.12149999383836985
7741,0.001100008375942707,0.12270000297576189
7742,0.0009999785106629133,0.12120002065785229
7743,0.0009999785106629133,0.1841000048443675
7744,0.001500011421740055,0.14840002404525876
7745,0.0010999792721122503,0.12670000432990491
7746,0.001100008375942707,0.12359998072497547
7747,0.001100008375942707,0.15079998411238194
7748,0.001600012183189392,0.13689999468624592
7749,0.0012999807950109243,0.13660002150572836
7750,0.0009999785106629133,0.12630000128410757
7751,0.001100008375942707,0.12349997996352613
7752,0.00100000761449337,0.12229999992996454
7753,0.00100000761449337,0.12209999840706587
7754,0.0009999785106629133,0.1196000084746629
7755,0.0010999792721122503,0.12070001685060561
7756,0.00100000761449337,0.12130002141930163
7757,0.0010999792721122503,0.12240000069141388
7758,0.001100008375942707,0.13830000534653664
7759,0.0011999800335615873,0.1441999920643866
7760,0.001100008375942707,0.12290000449866056
7761,0.0009999785106629133,0.12650000280700624
7762,0.001100008375942707,0.12199999764561653
7763,0.00100000761449337,0.12079998850822449
7764,0.00100000761449337,0.12229999992996454
7765,0.00100000761449337,0.12119999155402184
7766,0.00100000761449337,0.12079998850822449
7767,0.001200009137392044,0.12099999003112316
7768,0.00100000761449337,0.12179999612271786
7769,0.000900006853044033,0.12049998622387648
7770,0.00100000761449337,0.12069998774677515
7771,0.00100000761449337,0.12119999155402184
7772,0.0009999785106629133,0.12240000069141388
7773,0.001100008375942707,0.12280000373721123
7774,0.0009999785106629133,0.1309000072069466
7775,0.00100000761449337,0.12209999840706587
7776,0.0009999785106629133,0.12169999536126852
7777,0.001100008375942707,0.12129999231547117
7778,0.001100008375942707,0.12280000373721123
7779,0.0010999792721122503,0.12070001685060561
7780,0.0009999785106629133,0.12229999992996454
7781,0.00100000761449337,0.12059998698532581
7782,0.000900006853044033,0.12119999155402184
7783,0.00100000761449337,0.12119999155402184
7784,0.001100008375942707,0.12069998774677515
7785,0.001100008375942707,0.12129999231547117
7786,0.001100008375942707,0.12059998698532581
7787,0.00100000761449337,0.12139999307692051
7788,0.0010999792721122503,0.12959999730810523
7789,0.001100008375942707,0.12429998605512083
7790,0.00100000761449337,0.1210999907925725
7791,0.001100008375942707,0.12199999764561653
7792,0.00100000761449337,0.1210999907925725
7793,0.0010999792721122503,0.12180002522654831
7794,0.00100000761449337,0.1221999991685152
7795,0.001100008375942707,0.11999998241662979
7796,0.001100008375942707,0.3001999866683036
7797,0.008100003469735384,0.2443999983370304
7798,0.001700012944638729,0.1453000004403293
7799,0.0011999800335615873,0.1260999997612089
7800,0.00100000761449337,0.12250000145286322
7801,0.00100000761449337,0.1331999956164509
7802,0.0012999807950109243,0.12740000966005027
7803,0.0010999792721122503,0.12390001211315393
7804,0.001100008375942707,0.12630000128410757
7805,0.001100008375942707,0.12330000754445791
7806,0.0009999785106629133,0.12320000678300858
7807,0.00100000761449337,0.12290000449866056
7808,0.00100000761449337,0.12310000602155924
7809,0.001200009137392044,0.12049998622387648
7810,0.00100000761449337,0.12179999612271786
7811,0.0009999785106629133,0.12120002065785229
7812,0.001100008375942707,0.12250000145286322
7813,0.00100000761449337,0.12049998622387648
7814,0.001100008375942707,0.1218999968841672
7815,0.0009999785106629133,0.12170002446509898
7816,0.00100000761449337,0.12229999992996454
7817,0.001100008375942707,0.12689997674897313
7818,0.001400010660290718,0.12700000661425292
7819,0.0010999792721122503,0.12070001685060561
7820,0.0010999792721122503,0.12370001059025526
7821,0.000900006853044033,0.12060001608915627
7822,0.00100000761449337,0.12129999231547117
7823,0.0011999800335615873,0.12209999840706587
7824,0.001100008375942707,0.12119999155402184
7825,0.001200009137392044,0.12409998453222215
7826,0.00100000761449337,0.12360000982880592
7827,0.00100000761449337,0.1210999907925725
7828,0.00100000761449337,0.12119999155402184
7829,0.000900006853044033,0.12169999536126852
7830,0.00100000761449337,0.12419998529367149
7831,0.00100000761449337,0.12379998224787414
7832,0.001100008375942707,0.12260000221431255
7833,0.0009999785106629133,0.12190002598799765
7834,0.00100000761449337,0.13380000018514693
7835,0.00100000761449337,0.12479998986236751
7836,0.00100000761449337,0.12299997615627944
7837,0.001200009137392044,0.12209999840706587
7838,0.00100000761449337,0.12279997463338077
7839,0.001100008375942707,0.12030001380480826
7840,0.001100008375942707,0.12149999383836985
7841,0.00100000761449337,0.15259999781847
7842,0.0018999853637069464,0.16429999959655106
7843,0.001300009898841381,0.17819998902268708
7844,0.001200009137392044,0.14219997683539987
7845,0.00100000761449337,0.12879999121651053
7846,0.00100000761449337,0.16209998284466565
7847,0.001700012944638729,0.2993999805767089
7848,0.001800013706088066,0.1503999810665846
7849,0.001200009137392044,0.1286999904550612
7850,0.001300009898841381,0.13040000339969993
7851,0.001100008375942707,0.12390001211315393
7852,0.0009999785106629133,0.15609999536536634
7853,0.00100000761449337,0.1351000100839883
7854,0.001100008375942707,0.12549999519251287
7855,0.001100008375942707,0.12280000373721123
7856,0.0010999792721122503,0.1230000052601099
7857,0.001100008375942707,0.12260000221431255
7858,0.00100000761449337,0.12250000145286322
7859,0.00100000761449337,0.12079998850822449
7860,0.00100000761449337,0.12199999764561653
7861,0.0009999785106629133,0.12010001228190958
7862,0.0009999785106629133,0.1297999988310039
7863,0.001100008375942707,0.12310000602155924
7864,0.0010999792721122503,0.12270000297576189
7865,0.00100000761449337,0.1210999907925725
7866,0.00100000761449337,0.1236999814864248
7867,0.001100008375942707,0.12250000145286322
7868,0.0010999792721122503,0.12250000145286322
7869,0.001100008375942707,0.1218999968841672
7870,0.00100000761449337,0.12149999383836985
7871,0.0009999785106629133,0.12179999612271786
7872,0.00100000761449337,0.12240000069141388
7873,0.00100000761449337,0.12199999764561653
7874,0.0010999792721122503,0.1230000052601099
7875,0.00100000761449337,0.12199999764561653
7876,0.0009999785106629133,0.12169999536126852
7877,0.001100008375942707,0.12159999459981918
7878,0.00100000761449337,0.12919999426230788
7879,0.001100008375942707,0.12240000069141388
7880,0.001100008375942707,0.12179999612271786
7881,0.001100008375942707,0.1221999991685152
7882,0.0010999792721122503,0.12310000602155924
7883,0.001100008375942707,0.12349997996352613
7884,0.001100008375942707,0.12310000602155924
7885,0.0009999785106629133,0.12149999383836985
7886,0.00100000761449337,0.14509999891743064
7887,0.001400010660290718,0.13100000796839595
7888,0.001100008375942707,0.25660000392235816
7889,0.0023999891709536314,0.17910002497956157
7890,0.001300009898841381,0.1466000103391707
7891,0.001200009137392044,0.13000000035390258
7892,0.00100000761449337,0.1328999933321029
7893,0.0012999807950109243,0.129100022604689
7894,0.001100008375942707,0.12280000373721123
7895,0.00100000761449337,0.12240000069141388
7896,0.001100008375942707,0.12360000982880592
7897,0.0008999777492135763,0.1218999968841672
7898,0.00100000761449337,0.12360000982880592
7899,0.0010999792721122503,0.12250000145286322
7900,0.000900006853044033,0.12359998072497547
7901,0.00100000761449337,0.12240000069141388
7902,0.00100000761449337,0.12329997844062746
7903,0.001200009137392044,0.1221999991685152
7904,0.0009999785106629133,0.12090001837350428
7905,0.0009999785106629133,0.12160002370364964
7906,0.001100008375942707,0.12199999764561653
7907,0.001100008375942707,0.12129999231547117
7908,0.00100000761449337,0.1304999750573188
7909,0.001100008375942707,0.12350000906735659
7910,0.0010999792721122503,0.12250000145286322
7911,0.001100008375942707,0.12240000069141388
7912,0.0009999785106629133,0.12290000449866056
7913,0.00100000761449337,0.12099999003112316
7914,0.00100000761449337,0.1218999968841672
7915,0.0009999785106629133,0.12120002065785229
7916,0.0010999792721122503,0.12199999764561653
7917,0.00100000761449337,0.12159999459981918
7918,0.00100000761449337,0.12229999992996454
7919,0.0010999792721122503,0.12250000145286322
7920,0.001100008375942707,0.12329997844062746
7921,0.00100000761449337,0.12240000069141388
7922,0.00100000761449337,0.12209999840706587
7923,0.00100000761449337,0.12169999536126852
7924,0.001100008375942707,0.12939999578520656
7925,0.00100000761449337,0.1244999875780195
7926,0.00100000761449337,0.12269997387193143
7927,0.00100000761449337,0.12340000830590725
7928,0.0010999792721122503,0.1215000229422003
7929,0.00100000761449337,0.12050001532770693
7930,0.001100008375942707,0.12060001608915627
7931,0.001100008375942707,0.12270000297576189
7932,0.00100000761449337,0.12129999231547117
7933,0.001100008375942707,0.15120001626200974
7934,0.0011999800335615873,0.14109999756328762
7935,0.001200009137392044,0.1632999919820577
7936,0.001200009137392044,0.14269998064264655
7937,0.001100008375942707,0.12829998740926385
7938,0.001200009137392044,0.1252999936696142
7939,0.00100000761449337,0.1244999875780195
7940,0.00100000761449337,0.12250000145286322
7941,0.0009999785106629133,0.12149999383836985
7942,0.001100008375942707,0.12199999764561653
7943,0.001100008375942707,0.12139999307692051
7944,0.001100008375942707,0.12130002141930163
7945,0.0010999792721122503,0.1218999968841672
7946,0.001100008375942707,0.12250000145286322
7947,0.0010999792721122503,0.12120002065785229
7948,0.0009999785106629133,0.1215000229422003
7949,0.001100008375942707,0.12179999612271786
7950,0.00100000761449337,0.1210999907925725
7951,0.00100000761449337,0.12099999003112316
7952,0.001100008375942707,0.12309997691772878
7953,0.00100000761449337,0.12989999959245324
7954,0.001200009137392044,0.13350002700462937
7955,0.001100008375942707,0.12509999214671552
7956,0.00100000761449337,0.12159999459981918
7957,0.001100008375942707,0.12149999383836985
7958,0.0010999792721122503,0.12180002522654831
7959,0.001100008375942707,0.12260000221431255
7960,0.001100008375942707,0.12199999764561653
7961,0.0009999785106629133,0.12159999459981918
7962,0.001100008375942707,0.1204000145662576
7963,0.001100008375942707,0.12099999003112316
7964,0.001100008375942707,0.12229999992996454
7965,0.00100000761449337,0.12139999307692051
7966,0.0009999785106629133,0.15860001440159976
7967,0.0014999823179095984,0.14620000729337335
7968,0.001300009898841381,0.12929999502375722
7969,0.0010999792721122503,0.12290000449866056
7970,0.001100008375942707,0.12319997767917812
7971,0.00100000761449337,0.12340000830590725
7972,0.0010999792721122503,0.1238000113517046
7973,0.00100000761449337,0.12240000069141388
7974,0.001100008375942707,0.12209999840706587
7975,0.00100000761449337,0.12139999307692051
7976,0.001100008375942707,0.12209999840706587
7977,0.00100000761449337,0.12129999231547117
7978,0.001100008375942707,0.12240000069141388
7979,0.00100000761449337,0.12199999764561653
7980,0.0010999792721122503,0.15100001473911107
7981,0.0013999815564602613,0.19530000281520188
7982,0.0014999823179095984,0.15800000983290374
7983,0.001100008375942707,0.13789997319690883
7984,0.001300009898841381,0.13719999697059393
7985,0.001200009137392044,0.13219998800195754
7986,0.001100008375942707,0.12319997767917812
7987,0.001100008375942707,0.12419998529367149
7988,0.00100000761449337,0.1230000052601099
7989,0.0010999792721122503,0.1249000197276473
7990,0.0009999785106629133,0.12250000145286322
7991,0.00100000761449337,0.12079998850822449
7992,0.00100000761449337,0.12359998072497547
7993,0.00100000761449337,0.12660000356845558
7994,0.0012999807950109243,0.12589999823831022
7995,0.00100000761449337,0.12240000069141388
7996,0.00100000761449337,0.12090001837350428
7997,0.0011999800335615873,0.12130002141930163
7998,0.0010999792721122503,0.12139999307692051
7999,0.001100008375942707,0.1218999968841672
8000,0.00100000761449337,0.12099999003112316
8001,0.001100008375942707,0.1221999991685152
8002,0.0010999792721122503,0.12179999612271786
8003,0.001100008375942707,0.12330000754445791
8004,0.0010999792721122503,0.12360000982880592
8005,0.00100000761449337,0.12110001989640296
8006,0.0009999785106629133,0.12229999992996454
8007,0.001100008375942707,0.12620000052265823
8008,0.0012999807950109243,0.12360000982880592
8009,0.001100008375942707,0.12349997996352613
8010,0.00100000761449337,0.12199999764561653
8011,0.0011999800335615873,0.12090001837350428
8012,0.0010999792721122503,0.12130002141930163
8013,0.0010999792721122503,0.12080001761205494
8014,0.00100000761449337,0.12199999764561653
8015,0.00100000761449337,0.12049998622387648
8016,0.001100008375942707,0.12119999155402184
8017,0.00100000761449337,0.12019998393952847
8018,0.001100008375942707,0.12069998774677515
8019,0.001100008375942707,0.12099999003112316
8020,0.001100008375942707,0.12129999231547117
8021,0.00100000761449337,0.1210999907925725
8022,0.0009999785106629133,0.1221999991685152
8023,0.00100000761449337,0.12420001439750195
8024,0.001100008375942707,0.1303000026382506
8025,0.001200009137392044,0.13069997658021748
8026,0.001300009898841381,0.12539999443106353
8027,0.00100000761449337,0.14099999680183828
8028,0.001500011421740055,0.13490000856108963
8029,0.0010999792721122503,0.32300001475960016
8030,0.003200024366378784,0.17520002438686788
8031,0.001400010660290718,0.13639999087899923
8032,0.001100008375942707,0.13050000416114926
8033,0.0010999792721122503,0.12959999730810523
8034,0.001200009137392044,0.12439998681657016
8035,0.001100008375942707,0.1348000077996403
8036,0.0010999792721122503,0.1249000197276473
8037,0.001100008375942707,0.12240000069141388
8038,0.001100008375942707,0.12399998377077281
8039,0.001100008375942707,0.1210999907925725
8040,0.00100000761449337,0.12240000069141388
8041,0.0009999785106629133,0.12199999764561653
8042,0.00100000761449337,0.1202999847009778
8043,0.001100008375942707,0.12939999578520656
8044,0.001100008375942707,0.12159999459981918
8045,0.0010999792721122503,0.12000001152046025
8046,0.00100000761449337,0.12019998393952847
8047,0.00100000761449337,0.12149999383836985
8048,0.00100000761449337,0.1221999991685152
8049,0.001300009898841381,0.12050001532770693
8050,0.001100008375942707,0.12179999612271786
8051,0.001100008375942707,0.12549999519251287
8052,0.001100008375942707,0.12099999003112316
8053,0.00100000761449337,0.12049998622387648
8054,0.00100000761449337,0.12049998622387648
8055,0.00100000761449337,0.1191999763250351
8056,0.001100008375942707,0.11970000923611224
8057,0.0009999785106629133,0.12260000221431255
8058,0.001100008375942707,0.12159999459981918
8059,0.0009999785106629133,0.1275000104214996
8060,0.001100008375942707,0.12169999536126852
8061,0.0010999792721122503,0.12050001532770693
8062,0.0009999785106629133,0.1215000229422003
8063,0.0010999792721122503,0.11829999857582152
8064,0.00100000761449337,0.12059998698532581
8065,0.001100008375942707,0.12009998317807913
8066,0.001100008375942707,0.12030001380480826
8067,0.001100008375942707,0.1269000058528036
8068,0.0010999792721122503,0.1215000229422003
8069,0.00100000761449337,0.12090001837350428
8070,0.00100000761449337,0.1204000145662576
8071,0.0010999792721122503,0.12199999764561653
8072,0.001200009137392044,0.12099999003112316
8073,0.001100008375942707,0.12169999536126852
8074,0.0011999800335615873,0.12229999992996454
8075,0.001100008375942707,0.1703999878372997
8076,0.0031999952625483274,0.2381000085733831
8077,0.0015999830793589354,0.15140001778490841
8078,0.001300009898841381,0.1370999962091446
8079,0.00100000761449337,0.12769998284056783
8080,0.00100000761449337,0.1309999788645655
8081,0.001100008375942707,0.12440001592040062
8082,0.00100000761449337,0.1545000122860074
8083,0.0012999807950109243,0.12730000889860094
8084,0.0011999800335615873,0.12199999764561653
8085,0.001100008375942707,0.12129999231547117
8086,0.001100008375942707,0.12969999806955457
8087,0.0009999785106629133,0.12120002065785229
8088,0.0010999792721122503,0.13420000323094428
8089,0.001400010660290718,0.13359999866224825
8090,0.0010999792721122503,0.13240001862868667
8091,0.001200009137392044,0.12400001287460327
8092,0.0009999785106629133,0.1221999991685152
8093,0.00100000761449337,0.11979998089373112
8094,0.00100000761449337,0.12179999612271786
8095,0.001100008375942707,0.12169999536126852
8096,0.00100000761449337,0.12019998393952847
8097,0.00100000761449337,0.11900000390596688
8098,0.00100000761449337,0.15589999384246767
8099,0.001300009898841381,0.13609998859465122
8100,0.001100008375942707,0.13119998038746417
8101,0.001100008375942707,0.1328999933321029
8102,0.001100008375942707,0.1433999859727919
8103,0.001100008375942707,0.13000000035390258
8104,0.0010999792721122503,0.12569999671541154
8105,0.001100008375942707,0.11990001075901091
8106,0.00100000761449337,0.11970000923611224
8107,0.0010999792721122503,0.1188000023830682
8108,0.001100008375942707,0.12059998698532581
8109,0.00100000761449337,0.11940000695176423
8110,0.001100008375942707,0.11940000695176423
8111,0.00100000761449337,0.1188000023830682
8112,0.001100008375942707,0.11930000619031489
8113,0.0009999785106629133,0.11910000466741621
8114,0.001100008375942707,0.12329997844062746
8115,0.00100000761449337,0.12159999459981918
8116,0.00100000761449337,0.12209999840706587
8117,0.0010999792721122503,0.12160002370364964
8118,0.001100008375942707,0.1289999927394092
8119,0.001100008375942707,0.12379998224787414
8120,0.00100000761449337,0.15619999612681568
8121,0.001200009137392044,0.16379999578930438
8122,0.0012999807950109243,0.13930001296103
8123,0.0010999792721122503,0.12280000373721123
8124,0.001200009137392044,0.1283999881707132
8125,0.001100008375942707,0.12119999155402184
8126,0.00100000761449337,0.12270000297576189
8127,0.001100008375942707,0.12400001287460327
8128,0.0010999792721122503,0.12100001913495362
8129,0.0010999792721122503,0.12209999840706587
8130,0.00100000761449337,0.12479998986236751
8131,0.001100008375942707,0.12139999307692051
8132,0.001100008375942707,0.12299997615627944
8133,0.001100008375942707,0.13070000568404794
8134,0.0010999792721122503,0.12390001211315393
8135,0.0010999792721122503,0.1221999991685152
8136,0.001100008375942707,0.12229999992996454
8137,0.001100008375942707,0.12180002522654831
8138,0.00100000761449337,0.1218999968841672
8139,0.001100008375942707,0.12310000602155924
8140,0.0010999792721122503,0.1238000113517046
8141,0.0009999785106629133,0.12229999992996454
8142,0.00100000761449337,0.12119999155402184
8143,0.001100008375942707,0.1218999968841672
8144,0.001100008375942707,0.12329997844062746
8145,0.001100008375942707,0.12099999003112316
8146,0.001100008375942707,0.12199999764561653
8147,0.0010999792721122503,0.129100022604689
8148,0.001200009137392044,0.12370001059025526
8149,0.0009999785106629133,0.12260000221431255
8150,0.001100008375942707,0.12280000373721123
8151,0.001100008375942707,0.12179999612271786
8152,0.00100000761449337,0.12169999536126852
8153,0.00100000761449337,0.12059998698532581
8154,0.00100000761449337,0.12359998072497547
8155,0.001100008375942707,0.12270000297576189
8156,0.0010999792721122503,0.12240000069141388
8157,0.001100008375942707,0.1218999968841672
8158,0.00100000761449337,0.12090001837350428
8159,0.0009999785106629133,0.12370001059025526
8160,0.001100008375942707,0.12280000373721123
8161,0.001100008375942707,0.1289999927394092
8162,0.001100008375942707,0.12360000982880592
8163,0.001100008375942707,0.12229999992996454
8164,0.000900006853044033,0.12119999155402184
8165,0.00100000761449337,0.12119999155402184
8166,0.0009999785106629133,0.12180002522654831
8167,0.00100000761449337,0.14310001279227436
8168,0.0013999815564602613,0.13339999713934958
8169,0.001200009137392044,0.13509998098015785
8170,0.001200009137392044,0.1317999849561602
8171,0.001100008375942707,0.1210999907925725
8172,0.00100000761449337,0.12099999003112316
8173,0.00100000761449337,0.12179999612271786
8174,0.001100008375942707,0.1221999991685152
8175,0.001100008375942707,0.1221999991685152
8176,0.00100000761449337,0.12270000297576189
8177,0.00100000761449337,0.13230001786723733
8178,0.001200009137392044,0.12430001515895128
8179,0.00100000761449337,0.12099999003112316
8180,0.001200009137392044,0.1218999968841672
8181,0.001100008375942707,0.12169999536126852
8182,0.0010999792721122503,0.12250000145286322
8183,0.001100008375942707,0.12059998698532581
8184,0.001100008375942707,0.12340000830590725
8185,0.00100000761449337,0.12340000830590725
8186,0.0009999785106629133,0.12200002674944699
8187,0.00100000761449337,0.12119999155402184
8188,0.001100008375942707,0.12290000449866056
8189,0.0009999785106629133,0.12180002522654831
8190,0.00100000761449337,0.12240000069141388
8191,0.00100000761449337,0.12989999959245324
8192,0.0010999792721122503,0.12320000678300858
8193,0.00100000761449337,0.12119999155402184
8194,0.0009999785106629133,0.1215000229422003
8195,0.0009999785106629133,0.12229999992996454
8196,0.00100000761449337,0.12199999764561653
8197,0.00100000761449337,0.12210002751089633
8198,0.00100000761449337,0.12250000145286322
8199,0.00100000761449337,0.12250000145286322
8200,0.0011999800335615873,0.12260000221431255
8201,0.001100008375942707,0.16820000018924475
8202,0.001300009898841381,0.13259999104775488
8203,0.001100008375942707,0.1221999991685152
8204,0.00100000761449337,0.12199999764561653
8205,0.001200009137392044,0.12159999459981918
8206,0.00100000761449337,0.12889999197795987
8207,0.001200009137392044,0.1260999997612089
8208,0.0011999800335615873,0.12410001363605261
8209,0.0010999792721122503,0.12340000830590725
8210,0.001100008375942707,0.12169999536126852
8211,0.0009999785106629133,0.12250000145286322
8212,0.00100000761449337,0.12270000297576189
8213,0.0009999785106629133,0.1215000229422003
8214,0.00100000761449337,0.12099999003112316
8215,0.00100000761449337,0.149500003317371
8216,0.0011999800335615873,0.13470000703819096
8217,0.001200009137392044,0.13489997945725918
8218,0.001100008375942707,0.12710000737570226
8219,0.0010999792721122503,0.1218999968841672
8220,0.001100008375942707,0.1221999991685152
8221,0.00100000761449337,0.1218999968841672
8222,0.0009999785106629133,0.12890002108179033
8223,0.001200009137392044,0.22529999841935933
8224,0.0048999791033566,0.5511000053957105
8225,0.0048999791033566,0.29930000891909003
8226,0.0026999914553016424,0.18659999477677047
8227,0.0014999823179095984,0.14420002116821706
8228,0.0011999800335615873,0.13329999637790024
8229,0.001100008375942707,0.1264000020455569
8230,0.0011999800335615873,0.12939999578520656
8231,0.001200009137392044,0.12889999197795987
8232,0.001100008375942707,0.12549999519251287
8233,0.0011999800335615873,0.12500002048909664
8234,0.0010999792721122503,0.12370001059025526
8235,0.001100008375942707,0.12330000754445791
8236,0.00100000761449337,0.12320000678300858
8237,0.001100008375942707,0.12250000145286322
8238,0.001100008375942707,0.13949998538009822
8239,0.001300009898841381,0.13010000111535192
8240,0.001100008375942707,0.12400001287460327
8241,0.0010999792721122503,0.12370001059025526
8242,0.0010999792721122503,0.12430001515895128
8243,0.00100000761449337,0.12260000221431255
8244,0.00100000761449337,0.12459998833946884
8245,0.001100008375942707,0.12129999231547117
8246,0.00100000761449337,0.12119999155402184
8247,0.001100008375942707,0.12270000297576189
8248,0.001100008375942707,0.12260000221431255
8249,0.001200009137392044,0.1221999991685152
8250,0.001100008375942707,0.12280000373721123
8251,0.001100008375942707,0.12179999612271786
8252,0.0009999785106629133,0.12070001685060561
8253,0.0010999792721122503,0.12139999307692051
8254,0.001100008375942707,0.13130001025274396
8255,0.0010999792721122503,0.12350000906735659
8256,0.00100000761449337,0.1537000061944127
8257,0.001800013706088066,0.1601999974809587
8258,0.001300009898841381,0.142700009746477
8259,0.0011999800335615873,0.13110000872984529
8260,0.001100008375942707,0.1281999866478145
8261,0.00100000761449337,0.12240000069141388
8262,0.001100008375942707,0.12250000145286322
8263,0.001100008375942707,0.12319997767917812
8264,0.001100008375942707,0.1221999991685152
8265,0.00100000761449337,0.12260000221431255
8266,0.00100000761449337,0.12290000449866056
8267,0.00100000761449337,0.1221999991685152
8268,0.001100008375942707,0.12229999992996454
8269,0.00100000761449337,0.13169998419471085
8270,0.001200009137392044,0.12379998224787414
8271,0.001100008375942707,0.12179999612271786
8272,0.00100000761449337,0.12159999459981918
8273,0.0010999792721122503,0.12260000221431255
8274,0.001100008375942707,0.12409998453222215
8275,0.001200009137392044,0.12209999840706587
8276,0.001100008375942707,0.1230000052601099
8277,0.001100008375942707,0.12240000069141388
8278,0.0010999792721122503,0.12170002446509898
8279,0.001100008375942707,0.12149999383836985
8280,0.001100008375942707,0.12169999536126852
8281,0.001100008375942707,0.12250000145286322
8282,0.001100008375942707,0.12199999764561653
8283,0.001100008375942707,0.12159999459981918
8284,0.00100000761449337,0.12220002827234566
8285,0.001100008375942707,0.13000000035390258
8286,0.001100008375942707,0.1236999814864248
8287,0.001100008375942707,0.12399998377077281
8288,0.001100008375942707,0.12290000449866056
8289,0.0009999785106629133,0.12169999536126852
8290,0.001100008375942707,0.12260000221431255
8291,0.00100000761449337,0.1221999991685152
8292,0.00100000761449337,0.12099999003112316
8293,0.001100008375942707,0.12159999459981918
8294,0.001100008375942707,0.12069998774677515
8295,0.00100000761449337,0.1202999847009778
8296,0.001100008375942707,0.1221999991685152
8297,0.0010999792721122503,0.1215000229422003
8298,0.0010999792721122503,0.12130002141930163
8299,0.001100008375942707,0.12680000509135425
8300,0.0010999792721122503,0.1283000165130943
8301,0.0010999792721122503,0.12360000982880592
8302,0.00100000761449337,0.12250000145286322
8303,0.001100008375942707,0.12240000069141388
8304,0.00100000761449337,0.14899999951012433
8305,0.0011999800335615873,0.1370999962091446
8306,0.001200009137392044,0.16369999502785504
8307,0.001300009898841381,0.13910001143813133
8308,0.001200009137392044,0.12419998529367149
8309,0.001100008375942707,0.1236999814864248
8310,0.001100008375942707,0.12350000906735659
8311,0.001100008375942707,0.1218999968841672
8312,0.001200009137392044,0.19279998377896845
8313,0.001500011421740055,0.1475999888498336
8314,0.001200009137392044,0.12469998910091817
8315,0.0011999800335615873,0.12430001515895128
8316,0.0010999792721122503,0.12710000737570226
8317,0.001100008375942707,0.12329997844062746
8318,0.001100008375942707,0.12410001363605261
8319,0.00100000761449337,0.12229999992996454
8320,0.001100008375942707,0.12250000145286322
8321,0.0009999785106629133,0.12130002141930163
8322,0.00100000761449337,0.12209999840706587
8323,0.001100008375942707,0.12270000297576189
8324,0.001200009137392044,0.1221999991685152
8325,0.00100000761449337,0.12199999764561653
8326,0.0009999785106629133,0.12340000830590725
8327,0.00100000761449337,0.12459998833946884
8328,0.001300009898841381,0.13139998191036284
8329,0.001100008375942707,0.1230000052601099
8330,0.00100000761449337,0.1238000113517046
8331,0.0010999792721122503,0.12120002065785229
8332,0.0010999792721122503,0.12179999612271786
8333,0.000900006853044033,0.12240000069141388
8334,0.00100000761449337,0.12160002370364964
8335,0.0010999792721122503,0.12240000069141388
8336,0.001100008375942707,0.1382000045850873
8337,0.001100008375942707,0.13390000094659626
8338,0.001200009137392044,0.13390000094659626
8339,0.001200009137392044,0.13210001634433866
8340,0.001100008375942707,0.1309000072069466
8341,0.0010999792721122503,0.13440000475384295
8342,0.001100008375942707,0.13669999316334724
8343,0.001100008375942707,0.14589997590519488
8344,0.001300009898841381,0.13699999544769526
8345,0.001100008375942707,0.13259999104775488
8346,0.0010999792721122503,0.13339999713934958
8347,0.001200009137392044,0.13329999637790024
8348,0.001100008375942707,0.12099999003112316
8349,0.001100008375942707,0.12179999612271786
8350,0.0010999792721122503,0.15269999857991934
8351,0.001400010660290718,0.13689999468624592
8352,0.001200009137392044,0.13610001769848168
8353,0.0011999800335615873,0.13280002167448401
8354,0.0010999792721122503,0.13150001177564263
8355,0.0010999792721122503,0.1230000052601099
8356,0.00100000761449337,0.1317999849561602
8357,0.001100008375942707,0.1236999814864248
8358,0.00100000761449337,0.12229999992996454
8359,0.00100000761449337,0.12319997767917812
8360,0.001100008375942707,0.12179999612271786
8361,0.001100008375942707,0.12129999231547117
8362,0.001100008375942707,0.12120002065785229
8363,0.0010999792721122503,0.12180002522654831
8364,0.001100008375942707,0.12139999307692051
8365,0.00100000761449337,0.12149999383836985
8366,0.001200009137392044,0.12209999840706587
8367,0.0010999792721122503,0.12270000297576189
8368,0.001100008375942707,0.12320000678300858
8369,0.00100000761449337,0.12350000906735659
8370,0.0009999785106629133,0.1215000229422003
8371,0.001100008375942707,0.12179999612271786
8372,0.001100008375942707,0.13139998191036284
8373,0.001100008375942707,0.12459998833946884
8374,0.001100008375942707,0.12209999840706587
8375,0.001100008375942707,0.1210999907925725
8376,0.0010999792721122503,0.12130002141930163
8377,0.0010999792721122503,0.12130002141930163
8378,0.00100000761449337,0.12240000069141388
8379,0.001100008375942707,0.12229999992996454
8380,0.00100000761449337,0.1230000052601099
8381,0.001100008375942707,0.12119999155402184
8382,0.0009999785106629133,0.12090001837350428
8383,0.0010999792721122503,0.12209999840706587
8384,0.001100008375942707,0.12229999992996454
8385,0.001100008375942707,0.12179999612271786
8386,0.0009999785106629133,0.12850001803599298
8387,0.001200009137392044,0.12350000906735659
8388,0.0009999785106629133,0.1221999991685152
8389,0.001100008375942707,0.12019998393952847
8390,0.00100000761449337,0.12060001608915627
8391,0.00100000761449337,0.12159999459981918
8392,0.00100000761449337,0.1221999991685152
8393,0.001100008375942707,0.12140002218075097
8394,0.0009999785106629133,0.12280000373721123
8395,0.001100008375942707,0.12229999992996454
8396,0.0009999785106629133,0.12250000145286322
8397,0.001100008375942707,0.12270000297576189
8398,0.0009999785106629133,0.1449999981559813
8399,0.001400010660290718,0.14329998521134257
8400,0.001200009137392044,0.14699998428113759
8401,0.001100008375942707,0.12379998224787414
8402,0.001100008375942707,0.12260000221431255
8403,0.0010999792721122503,0.12210002751089633
8404,0.00100000761449337,0.12149999383836985
8405,0.00100000761449337,0.12250000145286322
8406,0.0010999792721122503,0.12170002446509898
8407,0.001100008375942707,0.12070001685060561
8408,0.00100000761449337,0.12440001592040062
8409,0.00100000761449337,0.12229999992996454
8410,0.00100000761449337,0.12089998926967382
8411,0.00100000761449337,0.1218999968841672
8412,0.0010999792721122503,0.12260000221431255
8413,0.00100000761449337,0.12079998850822449
8414,0.001100008375942707,0.12059998698532581
8415,0.00100000761449337,0.12349997996352613
8416,0.00100000761449337,0.13100000796839595
8417,0.0010999792721122503,0.12260000221431255
8418,0.00100000761449337,0.12059998698532581
8419,0.00100000761449337,0.1210999907925725
8420,0.001100008375942707,0.12179999612271786
8421,0.0010999792721122503,0.12430001515895128
8422,0.0009999785106629133,0.12140002218075097
8423,0.0010999792721122503,0.12260000221431255
8424,0.001100008375942707,0.12179999612271786
8425,0.0010999792721122503,0.12810001499019563
8426,0.0010999792721122503,0.12170002446509898
8427,0.0010999792721122503,0.12240000069141388
8428,0.00100000761449337,0.12429998605512083
8429,0.00100000761449337,0.12119999155402184
8430,0.00100000761449337,0.1210999907925725
8431,0.001100008375942707,0.12339997920207679
8432,0.001100008375942707,0.16369999502785504
8433,0.001200009137392044,0.12580002658069134
8434,0.00100000761449337,0.12310000602155924
8435,0.001200009137392044,0.12179999612271786
8436,0.0010999792721122503,0.1221999991685152
8437,0.001100008375942707,0.12129999231547117
8438,0.001100008375942707,0.12250000145286322
8439,0.00100000761449337,0.12129999231547117
8440,0.00100000761449337,0.12199999764561653
8441,0.00100000761449337,0.12199999764561653
8442,0.0010999792721122503,0.12179999612271786
8443,0.00100000761449337,0.12159999459981918
8444,0.00100000761449337,0.12149999383836985
8445,0.00100000761449337,0.12249997234903276
8446,0.00100000761449337,0.14670001110062003
8447,0.0011999800335615873,0.14630000805482268
8448,0.0012999807950109243,0.13990001752972603
8449,0.0010999792721122503,0.12919999426230788
8450,0.00100000761449337,0.12320000678300858
8451,0.0010999792721122503,0.12080001761205494
8452,0.0009999785106629133,0.12130002141930163
8453,0.001200009137392044,0.12119999155402184
8454,0.00100000761449337,0.12199999764561653
8455,0.00100000761449337,0.12329997844062746
8456,0.00100000761449337,0.24399999529123306
8457,0.001500011421740055,0.1435000158380717
8458,0.0011999800335615873,0.13880000915378332
8459,0.001200009137392044,0.14799999189563096
8460,0.0011999800335615873,0.13460000627674162
8461,0.000900006853044033,0.1278999843634665
8462,0.001300009898841381,0.1269000058528036
8463,0.00100000761449337,0.12459998833946884
8464,0.00100000761449337,0.12260000221431255
8465,0.00100000761449337,0.1225999731104821
8466,0.001100008375942707,0.1238000113517046
8467,0.0010999792721122503,0.12320000678300858
8468,0.001100008375942707,0.12309997691772878
8469,0.00100000761449337,0.1230000052601099
8470,0.0009999785106629133,0.12290000449866056
8471,0.001100008375942707,0.12349997996352613
8472,0.00100000761449337,0.12270000297576189
8473,0.0010999792721122503,0.12330000754445791
8474,0.001200009137392044,0.12159999459981918
8475,0.001100008375942707,0.12379998224787414
8476,0.001100008375942707,0.12479998986236751
8477,0.00100000761449337,0.12669997522607446
8478,0.001200009137392044,0.12539999443106353
8479,0.001100008375942707,0.12310000602155924
8480,0.001100008375942707,0.12320000678300858
8481,0.0010999792721122503,0.12170002446509898
8482,0.001100008375942707,0.1218999968841672
8483,0.00100000761449337,0.1221999991685152
8484,0.0010999792721122503,0.12290000449866056
8485,0.00100000761449337,0.12159999459981918
8486,0.001100008375942707,0.12399998377077281
8487,0.001100008375942707,0.1221999991685152
8488,0.0009999785106629133,0.12130002141930163
8489,0.00100000761449337,0.1218999968841672
8490,0.001100008375942707,0.12229999992996454
8491,0.0010999792721122503,0.12170002446509898
8492,0.0010999792721122503,0.14260000898502767
8493,0.0014999823179095984,0.14330001431517303
8494,0.0012999807950109243,0.13990001752972603
8495,0.001200009137392044,0.13269999180920422
8496,0.00100000761449337,0.13359999866224825
8497,0.00100000761449337,0.12149999383836985
8498,0.0009999785106629133,0.12270000297576189
8499,0.00100000761449337,0.12290000449866056
8500,0.0009999785106629133,0.12330000754445791
8501,0.00100000761449337,0.12119999155402184
8502,0.0010999792721122503,0.12160002370364964
8503,0.0010999792721122503,0.12149999383836985
8504,0.001100008375942707,0.12330000754445791
8505,0.0009999785106629133,0.12260000221431255
8506,0.00100000761449337,0.12119999155402184
8507,0.00100000761449337,0.12799998512491584
8508,0.001200009137392044,0.12389998300932348
8509,0.001100008375942707,0.12069998774677515
8510,0.00100000761449337,0.12250000145286322
8511,0.0010999792721122503,0.1221999991685152
8512,0.00100000761449337,0.12199999764561653
8513,0.001200009137392044,0.12089998926967382
8514,0.001100008375942707,0.12160002370364964
8515,0.0009999785106629133,0.12020001304335892
8516,0.0010999792721122503,0.12130002141930163
8517,0.001100008375942707,0.12450001668184996
8518,0.001200009137392044,0.12169999536126852
8519,0.00100000761449337,0.1221999991685152
8520,0.00100000761449337,0.1215000229422003
8521,0.0010999792721122503,0.13020000187680125
8522,0.001100008375942707,0.1244999875780195
8523,0.00100000761449337,0.12270000297576189
8524,0.001100008375942707,0.12169999536126852
8525,0.001100008375942707,0.12169999536126852
8526,0.001100008375942707,0.12149999383836985
8527,0.0010999792721122503,0.1221999991685152
8528,0.00100000761449337,0.12209999840706587
8529,0.00100000761449337,0.12159999459981918
8530,0.0010999792721122503,0.12110001989640296
8531,0.0010999792721122503,0.12070001685060561
8532,0.0010999792721122503,0.1218999968841672
8533,0.001100008375942707,0.1221999991685152
8534,0.00100000761449337,0.12229999992996454
8535,0.001100008375942707,0.12199999764561653
8536,0.001100008375942707,0.12209999840706587
8537,0.0009999785106629133,0.13010000111535192
8538,0.001100008375942707,0.12479998986236751
8539,0.001100008375942707,0.12049998622387648
8540,0.001100008375942707,0.12099999003112316
8541,0.00100000761449337,0.1728000061120838
8542,0.001700012944638729,0.305499997921288
8543,0.002900022082030773,0.24549997760914266
8544,0.001500011421740055,0.19940000493079424
8545,0.001600012183189392,0.14560000272467732
8546,0.0011999800335615873,0.13800000306218863
8547,0.0034999975468963385,0.12489999062381685
8548,0.00100000761449337,0.12350000906735659
8549,0.0010999792721122503,0.15380000695586205
8550,0.0013999815564602613,0.14310001279227436
8551,0.001100008375942707,0.1406000228598714
8552,0.0011999800335615873,0.13160001253709197
8553,0.011999974958598614,0.1330000231973827
8554,0.0010999792721122503,0.12129999231547117
8555,0.00100000761449337,0.1196000084746629
8556,0.0009999785106629133,0.12010001228190958
8557,0.0010999792721122503,0.12070001685060561
8558,0.0010999792721122503,0.11940000695176423
8559,0.00100000761449337,0.1255999959539622
8560,0.00100000761449337,0.12099999003112316
8561,0.0010999792721122503,0.12080001761205494
8562,0.0010999792721122503,0.12390001211315393
8563,0.00100000761449337,0.12089998926967382
8564,0.0009999785106629133,0.11900000390596688
8565,0.00100000761449337,0.1196000084746629
8566,0.0010999792721122503,0.11870000162161887
8567,0.001100008375942707,0.12539999443106353
8568,0.001100008375942707,0.12049998622387648
8569,0.00100000761449337,0.12049998622387648
8570,0.00100000761449337,0.11850000009872019
8571,0.0010999792721122503,0.11920000542886555
8572,0.001100008375942707,0.11959997937083244
8573,0.00100000761449337,0.1196000084746629
8574,0.00100000761449337,0.11910000466741621
8575,0.00100000761449337,0.12479998986236751
8576,0.00100000761449337,0.12059998698532581
8577,0.001100008375942707,0.11749999248422682
8578,0.0011999800335615873,0.11829999857582152
8579,0.00100000761449337,0.11890000314451754
8580,0.001200009137392044,0.13540001236833632
8581,0.001400010660290718,0.17480002134107053
8582,0.0014999823179095984,0.152299995534122
8583,0.001400010660290718,0.13420000323094428
8584,0.001100008375942707,0.15300000086426735
8585,0.001200009137392044,0.1981999957934022
8586,0.0051000097300857306,0.2812999882735312
8587,0.001600012183189392,0.1737999846227467
8588,0.001500011421740055,0.15129998791962862
8589,0.0013999815564602613,0.13810000382363796
8590,0.001200009137392044,0.12569999671541154
8591,0.0010999792721122503,0.12420001439750195
8592,0.001100008375942707,0.12710000737570226
8593,0.001200009137392044,0.13269999180920422
8594,0.00100000761449337,0.12849998893216252
8595,0.00100000761449337,0.12059998698532581
8596,0.00100000761449337,0.12499999138526618
8597,0.0010999792721122503,0.13310002395883203
8598,0.001100008375942707,0.12250000145286322
8599,0.001100008375942707,0.12099999003112316
8600,0.00100000761449337,0.12119999155402184
8601,0.0009999785106629133,0.128800020320341
8602,0.0010999792721122503,0.1204000145662576
8603,0.0009999785106629133,0.11940000695176423
8604,0.00100000761449337,0.12179999612271786
8605,0.00100000761449337,0.12859998969361186
8606,0.0008999777492135763,0.12030001380480826
8607,0.00100000761449337,0.12009998317807913
8608,0.001100008375942707,0.12119999155402184
8609,0.00100000761449337,0.15219999477267265
8610,0.0011999800335615873,0.13699999544769526
8611,0.001200009137392044,0.12229999992996454
8612,0.001100008375942707,0.12729997979477048
8613,0.001400010660290718,0.12809998588636518
8614,0.001100008375942707,0.1286999904550612
8615,0.001100008375942707,0.12409998453222215
8616,0.001100008375942707,0.12469998910091817
8617,0.001100008375942707,0.12309997691772878
8618,0.00100000761449337,0.13339999713934958
8619,0.00100000761449337,0.12270000297576189
8620,0.00100000761449337,0.12250000145286322
8621,0.001200009137392044,0.12209999840706587
8622,0.0010999792721122503,0.12420001439750195
8623,0.0010999792721122503,0.1314000110141933
8624,0.0011999800335615873,0.1221999991685152
8625,0.00100000761449337,0.12229999992996454
8626,0.00100000761449337,0.12909999350085855
8627,0.0011999800335615873,0.12420001439750195
8628,0.0009999785106629133,0.1333000254817307
8629,0.001100008375942707,0.15430001076310873
8630,0.0012999807950109243,0.13650002074427903
8631,0.001200009137392044,0.13460000627674162
8632,0.0010999792721122503,0.13180001405999064
8633,0.0010999792721122503,0.13070000568404794
8634,0.00100000761449337,0.12270000297576189
8635,0.0009999785106629133,0.13470000703819096
8636,0.001200009137392044,0.13489997945725918
8637,0.001100008375942707,0.13299999409355223
8638,0.001100008375942707,0.12459998833946884
8639,0.001200009137392044,0.13219998800195754
8640,0.001100008375942707,0.13380000018514693
8641,0.001100008375942707,0.1399999891873449
8642,0.001100008375942707,0.13589998707175255
8643,0.001200009137392044,0.13619998935610056
8644,0.001200009137392044,0.13349999790079892
8645,0.0010999792721122503,0.12920002336613834
8646,0.00100000761449337,0.12240000069141388
8647,0.001100008375942707,0.13410000246949494
8648,0.001100008375942707,0.13229998876340687
8649,0.001200009137392044,0.13269999180920422
8650,0.001200009137392044,0.1297999988310039
8651,0.0011999800335615873,0.13550001312978566
8652,0.0010999792721122503,0.13460000627674162
8653,0.001100008375942707,0.13229998876340687
8654,0.0020999868866056204,0.1747000205796212
8655,0.001300009898841381,0.152900000102818
8656,0.001400010660290718,0.1414999715052545
8657,0.001200009137392044,0.1351000100839883
8658,0.0010999792721122503,0.13470000703819096
8659,0.001100008375942707,0.12229999992996454
8660,0.001100008375942707,0.12139999307692051
8661,0.001100008375942707,0.12429998605512083
8662,0.001100008375942707,0.1255999959539622
8663,0.001100008375942707,0.12280000373721123
8664,0.001100008375942707,0.12340000830590725
8665,0.0010999792721122503,0.12270000297576189
8666,0.001100008375942707,0.12149999383836985
8667,0.001200009137392044,0.12139999307692051
8668,0.0010999792721122503,0.12410001363605261
8669,0.0011999800335615873,0.12199999764561653
8670,0.00100000761449337,0.1272000081371516
8671,0.0010999792721122503,0.13100000796839595
8672,0.001100008375942707,0.1255999959539622
8673,0.0010999792721122503,0.12340000830590725
8674,0.00100000761449337,0.1461999781895429
8675,0.001200009137392044,0.1357999863103032
8676,0.001300009898841381,0.13489997945725918
8677,0.001100008375942707,0.1348000077996403
8678,0.0011999800335615873,0.13339999713934958
8679,0.001200009137392044,0.12630000128410757
8680,0.0009999785106629133,0.13110000872984529
8681,0.00100000761449337,0.12309997691772878
8682,0.001200009137392044,0.13390000094659626
8683,0.001100008375942707,0.12159999459981918
8684,0.0010999792721122503,0.1283000165130943
8685,0.0010999792721122503,0.12430001515895128
8686,0.0010999792721122503,0.12390001211315393
8687,0.001100008375942707,0.12100001913495362
8688,0.0010999792721122503,0.12229999992996454
8689,0.00100000761449337,0.12199999764561653
8690,0.00100000761449337,0.12229999992996454
8691,0.00100000761449337,0.12549999519251287
8692,0.00100000761449337,0.13110000872984529
8693,0.001100008375942707,0.12680000509135425
8694,0.00100000761449337,0.1210999907925725
8695,0.0011999800335615873,0.1215000229422003
8696,0.0010999792721122503,0.12229999992996454
8697,0.00100000761449337,0.12260000221431255
8698,0.0009999785106629133,0.12959999730810523
8699,0.001200009137392044,0.12569999671541154
8700,0.00100000761449337,0.12159999459981918
8701,0.0009999785106629133,0.1230000052601099
8702,0.001100008375942707,0.12349997996352613
8703,0.001100008375942707,0.12229999992996454
8704,0.00100000761449337,0.1221999991685152
8705,0.0009999785106629133,0.12400001287460327
8706,0.0010999792721122503,0.12270000297576189
8707,0.001200009137392044,0.12119999155402184
8708,0.001100008375942707,0.12329997844062746
8709,0.001100008375942707,0.12320000678300858
8710,0.0009999785106629133,0.12410001363605261
8711,0.0010999792721122503,0.12209999840706587
8712,0.001100008375942707,0.13100000796839595
8713,0.0011999800335615873,0.12630000128410757
8714,0.001100008375942707,0.1230000052601099
8715,0.0009999785106629133,0.12199999764561653
8716,0.001100008375942707,0.12240000069141388
8717,0.0010999792721122503,0.12190002598799765
8718,0.00100000761449337,0.12050001532770693
8719,0.00100000761449337,0.12199999764561653
8720,0.001100008375942707,0.12149999383836985
8721,0.00100000761449337,0.12329997844062746
8722,0.00100000761449337,0.145800004247576
8723,0.0011999800335615873,0.13339999713934958
8724,0.001200009137392044,0.27290001162327826
8725,0.0031999952625483274,0.18209998961538076
8726,0.001400010660290718,0.15049998182803392
8727,0.001300009898841381,0.13729999773204327
8728,0.001300009898841381,0.13720002607442439
8729,0.001100008375942707,0.12989999959245324
8730,0.001100008375942707,0.12729997979477048
8731,0.001100008375942707,0.12700000661425292
8732,0.0009999785106629133,0.12589999823831022
8733,0.001100008375942707,0.12630000128410757
8734,0.0010999792721122503,0.28070001280866563
8735,0.002900022082030773,0.17419998766854405
8736,0.0015999830793589354,0.14230000670067966
8737,0.001100008375942707,0.12809998588636518
8738,0.001100008375942707,0.12489999062381685
8739,0.00100000761449337,0.12240000069141388
8740,0.001100008375942707,0.12149999383836985
8741,0.00100000761449337,0.12119999155402184
8742,0.00100000761449337,0.12209999840706587
8743,0.0010999792721122503,0.12870001955889165
8744,0.0010999792721122503,0.1252999936696142
8745,0.00100000761449337,0.1244999875780195
8746,0.00100000761449337,0.12310000602155924
8747,0.0010999792721122503,0.1218999968841672
8748,0.00100000761449337,0.12119999155402184
8749,0.00100000761449337,0.12129999231547117
8750,0.001100008375942707,0.12019998393952847
8751,0.00100000761449337,0.12700000661425292
8752,0.0009999785106629133,0.12330000754445791
8753,0.001100008375942707,0.1202999847009778
8754,0.00100000761449337,0.12250000145286322
8755,0.00100000761449337,0.12050001532770693
8756,0.00100000761449337,0.12030001380480826
8757,0.0009999785106629133,0.11920000542886555
8758,0.00100000761449337,0.11890000314451754
8759,0.00100000761449337,0.1255999959539622
8760,0.001300009898841381,0.12469998910091817
8761,0.001100008375942707,0.12119999155402184
8762,0.001100008375942707,0.1202999847009778
8763,0.00100000761449337,0.11920000542886555
8764,0.00100000761449337,0.11930000619031489
8765,0.0010999792721122503,0.12000001152046025
8766,0.00100000761449337,0.11829999857582152
8767,0.0009999785106629133,0.14750001719221473
8768,0.001500011421740055,0.2621999883558601
8769,0.0023999891709536314,0.17430001753382385
8770,0.0022999884095042944,0.145800004247576
8771,0.0012999807950109243,0.13070000568404794
8772,0.001200009137392044,0.13279999257065356
8773,0.0010999792721122503,0.12430001515895128
8774,0.00100000761449337,0.12200002674944699
8775,0.001100008375942707,0.14710001414641738
8776,0.001200009137392044,0.14680001186206937
8777,0.0011999800335615873,0.13470000703819096
8778,0.001100008375942707,0.14239997835829854
8779,0.001100008375942707,0.1315999834332615
8780,0.001500011421740055,0.12169999536126852
8781,0.001100008375942707,0.11969998013228178
8782,0.001100008375942707,0.11970000923611224
8783,0.00100000761449337,0.12030001380480826
8784,0.00100000761449337,0.11870000162161887
8785,0.00100000761449337,0.11860000086016953
8786,0.0009999785106629133,0.12000001152046025
8787,0.0009999785106629133,0.11860000086016953
8788,0.00100000761449337,0.11940000695176423
8789,0.0009999785106629133,0.12070001685060561
8790,0.0009999785106629133,0.12159999459981918
8791,0.00100000761449337,0.12050001532770693
8792,0.00100000761449337,0.12060001608915627
8793,0.000900006853044033,0.11819999781437218
8794,0.001100008375942707,0.12849998893216252
8795,0.001100008375942707,0.12149999383836985
8796,0.00100000761449337,0.12009998317807913
8797,0.000900006853044033,0.11959997937083244
8798,0.00100000761449337,0.11930000619031489
8799,0.0009999785106629133,0.12030001380480826
8800,0.0009999785106629133,0.1221999991685152
8801,0.00100000761449337,0.11930000619031489
8802,0.0009999785106629133,0.11870000162161887
8803,0.00100000761449337,0.11910000466741621
8804,0.0010999792721122503,0.12160002370364964
8805,0.00100000761449337,0.12050001532770693
8806,0.001100008375942707,0.1204000145662576
8807,0.0009999785106629133,0.12209999840706587
8808,0.00100000761449337,0.12670000432990491
8809,0.0009999785106629133,0.12620000052265823
8810,0.001100008375942707,0.12539999443106353
8811,0.001100008375942707,0.12209999840706587
8812,0.0009999785106629133,0.12129999231547117
8813,0.00100000761449337,0.1508000132162124
8814,0.001300009898841381,0.13609998859465122
8815,0.001200009137392044,0.1345000055152923
8816,0.0010999792721122503,0.1345000055152923
8817,0.001100008375942707,0.13449997641146183
8818,0.00100000761449337,0.12370001059025526
8819,0.0009999785106629133,0.13210001634433866
8820,0.0010999792721122503,0.13190001482143998
8821,0.0011999800335615873,0.149500003317371
8822,0.00100000761449337,0.13989998842589557
8823,0.001200009137392044,0.12680000509135425
8824,0.001100008375942707,0.12310000602155924
8825,0.0009999785106629133,0.1218999968841672
8826,0.00100000761449337,0.12250000145286322
8827,0.0009999785106629133,0.12410001363605261
8828,0.00100000761449337,0.12169999536126852
8829,0.0009999785106629133,0.12240000069141388
8830,0.00100000761449337,0.12179999612271786
8831,0.00100000761449337,0.1221999991685152
8832,0.001100008375942707,0.12270000297576189
8833,0.00100000761449337,0.12359998072497547
8834,0.001100008375942707,0.1230000052601099
8835,0.0009999785106629133,0.1218999968841672
8836,0.00100000761449337,0.12099999003112316
8837,0.00100000761449337,0.12919999426230788
8838,0.001100008375942707,0.12849998893216252
8839,0.0010999792721122503,0.1401000190526247
8840,0.0011999800335615873,0.132200017105788
8841,0.0011999800335615873,0.13390000094659626
8842,0.001300009898841381,0.13470000703819096
8843,0.001300009898841381,0.12670000432990491
8844,0.0009999785106629133,0.12430001515895128
8845,0.00100000761449337,0.12120002065785229
8846,0.0009999785106629133,0.12140002218075097
8847,0.001100008375942707,0.12100001913495362
8848,0.00100000761449337,0.12229999992996454
8849,0.001100008375942707,0.12119999155402184
8850,0.001100008375942707,0.12009998317807913
8851,0.001200009137392044,0.12250000145286322
8852,0.001100008375942707,0.12089998926967382
8853,0.001200009137392044,0.12919999426230788
8854,0.00100000761449337,0.12459998833946884
8855,0.001100008375942707,0.1221999991685152
8856,0.0010999792721122503,0.12209999840706587
8857,0.00100000761449337,0.12069998774677515
8858,0.001100008375942707,0.12240000069141388
8859,0.0010999792721122503,0.12120002065785229
8860,0.0010999792721122503,0.17109999316744506
8861,0.001400010660290718,0.152900000102818
8862,0.0012999807950109243,0.14099999680183828
8863,0.001100008375942707,0.14069999451749027
8864,0.001200009137392044,0.13699999544769526
8865,0.0009999785106629133,0.12229999992996454
8866,0.001100008375942707,0.12240000069141388
8867,0.001100008375942707,0.1221999991685152
8868,0.001100008375942707,0.13240001862868667
8869,0.001100008375942707,0.1348000077996403
8870,0.0010999792721122503,0.12260000221431255
8871,0.00100000761449337,0.12429998605512083
8872,0.001100008375942707,0.1236999814864248
8873,0.00100000761449337,0.1221999991685152
8874,0.00100000761449337,0.12169999536126852
8875,0.0009999785106629133,0.12180002522654831
8876,0.001100008375942707,0.12089998926967382
8877,0.001100008375942707,0.12209999840706587
8878,0.00100000761449337,0.12289997539483011
8879,0.00100000761449337,0.12270000297576189
8880,0.001100008375942707,0.12389998300932348
8881,0.001100008375942707,0.12319997767917812
8882,0.00100000761449337,0.1289999927394092
8883,0.001100008375942707,0.12290000449866056
8884,0.0010999792721122503,0.13780000153928995
8885,0.001200009137392044,0.13380000018514693
8886,0.0009999785106629133,0.12250000145286322
8887,0.001100008375942707,0.12089998926967382
8888,0.00100000761449337,0.12329997844062746
8889,0.001100008375942707,0.12459998833946884
8890,0.001100008375942707,0.12350000906735659
8891,0.001100008375942707,0.12159999459981918
8892,0.00100000761449337,0.12350000906735659
8893,0.0010999792721122503,0.12330000754445791
8894,0.00100000761449337,0.12279997463338077
8895,0.001100008375942707,0.12809998588636518
8896,0.00100000761449337,0.12469998910091817
8897,0.00100000761449337,0.12159999459981918
8898,0.001100008375942707,0.12539999443106353
8899,0.00100000761449337,0.12330000754445791
8900,0.00100000761449337,0.14449999434873462
8901,0.001300009898841381,0.17240000306628644
8902,0.001100008375942707,0.1385000068694353
8903,0.001100008375942707,0.1382000045850873
8904,0.001100008375942707,0.13800000306218863
8905,0.001300009898841381,0.13390000094659626
8906,0.0011999800335615873,0.17610000213608146
8907,0.001400010660290718,0.15269999857991934
8908,0.0010999792721122503,0.14630000805482268
8909,0.0011999800335615873,0.135900016175583
8910,0.0010999792721122503,0.1343000039923936
8911,0.00100000761449337,0.1230000052601099
8912,0.0009999785106629133,0.12209999840706587
8913,0.00100000761449337,0.12229999992996454
8914,0.0010999792721122503,0.12900002184323967
8915,0.0010999792721122503,0.12060001608915627
8916,0.0009999785106629133,0.1218999968841672
8917,0.001100008375942707,0.1230000052601099
8918,0.0009999785106629133,0.12140002218075097
8919,0.00100000761449337,0.12280000373721123
8920,0.001100008375942707,0.12289997539483011
8921,0.001100008375942707,0.12089998926967382
8922,0.001100008375942707,0.12209999840706587
8923,0.00100000761449337,0.12149999383836985
8924,0.0009999785106629133,0.12240000069141388
8925,0.001200009137392044,0.12710000737570226
8926,0.001200009137392044,0.12420001439750195
8927,0.0010999792721122503,0.12260000221431255
8928,0.001100008375942707,0.1218999968841672
8929,0.0010999792721122503,0.12070001685060561
8930,0.0009999785106629133,0.12360000982880592
8931,0.00100000761449337,0.1204000145662576
8932,0.00100000761449337,0.12139999307692051
8933,0.0009999785106629133,0.12120002065785229
8934,0.0010999792721122503,0.12250000145286322
8935,0.00100000761449337,0.12240000069141388
8936,0.0008999777492135763,0.12229999992996454
8937,0.001100008375942707,0.12149999383836985
8938,0.001100008375942707,0.12149999383836985
8939,0.0009999785106629133,0.12199999764561653
8940,0.00100000761449337,0.12199999764561653
8941,0.00100000761449337,0.12809998588636518
8942,0.001400010660290718,0.13699999544769526
8943,0.0009999785106629133,0.1260999997612089
8944,0.001100008375942707,0.12379998224787414
8945,0.001100008375942707,0.12069998774677515
8946,0.001100008375942707,0.12320000678300858
8947,0.0009999785106629133,0.12400001287460327
8948,0.001100008375942707,0.12319997767917812
8949,0.001100008375942707,0.12350000906735659
8950,0.001100008375942707,0.1230000052601099
8951,0.00100000761449337,0.12580002658069134
8952,0.001200009137392044,0.12320000678300858
8953,0.0010999792721122503,0.14410002040676773
8954,0.0010999792721122503,0.15010000788606703
8955,0.0012999807950109243,0.17590000061318278
8956,0.001400010660290718,0.14910000027157366
8957,0.0012999807950109243,0.1343000039923936
8958,0.00100000761449337,0.12359998072497547
8959,0.001100008375942707,0.1328999933321029
8960,0.001200009137392044,0.1260999997612089
8961,0.00100000761449337,0.12840001727454364
8962,0.001100008375942707,0.12310000602155924
8963,0.0009999785106629133,0.12350000906735659
8964,0.00100000761449337,0.12199999764561653
8965,0.0009999785106629133,0.1215000229422003
8966,0.001100008375942707,0.12139999307692051
8967,0.00100000761449337,0.12250000145286322
8968,0.0009999785106629133,0.12250000145286322
8969,0.001100008375942707,0.12229999992996454
8970,0.00100000761449337,0.129100022604689
8971,0.0010999792721122503,0.12470001820474863
8972,0.00100000761449337,0.12280000373721123
8973,0.001100008375942707,0.1236999814864248
8974,0.001100008375942707,0.12419998529367149
8975,0.001100008375942707,0.1218999968841672
8976,0.001100008375942707,0.12190002598799765
8977,0.001100008375942707,0.12810001499019563
8978,0.0010999792721122503,0.12280000373721123
8979,0.001100008375942707,0.12349997996352613
8980,0.001100008375942707,0.12159999459981918
8981,0.00100000761449337,0.12299997615627944
8982,0.00100000761449337,0.12079998850822449
8983,0.00100000761449337,0.12139999307692051
8984,0.00100000761449337,0.1303000026382506
8985,0.0010999792721122503,0.12360000982880592
8986,0.00100000761449337,0.1221999991685152
8987,0.001100008375942707,0.12199999764561653
8988,0.001100008375942707,0.1221999991685152
8989,0.0009999785106629133,0.12340000830590725
8990,0.001100008375942707,0.12159999459981918
8991,0.0010999792721122503,0.12360000982880592
8992,0.001100008375942707,0.12269997387193143
8993,0.00100000761449337,0.12240000069141388
8994,0.001100008375942707,0.12250000145286322
8995,0.00100000761449337,0.12129999231547117
8996,0.00100000761449337,0.12139999307692051
8997,0.001300009898841381,0.12069998774677515
8998,0.001100008375942707,0.12199999764561653
8999,0.0010999792721122503,0.12550002429634333
9000,0.001200009137392044,0.1962000096682459
9001,0.0015999830793589354,0.2043000131379813
9002,0.001700012944638729,0.15279999934136868
9003,0.0012999807950109243,0.13570001465268433
9004,0.0009999785106629133,0.1275000104214996
9005,0.001100008375942707,0.12539999443106353
9006,0.0010999792721122503,0.12520002201199532
9007,0.00100000761449337,0.12250000145286322
9008,0.001100008375942707,0.12260000221431255
9009,0.001100008375942707,0.12350000906735659
9010,0.0011999800335615873,0.12420001439750195
9011,0.0009999785106629133,0.12340000830590725
9012,0.001100008375942707,0.12199999764561653
9013,0.0010999792721122503,0.12530002277344465
9014,0.001100008375942707,0.12879999121651053
9015,0.001200009137392044,0.12959999730810523
9016,0.001100008375942707,0.12349997996352613
9017,0.00100000761449337,0.3887999919243157
9018,0.0027999922167509794,0.1947999990079552
9019,0.0014999823179095984,0.16070000128820539
9020,0.001200009137392044,0.14449999434873462
9021,0.0011999800335615873,0.13860000763088465
9022,0.001200009137392044,0.1286999904550612
9023,0.001100008375942707,0.12310000602155924
9024,0.001100008375942707,0.12469998910091817
9025,0.001100008375942707,0.12479998986236751
9026,0.001100008375942707,0.12179999612271786
9027,0.0010999792721122503,0.12229999992996454
9028,0.00100000761449337,0.12119999155402184
9029,0.001100008375942707,0.12700000661425292
9030,0.001100008375942707,0.1218999968841672
9031,0.001100008375942707,0.1221999991685152
9032,0.0009999785106629133,0.12010001228190958
9033,0.001200009137392044,0.12019998393952847
9034,0.001100008375942707,0.12039998546242714
9035,0.00100000761449337,0.12079998850822449
9036,0.00100000761449337,0.12309997691772878
9037,0.001100008375942707,0.1280000142287463
9038,0.001100008375942707,0.12229999992996454
9039,0.00100000761449337,0.11979998089373112
9040,0.001100008375942707,0.1210999907925725
9041,0.001100008375942707,0.11920000542886555
9042,0.001100008375942707,0.12100001913495362
9043,0.00100000761449337,0.11950000771321356
9044,0.0010999792721122503,0.11940000695176423
9045,0.001100008375942707,0.25680000544525683
9046,0.0028999929782003164,0.2576000115368515
9047,0.0016999838408082724,0.15320000238716602
9048,0.001200009137392044,0.1380999747198075
9049,0.001200009137392044,0.1331999956164509
9050,0.001100008375942707,0.1267999759875238
9051,0.00100000761449337,0.12660000356845558
9052,0.0011999800335615873,0.12470001820474863
9053,0.0010999792721122503,0.12500002048909664
9054,0.0010999792721122503,0.12480001896619797
9055,0.001100008375942707,0.1246000174432993
9056,0.001100008375942707,0.15209999401122332
9057,0.0040000013541430235,0.19910000264644623
9058,0.001200009137392044,0.14600000577047467
9059,0.0011999800335615873,0.12810001499019563
9060,0.0009999785106629133,0.12320000678300858
9061,0.00100000761449337,0.12149999383836985
9062,0.00100000761449337,0.11969998013228178
9063,0.000900006853044033,0.12019998393952847
9064,0.00100000761449337,0.12119999155402184
9065,0.001300009898841381,0.1196000084746629
9066,0.00100000761449337,0.1275000104214996
9067,0.0010999792721122503,0.12430001515895128
9068,0.0010999792721122503,0.12290000449866056
9069,0.00100000761449337,0.12089998926967382
9070,0.001100008375942707,0.12129999231547117
9071,0.0009999785106629133,0.11980000999756157
9072,0.00100000761449337,0.12019998393952847
9073,0.00100000761449337,0.11940000695176423
9074,0.00100000761449337,0.12539999443106353
9075,0.001100008375942707,0.12159999459981918
9076,0.00100000761449337,0.12079998850822449
9077,0.001100008375942707,0.11920000542886555
9078,0.000900006853044033,0.12169999536126852
9079,0.00100000761449337,0.13249999028630555
9080,0.001100008375942707,0.1221999991685152
9081,0.0010999792721122503,0.12050001532770693
9082,0.0010999792721122503,0.12480001896619797
9083,0.0010999792721122503,0.12290000449866056
9084,0.001100008375942707,0.11969998013228178
9085,0.001100008375942707,0.12010001228190958
9086,0.00100000761449337,0.11910000466741621
9087,0.001100008375942707,0.11870000162161887
9088,0.00100000761449337,0.11970000923611224
9089,0.0010999792721122503,0.11920000542886555
9090,0.00100000761449337,0.15690000145696104
9091,0.0048000074457377195,0.24880000273697078
9092,0.001600012183189392,0.1677999971434474
9093,0.0013999815564602613,0.16900000628083944
9094,0.001700012944638729,0.14600000577047467
9095,0.001100008375942707,0.12909999350085855
9096,0.00100000761449337,0.12459998833946884
9097,0.001100008375942707,0.1225999731104821
9098,0.001100008375942707,0.12159999459981918
9099,0.00100000761449337,0.12119999155402184
9100,0.00100000761449337,0.12059998698532581
9101,0.00100000761449337,0.13109997962601483
9102,0.00100000761449337,0.12390001211315393
9103,0.001100008375942707,0.12199999764561653
9104,0.00100000761449337,0.12290000449866056
9105,0.001100008375942707,0.12129999231547117
9106,0.001100008375942707,0.1204000145662576
9107,0.00100000761449337,0.11990001075901091
9108,0.0009999785106629133,0.12050001532770693
9109,0.0008999777492135763,0.11819999781437218
9110,0.00100000761449337,0.11900000390596688
9111,0.0009999785106629133,0.12120002065785229
9112,0.0009999785106629133,0.12169999536126852
9113,0.00100000761449337,0.12139999307692051
9114,0.00100000761449337,0.1714999962132424
9115,0.001100008375942707,0.1249000197276473
9116,0.0009999785106629133,0.12090001837350428
9117,0.0010999792721122503,0.12890002108179033
9118,0.001100008375942707,0.1255999959539622
9119,0.001100008375942707,0.11930000619031489
9120,0.00100000761449337,0.12090001837350428
9121,0.00100000761449337,0.12280000373721123
9122,0.001100008375942707,0.12299997615627944
9123,0.001100008375942707,0.12169999536126852
9124,0.001200009137392044,0.11909997556358576
9125,0.001100008375942707,0.12010001228190958
9126,0.00100000761449337,0.11910000466741621
9127,0.00100000761449337,0.1202999847009778
9128,0.001100008375942707,0.12069998774677515
9129,0.00100000761449337,0.11989998165518045
9130,0.001100008375942707,0.12429998605512083
9131,0.001100008375942707,0.139000010676682
9132,0.001100008375942707,0.13410000246949494
9133,0.001300009898841381,0.132200017105788
9134,0.0011999800335615873,0.13190001482143998
9135,0.0010999792721122503,0.1272000081371516
9136,0.001200009137392044,0.13459997717291117
9137,0.001300009898841381,0.13910001143813133
9138,0.001100008375942707,0.13229998876340687
9139,0.001100008375942707,0.12670000432990491
9140,0.0010999792721122503,0.12110001989640296
9141,0.0009999785106629133,0.12169999536126852
9142,0.00100000761449337,0.12280000373721123
9143,0.0011999800335615873,0.12120002065785229
9144,0.0010999792721122503,0.12860001879744232
9145,0.001100008375942707,0.12440001592040062
9146,0.00100000761449337,0.12229999992996454
9147,0.001100008375942707,0.12290000449866056
9148,0.00100000761449337,0.1221999991685152
9149,0.00100000761449337,0.12179999612271786
9150,0.0010999792721122503,0.12280000373721123
9151,0.00100000761449337,0.12389998300932348
9152,0.001100008375942707,0.12229999992996454
9153,0.001200009137392044,0.12399998377077281
9154,0.001100008375942707,0.12359998072497547
9155,0.001100008375942707,0.12419998529367149
9156,0.001100008375942707,0.12320000678300858
9157,0.0010999792721122503,0.1249000197276473
9158,0.0010999792721122503,0.13230001786723733
9159,0.0011999800335615873,0.12499999138526618
9160,0.001100008375942707,0.12400001287460327
9161,0.00100000761449337,0.12119999155402184
9162,0.00100000761449337,0.1210999907925725
9163,0.001100008375942707,0.12360000982880592
9164,0.00100000761449337,0.12290000449866056
9165,0.00100000761449337,0.12349997996352613
9166,0.00100000761449337,0.12290000449866056
9167,0.0009999785106629133,0.12199999764561653
9168,0.00100000761449337,0.12139999307692051
9169,0.001100008375942707,0.12270000297576189
9170,0.00100000761449337,0.12370001059025526
9171,0.0009999785106629133,0.12170002446509898
9172,0.001100008375942707,0.12159999459981918
9173,0.001100008375942707,0.1230000052601099
9174,0.0009999785106629133,0.1306000049225986
9175,0.001200009137392044,0.12290000449866056
9176,0.001100008375942707,0.12320000678300858
9177,0.000900006853044033,0.12130002141930163
9178,0.0010999792721122503,0.12240000069141388
9179,0.001100008375942707,0.1221999991685152
9180,0.0010999792721122503,0.12290000449866056
9181,0.001100008375942707,0.12179999612271786
9182,0.00100000761449337,0.12250000145286322
9183,0.00100000761449337,0.1221999991685152
9184,0.001100008375942707,0.12279997463338077
9185,0.001100008375942707,0.13359999866224825
9186,0.001100008375942707,0.1336999994236976
9187,0.0010999792721122503,0.1221999991685152
9188,0.001100008375942707,0.1323999895248562
9189,0.001100008375942707,0.12389998300932348
9190,0.00100000761449337,0.12280000373721123
9191,0.0009999785106629133,0.12250000145286322
9192,0.001100008375942707,0.12320000678300858
9193,0.00100000761449337,0.12089998926967382
9194,0.001100008375942707,0.12280000373721123
9195,0.0010999792721122503,0.12440001592040062
9196,0.00100000761449337,0.12180002522654831
9197,0.001100008375942707,0.12129999231547117
9198,0.001100008375942707,0.12119999155402184
9199,0.001100008375942707,0.1210999907925725
9200,0.001100008375942707,0.12099999003112316
9201,0.001100008375942707,0.12059998698532581
9202,0.001200009137392044,0.12260000221431255
9203,0.001100008375942707,0.12260000221431255
9204,0.001100008375942707,0.13109997962601483
9205,0.001100008375942707,0.12399998377077281
9206,0.001100008375942707,0.12280000373721123
9207,0.0010999792721122503,0.1230000052601099
9208,0.00100000761449337,0.1221999991685152
9209,0.0010999792721122503,0.12260000221431255
9210,0.001100008375942707,0.12280000373721123
9211,0.0009999785106629133,0.12290000449866056
9212,0.00100000761449337,0.1218999968841672
9213,0.0009999785106629133,0.12360000982880592
9214,0.00100000761449337,0.12409998453222215
9215,0.00100000761449337,0.12270000297576189
9216,0.0009999785106629133,0.12139999307692051
9217,0.00100000761449337,0.12229999992996454
9218,0.001100008375942707,0.1294999965466559
9219,0.0011999800335615873,0.1252999936696142
9220,0.001200009137392044,0.12280000373721123
9221,0.0010999792721122503,0.1218999968841672
9222,0.00100000761449337,0.12030001380480826
9223,0.00100000761449337,0.12169999536126852
9224,0.001100008375942707,0.12280000373721123
9225,0.0010999792721122503,0.1283000165130943
9226,0.0012999807950109243,0.13339999713934958
9227,0.001100008375942707,0.12330000754445791
9228,0.0010999792721122503,0.12159999459981918
9229,0.001100008375942707,0.1218999968841672
9230,0.00100000761449337,0.12359998072497547
9231,0.001200009137392044,0.1230000052601099
9232,0.0010999792721122503,0.13380000018514693
9233,0.00100000761449337,0.17809998826123774
9234,0.001500011421740055,0.1495999749749899
9235,0.001200009137392044,0.13780000153928995
9236,0.0011999800335615873,0.13570001465268433
9237,0.0010999792721122503,0.1345000055152923
9238,0.0010999792721122503,0.12280000373721123
9239,0.00100000761449337,0.12260000221431255
9240,0.0010999792721122503,0.12440001592040062
9241,0.0009999785106629133,0.12740000966005027
9242,0.001200009137392044,0.1289999927394092
9243,0.0009999785106629133,0.1221999991685152
9244,0.00100000761449337,0.12320000678300858
9245,0.0009999785106629133,0.12250000145286322
9246,0.001100008375942707,0.12340000830590725
9247,0.001200009137392044,0.13309999485500157
9248,0.001100008375942707,0.12280000373721123
9249,0.0009999785106629133,0.12290000449866056
9250,0.000900006853044033,0.12389998300932348
9251,0.000900006853044033,0.13259999104775488
9252,0.001200009137392044,0.12969999806955457
9253,0.0009999785106629133,0.12120002065785229
9254,0.001100008375942707,0.12240000069141388
9255,0.00100000761449337,0.12209999840706587
9256,0.0009999785106629133,0.12420001439750195
9257,0.0010999792721122503,0.12340000830590725
9258,0.00100000761449337,0.12169999536126852
9259,0.0009999785106629133,0.12350000906735659
9260,0.00100000761449337,0.12229999992996454
9261,0.0009999785106629133,0.12330000754445791
9262,0.00100000761449337,0.1289999927394092
9263,0.0012999807950109243,0.12430001515895128
9264,0.0009999785106629133,0.1204000145662576
9265,0.0010999792721122503,0.12140002218075097
9266,0.0009999785106629133,0.12090001837350428
9267,0.0009999785106629133,0.12090001837350428
9268,0.00100000761449337,0.12149999383836985
9269,0.00100000761449337,0.1221999991685152
9270,0.001200009137392044,0.12279997463338077
9271,0.001100008375942707,0.12159999459981918
9272,0.001100008375942707,0.12389998300932348
9273,0.001100008375942707,0.12379998224787414
9274,0.00100000761449337,0.12079998850822449
9275,0.001100008375942707,0.1218999968841672
9276,0.00100000761449337,0.12169999536126852
9277,0.0010999792721122503,0.12060001608915627
9278,0.0009999785106629133,0.12250000145286322
9279,0.001100008375942707,0.13040000339969993
9280,0.0010999792721122503,0.13830000534653664
9281,0.001200009137392044,0.1396999869029969
9282,0.001200009137392044,0.13479997869580984
9283,0.00100000761449337,0.12250000145286322
9284,0.0011999800335615873,0.12320000678300858
9285,0.001100008375942707,0.12209999840706587
9286,0.0010999792721122503,0.12260000221431255
9287,0.00100000761449337,0.12209999840706587
9288,0.001100008375942707,0.1202999847009778
9289,0.001100008375942707,0.12209999840706587
9290,0.00100000761449337,0.12310000602155924
9291,0.00100000761449337,0.12139999307692051
9292,0.0009999785106629133,0.1280000142287463
9293,0.0011999800335615873,0.12440001592040062
9294,0.0009999785106629133,0.12260000221431255
9295,0.00100000761449337,0.12290000449866056
9296,0.0010999792721122503,0.1238000113517046
9297,0.00100000761449337,0.12360000982880592
9298,0.00100000761449337,0.1230000052601099
9299,0.001100008375942707,0.12159999459981918
9300,0.00100000761449337,0.12240000069141388
9301,0.0010999792721122503,0.12130002141930163
9302,0.0009999785106629133,0.12350000906735659
9303,0.00100000761449337,0.12319997767917812
9304,0.001100008375942707,0.12290000449866056
9305,0.0010999792721122503,0.12400001287460327
9306,0.0009999785106629133,0.13010000111535192
9307,0.001100008375942707,0.12499999138526618
9308,0.001100008375942707,0.12320000678300858
9309,0.001300009898841381,0.12330000754445791
9310,0.0009999785106629133,0.12290000449866056
9311,0.00100000761449337,0.12199999764561653
9312,0.00100000761449337,0.12260000221431255
9313,0.00100000761449337,0.12179999612271786
9314,0.000900006853044033,0.12250000145286322
9315,0.0009999785106629133,0.12320000678300858
9316,0.000900006853044033,0.12209999840706587
9317,0.0009999785106629133,0.12350000906735659
9318,0.001100008375942707,0.12330000754445791
9319,0.001100008375942707,0.12280000373721123
9320,0.0009999785106629133,0.12240000069141388
9321,0.00100000761449337,0.12149999383836985
9322,0.00100000761449337,0.13329999637790024
9323,0.0011999800335615873,0.1255999959539622
9324,0.00100000761449337,0.12089998926967382
9325,0.00100000761449337,0.12320000678300858
9326,0.0009999785106629133,0.12209999840706587
9327,0.001100008375942707,0.1218999968841672
9328,0.00100000761449337,0.13569998554885387
9329,0.001200009137392044,0.1364000199828297
9330,0.0011999800335615873,0.13920001219958067
9331,0.0011999800335615873,0.1343000039923936
9332,0.001200009137392044,0.13229998876340687
9333,0.001100008375942707,0.12650000280700624
9334,0.0009999785106629133,0.12360000982880592
9335,0.0009999785106629133,0.12190002598799765
9336,0.001100008375942707,0.12080001761205494
9337,0.00100000761449337,0.13910001143813133
9338,0.0013999815564602613,0.1660000125411898
9339,0.0013999815564602613,0.1331999956164509
9340,0.001100008375942707,0.13359999866224825
9341,0.0010999792721122503,0.14260000898502767
9342,0.0010999792721122503,0.12180002522654831
9343,0.001100008375942707,0.12030001380480826
9344,0.0009999785106629133,0.12199999764561653
9345,0.001100008375942707,0.12290000449866056
9346,0.0009999785106629133,0.12229999992996454
9347,0.001100008375942707,0.1210999907925725
9348,0.00100000761449337,0.12379998224787414
9349,0.00100000761449337,0.12099999003112316
9350,0.00100000761449337,0.12119999155402184
9351,0.00100000761449337,0.12169999536126852
9352,0.00100000761449337,0.15850001364015043
9353,0.001300009898841381,0.15780000831000507
9354,0.001200009137392044,0.12909999350085855
9355,0.001100008375942707,0.12390001211315393
9356,0.00100000761449337,0.12309997691772878
9357,0.001100008375942707,0.12330000754445791
9358,0.0009999785106629133,0.12209999840706587
9359,0.001200009137392044,0.12459998833946884
9360,0.001100008375942707,0.12330000754445791
9361,0.001200009137392044,0.12350000906735659
9362,0.0010999792721122503,0.12160002370364964
9363,0.00100000761449337,0.12209999840706587
9364,0.00100000761449337,0.12240000069141388
9365,0.0009999785106629133,0.12320000678300858
9366,0.00100000761449337,0.12699997751042247
9367,0.001200009137392044,0.12630000128410757
9368,0.0010999792721122503,0.12210002751089633
9369,0.001100008375942707,0.12320000678300858
9370,0.0009999785106629133,0.12510002125054598
9371,0.0010999792721122503,0.12209999840706587
9372,0.00100000761449337,0.12479998986236751
9373,0.00100000761449337,0.1218999968841672
9374,0.0010999792721122503,0.12340000830590725
9375,0.001100008375942707,0.12889999197795987
9376,0.001200009137392044,0.22040001931600273
9377,0.002700020559132099,0.23449998116120696
9378,0.001600012183189392,0.15169999096542597
9379,0.001300009898841381,0.132500019390136
9380,0.0011999800335615873,0.128800020320341
9381,0.0010999792721122503,0.13580001541413367
9382,0.001100008375942707,0.12420001439750195
9383,0.0009999785106629133,0.12100001913495362
9384,0.00100000761449337,0.12110001989640296
9385,0.00100000761449337,0.12129999231547117
9386,0.001100008375942707,0.12079998850822449
9387,0.001100008375942707,0.12240000069141388
9388,0.0010999792721122503,0.12140002218075097
9389,0.0009999785106629133,0.12670000432990491
9390,0.001200009137392044,0.12359998072497547
9391,0.00100000761449337,0.12049998622387648
9392,0.00100000761449337,0.12079998850822449
9393,0.001100008375942707,0.12079998850822449
9394,0.00100000761449337,0.11930000619031489
9395,0.0010999792721122503,0.11940000695176423
9396,0.001100008375942707,0.11979998089373112
9397,0.00100000761449337,0.12599999899975955
9398,0.0011999800335615873,0.12320000678300858
9399,0.001100008375942707,0.12149999383836985
9400,0.0009999785106629133,0.11950000771321356
9401,0.00100000761449337,0.12099999003112316
9402,0.001100008375942707,0.11829999857582152
9403,0.0010999792721122503,0.1196000084746629
9404,0.00100000761449337,0.1191999763250351
9405,0.00100000761449337,0.1188000023830682
9406,0.0009999785106629133,0.12569999671541154
9407,0.001100008375942707,0.12190002598799765
9408,0.001100008375942707,0.1210999907925725
9409,0.00100000761449337,0.1196000084746629
9410,0.0009999785106629133,0.11829999857582152
9411,0.00100000761449337,0.11920000542886555
9412,0.0010999792721122503,0.12030001380480826
9413,0.0009999785106629133,0.11930000619031489
9414,0.001100008375942707,0.12579999747686088
9415,0.0010999792721122503,0.12120002065785229
9416,0.0009999785106629133,0.11970000923611224
9417,0.00100000761449337,0.11729999096132815
9418,0.0009999785106629133,0.11720001930370927
9419,0.0008999777492135763,0.11890000314451754
9420,0.00100000761449337,0.11789999553002417
9421,0.00100000761449337,0.12119999155402184
9422,0.0009999785106629133,0.19940000493079424
9423,0.001800013706088066,0.1818000164348632
9424,0.0017999846022576094,0.14019999071024358
9425,0.001100008375942707,0.12209999840706587
9426,0.00100000761449337,0.12089998926967382
9427,0.00100000761449337,0.12599999899975955
9428,0.00100000761449337,0.11890000314451754
9429,0.00100000761449337,0.12469998910091817
9430,0.001100008375942707,0.1230000052601099
9431,0.001100008375942707,0.12149999383836985
9432,0.000900006853044033,0.1191999763250351
9433,0.00100000761449337,0.1196000084746629
9434,0.0011999800335615873,0.12070001685060561
9435,0.0009999785106629133,0.11940000695176423
9436,0.00100000761449337,0.1202999847009778
9437,0.001100008375942707,0.11930000619031489
9438,0.005400012014433742,0.12499999138526618
9439,0.00100000761449337,0.1196000084746629
9440,0.00100000761449337,0.1269000058528036
9441,0.00100000761449337,0.11979998089373112
9442,0.00100000761449337,0.12049998622387648
9443,0.000900006853044033,0.1176999940071255
9444,0.00100000761449337,0.1191999763250351
9445,0.00100000761449337,0.11990001075901091
9446,0.0010999792721122503,0.26610001805238426
9447,0.001900014467537403,0.15780000831000507
9448,0.001300009898841381,0.13940001372247934
9449,0.001200009137392044,0.12730000889860094
9450,0.0009999785106629133,0.12569999671541154
9451,0.001100008375942707,0.12059998698532581
9452,0.00100000761449337,0.13010000111535192
9453,0.001100008375942707,0.12330000754445791
9454,0.00100000761449337,0.12079998850822449
9455,0.00100000761449337,0.12079998850822449
9456,0.00100000761449337,0.11969998013228178
9457,0.00100000761449337,0.11950000771321356
9458,0.0009999785106629133,0.12110001989640296
9459,0.0010999792721122503,0.12100001913495362
9460,0.001100008375942707,0.12939999578520656
9461,0.001200009137392044,0.12199999764561653
9462,0.0009999785106629133,0.12080001761205494
9463,0.0010999792721122503,0.11950000771321356
9464,0.001100008375942707,0.12009998317807913
9465,0.000900006853044033,0.12059998698532581
9466,0.001100008375942707,0.11970000923611224
9467,0.00100000761449337,0.11829999857582152
9468,0.00100000761449337,0.21589998505078256
9469,0.005799985956400633,0.2558999985922128
9470,0.0016999838408082724,0.15170002006925642
9471,0.0010999792721122503,0.1398000167682767
9472,0.001300009898841381,0.12929999502375722
9473,0.001300009898841381,0.12779998360201716
9474,0.00100000761449337,0.12670000432990491
9475,0.0009999785106629133,0.12550002429634333
9476,0.001100008375942707,0.12340000830590725
9477,0.0010999792721122503,0.12470001820474863
9478,0.0010999792721122503,0.12549999519251287
9479,0.001100008375942707,0.1238000113517046
9480,0.00100000761449337,0.3640000068116933
9481,0.0021999876480549574,0.18900001305155456
9482,0.001500011421740055,0.1407999952789396
9483,0.001100008375942707,0.12829998740926385
9484,0.001200009137392044,0.12859998969361186
9485,0.001100008375942707,0.12080001761205494
9486,0.001100008375942707,0.12290000449866056
9487,0.001100008375942707,0.12129999231547117
9488,0.00100000761449337,0.12049998622387648
9489,0.00100000761449337,0.1269000058528036
9490,0.001100008375942707,0.12149999383836985
9491,0.00100000761449337,0.12119999155402184
9492,0.000900006853044033,0.12079998850822449
9493,0.000900006853044033,0.12389998300932348
9494,0.001100008375942707,0.1221999991685152
9495,0.00100000761449337,0.11999998241662979
9496,0.00100000761449337,0.12129999231547117
9497,0.001100008375942707,0.12770001194439828
9498,0.001100008375942707,0.12299997615627944
9499,0.001100008375942707,0.11930000619031489
9500,0.0009999785106629133,0.12160002370364964
9501,0.00100000761449337,0.12080001761205494
9502,0.00100000761449337,0.11950000771321356
9503,0.0009999785106629133,0.11990001075901091
9504,0.00100000761449337,0.11969998013228178
9505,0.00100000761449337,0.12439998681657016
9506,0.001100008375942707,0.12270000297576189
9507,0.0009999785106629133,0.11890000314451754
9508,0.00100000761449337,0.11910000466741621
9509,0.0009999785106629133,0.11950000771321356
9510,0.00100000761449337,0.12009998317807913
9511,0.001100008375942707,0.11829999857582152
9512,0.0009999785106629133,0.1638999965507537
9513,0.0047000066842883825,0.29529997846111655
9514,0.0029999937396496534,0.16650001634843647
9515,0.001400010660290718,0.149200001033023
9516,0.0013999815564602613,0.1379000023007393
9517,0.001200009137392044,0.1286999904550612
9518,0.00100000761449337,0.12419998529367149
9519,0.00100000761449337,0.12339997920207679
9520,0.00100000761449337,0.12280000373721123
9521,0.001100008375942707,0.12169999536126852
9522,0.0010999792721122503,0.12350000906735659
9523,0.001100008375942707,0.1370000245515257
9524,0.001300009898841381,0.1289999927394092
9525,0.001100008375942707,0.12270000297576189
9526,0.0009999785106629133,0.12030001380480826
9527,0.001100008375942707,0.12100001913495362
9528,0.0009999785106629133,0.12000001152046025
9529,0.00100000761449337,0.11969998013228178
9530,0.001100008375942707,0.12059998698532581
9531,0.001100008375942707,0.1221999991685152
9532,0.0010999792721122503,0.12110001989640296
9533,0.0009999785106629133,0.11920000542886555
9534,0.00100000761449337,0.12049998622387648
9535,0.00100000761449337,0.12149999383836985
9536,0.00100000761449337,0.12119999155402184
9537,0.0009999785106629133,0.1196000084746629
9538,0.001100008375942707,0.12129999231547117
9539,0.00100000761449337,0.12669997522607446
9540,0.00100000761449337,0.12350000906735659
9541,0.00100000761449337,0.12030001380480826
9542,0.0010999792721122503,0.11930000619031489
9543,0.001100008375942707,0.11839999933727086
9544,0.001100008375942707,0.12010001228190958
9545,0.0009999785106629133,0.11910000466741621
9546,0.001100008375942707,0.12139999307692051
9547,0.00100000761449337,0.1191999763250351
9548,0.001100008375942707,0.11970000923611224
9549,0.001100008375942707,0.11890000314451754
9550,0.001100008375942707,0.12019998393952847
9551,0.00100000761449337,0.1210999907925725
9552,0.001100008375942707,0.11870000162161887
9553,0.00100000761449337,0.11920000542886555
9554,0.00100000761449337,0.12119999155402184
9555,0.00100000761449337,0.11850000009872019
9556,0.00100000761449337,0.12650000280700624
9557,0.001100008375942707,0.12110001989640296
9558,0.0009999785106629133,0.11900000390596688
9559,0.001200009137392044,0.12809998588636518
9560,0.001100008375942707,0.24269998539239168
9561,0.0026999914553016424,0.16729999333620071
9562,0.001400010660290718,0.15109998639672995
9563,0.001200009137392044,0.13749999925494194
9564,0.0025999906938523054,0.1294999965466559
9565,0.001100008375942707,0.12670000432990491
9566,0.001100008375942707,0.1309000072069466
9567,0.0011999800335615873,0.12860001879744232
9568,0.0010999792721122503,0.12710000737570226
9569,0.001100008375942707,0.1255999959539622
9570,0.0011999800335615873,0.12760001118294895
9571,0.0010999792721122503,0.34630001755431294
9572,0.002300017513334751,0.2125999890267849
9573,0.001500011421740055,0.13800000306218863
9574,0.001200009137392044,0.1275000104214996
9575,0.00100000761449337,0.12199999764561653
9576,0.00100000761449337,0.12089998926967382
9577,0.00100000761449337,0.11950000771321356
9578,0.00100000761449337,0.12000001152046025
9579,0.0009999785106629133,0.12680000509135425
9580,0.00100000761449337,0.12280000373721123
9581,0.001200009137392044,0.12169999536126852
9582,0.00100000761449337,0.12199999764561653
9583,0.00100000761449337,0.12239997158758342
9584,0.001100008375942707,0.12059998698532581
9585,0.00100000761449337,0.11980000999756157
9586,0.0010999792721122503,0.12030001380480826
9587,0.0010999792721122503,0.1269000058528036
9588,0.00100000761449337,0.12209999840706587
9589,0.0009999785106629133,0.12060001608915627
9590,0.0009999785106629133,0.12030001380480826
9591,0.00100000761449337,0.11930000619031489
9592,0.001100008375942707,0.11980000999756157
9593,0.001100008375942707,0.12050001532770693
9594,0.00100000761449337,0.12070001685060561
9595,0.00100000761449337,0.12430001515895128
9596,0.001100008375942707,0.1221999991685152
9597,0.00100000761449337,0.11989998165518045
9598,0.00100000761449337,0.11940000695176423
9599,0.0010999792721122503,0.1196000084746629
9600,0.001100008375942707,0.11850000009872019
9601,0.00100000761449337,0.12010001228190958
9602,0.0011999800335615873,0.11940000695176423
9603,0.00100000761449337,0.1320999872405082
9604,0.001200009137392044,0.13279999257065356
9605,0.0010999792721122503,0.25290000485256314
9606,0.0021999876480549574,0.15619999612681568
9607,0.001300009898841381,0.15159999020397663
9608,0.001300009898841381,0.13449997641146183
9609,0.001300009898841381,0.12539999443106353
9610,0.001200009137392044,0.1270999782718718
9611,0.00100000761449337,0.12229999992996454
9612,0.000900006853044033,0.12329997844062746
9613,0.00100000761449337,0.1202999847009778
9614,0.00100000761449337,0.12000001152046025
9615,0.0011999800335615873,0.12100001913495362
9616,0.001100008375942707,0.11970000923611224
9617,0.0009999785106629133,0.13070000568404794
9618,0.001100008375942707,0.12250000145286322
9619,0.0010999792721122503,0.12159999459981918
9620,0.001100008375942707,0.12240000069141388
9621,0.00100000761449337,0.11959997937083244
9622,0.00100000761449337,0.11999998241662979
9623,0.00100000761449337,0.11900000390596688
9624,0.0009999785106629133,0.11980000999756157
9625,0.00100000761449337,0.12139999307692051
9626,0.0010999792721122503,0.12030001380480826
9627,0.00100000761449337,0.11860000086016953
9628,0.00100000761449337,0.12079998850822449
9629,0.00100000761449337,0.12089998926967382
9630,0.00100000761449337,0.12039998546242714
9631,0.00100000761449337,0.1210999907925725
9632,0.00100000761449337,0.11950000771321356
9633,0.0009999785106629133,0.12770001194439828
9634,0.0010999792721122503,0.12180002522654831
9635,0.00100000761449337,0.12050001532770693
9636,0.00100000761449337,0.11980000999756157
9637,0.0008999777492135763,0.12080001761205494
9638,0.0010999792721122503,0.12120002065785229
9639,0.0009999785106629133,0.11980000999756157
9640,0.0009999785106629133,0.12050001532770693
9641,0.001100008375942707,0.12120002065785229
9642,0.0009999785106629133,0.12080001761205494
9643,0.0009999785106629133,0.12020001304335892
9644,0.0009999785106629133,0.12110001989640296
9645,0.0010999792721122503,0.12080001761205494
9646,0.0010999792721122503,0.11940000695176423
9647,0.001100008375942707,0.11999998241662979
9648,0.001100008375942707,0.12049998622387648
9649,0.00100000761449337,0.1202999847009778
9650,0.001200009137392044,0.1278999843634665
9651,0.001100008375942707,0.12959999730810523
9652,0.001200009137392044,0.16820000018924475
9653,0.001400010660290718,0.14379998901858926
9654,0.001100008375942707,0.12270000297576189
9655,0.0009999785106629133,0.12050001532770693
9656,0.00100000761449337,0.12129999231547117
9657,0.0009999785106629133,0.12080001761205494
9658,0.0009999785106629133,0.12229999992996454
9659,0.00100000761449337,0.12069998774677515
9660,0.001100008375942707,0.1202999847009778
9661,0.00100000761449337,0.12079998850822449
9662,0.00100000761449337,0.12009998317807913
9663,0.00100000761449337,0.12049998622387648
9664,0.001100008375942707,0.12379998224787414
9665,0.00100000761449337,0.1289999927394092
9666,0.001200009137392044,0.1244999875780195
9667,0.001100008375942707,0.12359998072497547
9668,0.001100008375942707,0.12260000221431255
9669,0.00100000761449337,0.12330000754445791
9670,0.001100008375942707,0.12290000449866056
9671,0.0009999785106629133,0.12320000678300858
9672,0.00100000761449337,0.12159999459981918
9673,0.0010999792721122503,0.12100001913495362
9674,0.0010999792721122503,0.12350000906735659
9675,0.00100000761449337,0.12240000069141388
9676,0.001100008375942707,0.1264000020455569
9677,0.0011999800335615873,0.13320002472028136
9678,0.001100008375942707,0.13190001482143998
9679,0.0009999785106629133,0.12860001879744232
9680,0.001200009137392044,0.1340000017080456
9681,0.001200009137392044,0.14930000179447234
9682,0.001300009898841381,0.1297999988310039
9683,0.00100000761449337,0.12139999307692051
9684,0.0010999792721122503,0.12200002674944699
9685,0.001100008375942707,0.12050001532770693
9686,0.00100000761449337,0.12350000906735659
9687,0.0011999800335615873,0.12229999992996454
9688,0.00100000761449337,0.12479998986236751
9689,0.00100000761449337,0.12270000297576189
9690,0.0009999785106629133,0.12179999612271786
9691,0.00100000761449337,0.16110000433400273
9692,0.0010999792721122503,0.1317000132985413
9693,0.001100008375942707,0.12179999612271786
9694,0.0009999785106629133,0.12280000373721123
9695,0.001100008375942707,0.12270000297576189
9696,0.001100008375942707,0.15860001440159976
9697,0.001300009898841381,0.1348000077996403
9698,0.0011999800335615873,0.13770000077784061
9699,0.001100008375942707,0.13689999468624592
9700,0.00100000761449337,0.13009997201152146
9701,0.00100000761449337,0.12260000221431255
9702,0.001100008375942707,0.12199999764561653
9703,0.0010999792721122503,0.12330000754445791
9704,0.001100008375942707,0.1244999875780195
9705,0.00100000761449337,0.12479998986236751
9706,0.0010999792721122503,0.1221999991685152
9707,0.001100008375942707,0.12959999730810523
9708,0.00100000761449337,0.12079998850822449
9709,0.00100000761449337,0.12359998072497547
9710,0.001100008375942707,0.1317999849561602
9711,0.001100008375942707,0.12459998833946884
9712,0.001100008375942707,0.12469998910091817
9713,0.00100000761449337,0.12159999459981918
9714,0.00100000761449337,0.1221999991685152
9715,0.001100008375942707,0.12159999459981918
9716,0.001100008375942707,0.12250000145286322
9717,0.0010999792721122503,0.12240000069141388
9718,0.00100000761449337,0.12229999992996454
9719,0.001100008375942707,0.12339997920207679
9720,0.001100008375942707,0.12089998926967382
9721,0.00100000761449337,0.12229999992996454
9722,0.0010999792721122503,0.12260000221431255
9723,0.00100000761449337,0.12039998546242714
9724,0.001100008375942707,0.12270000297576189
9725,0.0010999792721122503,0.12170002446509898
9726,0.001100008375942707,0.1306000049225986
9727,0.001100008375942707,0.12339997920207679
9728,0.001100008375942707,0.12260000221431255
9729,0.0010999792721122503,0.12310000602155924
9730,0.001100008375942707,0.12329997844062746
9731,0.001100008375942707,0.1218999968841672
9732,0.00100000761449337,0.12240000069141388
9733,0.0009999785106629133,0.12110001989640296
9734,0.00100000761449337,0.12280000373721123
9735,0.00100000761449337,0.12019998393952847
9736,0.00100000761449337,0.12079998850822449
9737,0.00100000761449337,0.12329997844062746
9738,0.00100000761449337,0.12229999992996454
9739,0.001100008375942707,0.1225999731104821
9740,0.001100008375942707,0.12939999578520656
9741,0.001100008375942707,0.12260000221431255
9742,0.0009999785106629133,0.12280000373721123
9743,0.00100000761449337,0.12149999383836985
9744,0.00100000761449337,0.15630002599209547
9745,0.001400010660290718,0.14879999798722565
9746,0.001300009898841381,0.14110002666711807
9747,0.001200009137392044,0.13699999544769526
9748,0.001200009137392044,0.1294999965466559
9749,0.0010999792721122503,0.12330000754445791
9750,0.001100008375942707,0.12429998605512083
9751,0.00100000761449337,0.12250000145286322
9752,0.0010999792721122503,0.12229999992996454
9753,0.00100000761449337,0.1230000052601099
9754,0.0008999777492135763,0.1238000113517046
9755,0.00100000761449337,0.13069997658021748
9756,0.001100008375942707,0.1236999814864248
9757,0.00100000761449337,0.1230000052601099
9758,0.0010999792721122503,0.12530002277344465
9759,0.0012999807950109243,0.12400001287460327
9760,0.0009999785106629133,0.12330000754445791
9761,0.00100000761449337,0.12099999003112316
9762,0.00100000761449337,0.12440001592040062
9763,0.0011999800335615873,0.12140002218075097
9764,0.0010999792721122503,0.12240000069141388
9765,0.00100000761449337,0.12119999155402184
9766,0.001100008375942707,0.12129999231547117
9767,0.00100000761449337,0.12280000373721123
9768,0.001100008375942707,0.12069998774677515
9769,0.00100000761449337,0.1230000052601099
9770,0.0010999792721122503,0.12209999840706587
9771,0.00100000761449337,0.13080000644549727
9772,0.0010999792721122503,0.12440001592040062
9773,0.0010999792721122503,0.12260000221431255
9774,0.001100008375942707,0.12270000297576189
9775,0.0009999785106629133,0.12100001913495362
9776,0.001100008375942707,0.12159999459981918
9777,0.001100008375942707,0.12039998546242714
9778,0.001100008375942707,0.12199999764561653
9779,0.001100008375942707,0.12139999307692051
9780,0.0009999785106629133,0.12320000678300858
9781,0.001100008375942707,0.12169999536126852
9782,0.0010999792721122503,0.1221999991685152
9783,0.001100008375942707,0.12119999155402184
9784,0.001100008375942707,0.12330000754445791
9785,0.0010999792721122503,0.12820001575164497
9786,0.0010999792721122503,0.12240000069141388
9787,0.00100000761449337,0.12310000602155924
9788,0.00100000761449337,0.12290000449866056
9789,0.001100008375942707,0.1221999991685152
9790,0.00100000761449337,0.12360000982880592
9791,0.0010999792721122503,0.12140002218075097
9792,0.00100000761449337,0.15159999020397663
9793,0.001300009898841381,0.16219998360611498
9794,0.001400010660290718,0.16140000661835074
9795,0.001200009137392044,0.14150000060908496
9796,0.001200009137392044,0.13760000001639128
9797,0.001100008375942707,0.13070000568404794
9798,0.0009999785106629133,0.13520001084543765
9799,0.001200009137392044,0.12569999671541154
9800,0.0009999785106629133,0.12320000678300858
9801,0.001100008375942707,0.12260000221431255
9802,0.001100008375942707,0.12439998681657016
9803,0.00100000761449337,0.12240000069141388
9804,0.001100008375942707,0.12169999536126852
9805,0.0010999792721122503,0.12250000145286322
9806,0.001100008375942707,0.12229999992996454
9807,0.0009999785106629133,0.12250000145286322
9808,0.00100000761449337,0.12400001287460327
9809,0.001100008375942707,0.15820001135580242
9810,0.0012999807950109243,0.1474000164307654
9811,0.001200009137392044,0.14459999511018395
9812,0.001100008375942707,0.12290000449866056
9813,0.0011999800335615873,0.13130001025274396
9814,0.0010999792721122503,0.1306000049225986
9815,0.00100000761449337,0.12349997996352613
9816,0.001100008375942707,0.12250000145286322
9817,0.001100008375942707,0.12339997920207679
9818,0.001100008375942707,0.12270000297576189
9819,0.0010999792721122503,0.12280000373721123
9820,0.00100000761449337,0.12159999459981918
9821,0.001100008375942707,0.12350000906735659
9822,0.001100008375942707,0.12229999992996454
9823,0.0009999785106629133,0.1218999968841672
9824,0.001100008375942707,0.12209999840706587
9825,0.00100000761449337,0.12280000373721123
9826,0.001100008375942707,0.12280000373721123
9827,0.001100008375942707,0.13380000018514693
9828,0.001300009898841381,0.12829998740926385
9829,0.00100000761449337,0.12400001287460327
9830,0.00100000761449337,0.12340000830590725
9831,0.0009999785106629133,0.12390001211315393
9832,0.001100008375942707,0.12409998453222215
9833,0.00100000761449337,0.14289998216554523
9834,0.001200009137392044,0.16530000721104443
9835,0.001300009898841381,0.13679999392479658
9836,0.001100008375942707,0.13609998859465122
9837,0.001200009137392044,0.15279999934136868
9838,0.0012999807950109243,0.14720001490786672
9839,0.001400010660290718,0.1475999888498336
9840,0.001600012183189392,0.14600000577047467
9841,0.001300009898841381,0.14980000560171902
9842,0.0011999800335615873,0.14330001431517303
9843,0.0010999792721122503,0.15320000238716602
9844,0.001200009137392044,0.13479997869580984
9845,0.001100008375942707,0.1238000113517046
9846,0.0011999800335615873,0.12209999840706587
9847,0.001100008375942707,0.12240000069141388
9848,0.0009999785106629133,0.12250000145286322
9849,0.00100000761449337,0.12229999992996454
9850,0.0009999785106629133,0.12229999992996454
9851,0.00100000761449337,0.12179999612271786
9852,0.00100000761449337,0.12329997844062746
9853,0.00100000761449337,0.12290000449866056
9854,0.0009999785106629133,0.12850001803599298
9855,0.0012999807950109243,0.12670000432990491
9856,0.001100008375942707,0.1218999968841672
9857,0.0009999785106629133,0.1221999991685152
9858,0.00100000761449337,0.12340000830590725
9859,0.0009999785106629133,0.12280000373721123
9860,0.00100000761449337,0.12439998681657016
9861,0.001100008375942707,0.12359998072497547
9862,0.001100008375942707,0.12310000602155924
9863,0.0009999785106629133,0.13600001693703234
9864,0.001700012944638729,0.24769999436102808
9865,0.005799985956400633,0.26630001957528293
9866,0.003100023604929447,0.24140000459738076
9867,0.001400010660290718,0.15589999384246767
9868,0.0013999815564602613,0.14000001829117537
9869,0.0012999807950109243,0.13970001600682735
9870,0.001200009137392044,0.1272000081371516
9871,0.0010999792721122503,0.12280000373721123
9872,0.001200009137392044,0.12270000297576189
9873,0.0010999792721122503,0.12100001913495362
9874,0.0010999792721122503,0.12169999536126852
9875,0.001100008375942707,0.12069998774677515
9876,0.001100008375942707,0.1202999847009778
9877,0.001100008375942707,0.14600000577047467
9878,0.0013999815564602613,0.13280002167448401
9879,0.001100008375942707,0.12320000678300858
9880,0.0009999785106629133,0.12090001837350428
9881,0.0010999792721122503,0.12170002446509898
9882,0.001100008375942707,0.15040001017041504
9883,0.0011999800335615873,0.1401000190526247
9884,0.001200009137392044,0.142400007462129
9885,0.0011999800335615873,0.13150001177564263
9886,0.0009999785106629133,0.13190001482143998
9887,0.00100000761449337,0.12389998300932348
9888,0.00100000761449337,0.12069998774677515
9889,0.00100000761449337,0.12069998774677515
9890,0.00100000761449337,0.1194999786093831
9891,0.00100000761449337,0.1700999855529517
9892,0.0045000051613897085,0.3102000046055764
9893,0.005500012775883079,0.27379998937249184
9894,0.001600012183189392,0.1601999974809587
9895,0.0011999800335615873,0.13470000703819096
9896,0.0010999792721122503,0.12950002565048635
9897,0.001100008375942707,0.1275000104214996
9898,0.0010999792721122503,0.12740000966005027
9899,0.001200009137392044,0.13110000872984529
9900,0.001100008375942707,0.1278999843634665
9901,0.00100000761449337,0.12539999443106353
9902,0.001100008375942707,0.12569999671541154
9903,0.0011999800335615873,0.12909999350085855
9904,0.00100000761449337,0.32729998929426074
9905,0.001800013706088066,0.15729997539892793
9906,0.001200009137392044,0.14039999223314226
9907,0.00100000761449337,0.13410000246949494
9908,0.001200009137392044,0.13760000001639128
9909,0.001100008375942707,0.1267999759875238
9910,0.00100000761449337,0.12929999502375722
9911,0.001100008375942707,0.12279997463338077
9912,0.001100008375942707,0.12209999840706587
9913,0.00100000761449337,0.1210999907925725
9914,0.00100000761449337,0.12079998850822449
9915,0.001100008375942707,0.12319997767917812
9916,0.001100008375942707,0.1221999991685152
9917,0.0010999792721122503,0.1776000135578215
9918,0.0016999838408082724,0.14410002040676773
9919,0.0010999792721122503,0.14519999967887998
9920,0.001300009898841381,0.1354999840259552
9921,0.00100000761449337,0.1272000081371516
9922,0.010799994925037026,0.1294999965466559
9923,0.001200009137392044,0.13040000339969993
9924,0.0010999792721122503,0.1297999988310039
9925,0.001100008375942707,0.14519999967887998
9926,0.0011999800335615873,0.12450001668184996
9927,0.0010999792721122503,0.1204000145662576
9928,0.001100008375942707,0.12170002446509898
9929,0.0010999792721122503,0.12080001761205494
9930,0.00100000761449337,0.12199999764561653
9931,0.00100000761449337,0.12019998393952847
9932,0.000900006853044033,0.12499999138526618
9933,0.001200009137392044,0.1244999875780195
9934,0.001100008375942707,0.12339997920207679
9935,0.001100008375942707,0.12060001608915627
9936,0.00100000761449337,0.12000001152046025
9937,0.0009999785106629133,0.11950000771321356
9938,0.001100008375942707,0.11979998089373112
9939,0.00100000761449337,0.11999998241662979
9940,0.001100008375942707,0.12039998546242714
9941,0.00100000761449337,0.1297999988310039
9942,0.001100008375942707,0.11979998089373112
9943,0.001100008375942707,0.11850000009872019
9944,0.0010999792721122503,0.11990001075901091
9945,0.00100000761449337,0.11989998165518045
9946,0.000900006853044033,0.12099999003112316
9947,0.00100000761449337,0.11979998089373112
9948,0.001100008375942707,0.12119999155402184
9949,0.000900006853044033,0.12740000966005027
9950,0.001100008375942707,0.12330000754445791
9951,0.0009999785106629133,0.1215000229422003
9952,0.001100008375942707,0.12070001685060561
9953,0.001100008375942707,0.11940000695176423
9954,0.000900006853044033,0.1269000058528036
9955,0.001100008375942707,0.12069998774677515
9956,0.00100000761449337,0.12039998546242714
9957,0.00100000761449337,0.12670000432990491
9958,0.0009999785106629133,0.12199999764561653
9959,0.00100000761449337,0.1202999847009778
9960,0.001100008375942707,0.11990001075901091
9961,0.0009999785106629133,0.11910000466741621
9962,0.001100008375942707,0.12069998774677515
9963,0.001100008375942707,0.1194999786093831
9964,0.001100008375942707,0.12129999231547117
9965,0.001100008375942707,0.13699999544769526
9966,0.001400010660290718,0.1385000068694353
9967,0.001300009898841381,0.13329999637790024
9968,0.0010999792721122503,0.12890002108179033
9969,0.0010999792721122503,0.1221999991685152
9970,0.001100008375942707,0.12009998317807913
9971,0.001100008375942707,0.12959999730810523
9972,0.001200009137392044,0.15189999248832464
9973,0.0013999815564602613,0.1345000055152923
9974,0.001100008375942707,0.12779998360201716
9975,0.00100000761449337,0.12119999155402184
9976,0.001100008375942707,0.12319997767917812
9977,0.001100008375942707,0.12129999231547117
9978,0.001100008375942707,0.12270000297576189
9979,0.001100008375942707,0.12099999003112316
9980,0.001100008375942707,0.12730000889860094
9981,0.0011999800335615873,0.12539999443106353
9982,0.00100000761449337,0.12290000449866056
9983,0.0010999792721122503,0.12140002218075097
9984,0.0010999792721122503,0.12340000830590725
9985,0.001100008375942707,0.12220002827234566
9986,0.00100000761449337,0.12360000982880592
9987,0.0009999785106629133,0.12280000373721123
9988,0.00100000761449337,0.1306000049225986
9989,0.001100008375942707,0.12450001668184996
9990,0.00100000761449337,0.12159999459981918
9991,0.00100000761449337,0.12179999612271786
9992,0.00100000761449337,0.12289997539483011
9993,0.001100008375942707,0.12199999764561653
9994,0.001100008375942707,0.12149999383836985
9995,0.0010999792721122503,0.12210002751089633
9996,0.001100008375942707,0.12770001194439828
9997,0.0010999792721122503,0.12440001592040062
9998,0.0010999792721122503,0.12280000373721123
9999,0.00100000761449337,0.12169999536126852
